area/volume,h_range_max_koe,Tc,temperature_k,sat_em_g,coer_oe,mr (emu/g),exc_bias_oe,exc_dir,ver_shift_emu_g,ver_s_dir,fc_field_t,sphericity,max/min,core_b,core_alpha,core_beta,core_gamma,shell_b,shell_alpha,shell_beta,shell_gamma,num_of_magn_ions,Tn-Tb/Tn,Aex,core_c/a,core_pauling_electronegativity,shell_pauling_electronegativity,core_sum_vec,core_sum_work_function,shell_sum_vec,shell_sum_work_function,core_pauling_electronegativity_difference,core_vec_difference,core_work_function_difference,shell_pauling_electronegativity_difference,shell_vec_difference,shell_work_function_difference,has_shell,shell_is_gs,core_magmom,shell_magmom,magmom_diff,magmom_product,core_mag_fraction,shell_mag_fraction,core_mag_density,shell_mag_density,ofm_distance,ofm_dot,ofm_cosine,core_d_occ,shell_d_occ,core_f_occ,shell_f_occ,d_occ_diff,f_occ_diff,magmom_ratio,magmom_norm_diff,magmom_ofm,magmom_dist,d_occ_product,f_occ_product,d_ofm,f_ofm,gs_mag,gs_ofm,core_shell_density,vec_interaction,wf_interaction,en_interaction,magnetic_similarity,magmom_mean,magmom_distance,d_occ_similarity,f_occ_similarity,exchange_compatibility,magnetic_imbalance,orbital_exchange,spin_exchange,gs_exchange,density_product,density_difference
0.405405,50.0,793.0,5.0,51.8758,27800.0,29.1666,1132.0,0.0,0.0,1.0,5.0,1.0,1.0,3.274224,60.0,60.0,60.0,5.932914,120.4948,120.2024,89.39748,0.444444,0.206349,50.12293,1.0,172.0,275.7143,300.0,0.0,700.0,205.7143,7.071068,7.071068,0.0,2.860376,1.707469,11.55577,1,0,1.4142135623730951,3.569235830903556,2.1550222685304607,5.047661719371812,0.5,0.4285714285714285,0.7071067811865476,1.5296724989586663,0.5976143046671968,1.2857142857142856,0.87831006565368,0.5,0.4285714285714285,0.0,0.0,0.0714285714285714,0.0,0.3962230671804207,0.8648717343409409,4.433412096139023,3.0165548486176124,0.21428571428571425,0.0,0.042686736047656895,0.0,0.0,0.0,1.081641797008245,210000.0,0.0,47422.859599999996,0.9500168777440761,2.4917246966383257,0.6142496232327886,0.9285714285714285,1.0,4.932313435950366,0.15393016203788998,0.18820929978293138,1.0816417970082453,0.0,1.081641797008245,0.8225657177721187
0.428571,50.0,843.0,5.0,59.734,7800.0,38.81,406.0,0.0,0.0,1.0,5.0,1.0,1.0,3.011828,107.295,89.50258,120.0378,5.932914,120.4948,120.2024,89.39748,0.444444,0.05802,53.28326,1.757954,266.0,275.7143,750.0,250.0,700.0,205.7143,2.932331,2.0,10.0,2.860376,1.707469,11.55577,1,0,3.350705235476804,3.569235830903556,0.2185305954267518,11.959457185259945,0.5,0.4285714285714285,1.675352617738402,1.5296724989586663,0.4629100498862757,1.357142857142857,0.9271050693011066,0.5,0.4285714285714285,0.0,0.0,0.0714285714285714,0.0,0.9387738425905107,0.06315966933789588,11.087673382544038,5.53615292224146,0.21428571428571425,0.0,0.03306500356330539,0.0,0.0,0.0,2.5627408254128445,525000.0,51428.575000000004,73340.00379999999,2.3759300105451504,3.45997053319018,0.8717838027159065,0.9285714285714285,1.0,11.156579990999061,0.015609328244767979,0.19866537199309423,2.562740825412845,0.0,2.5627408254128445,0.14568011877973563
0.176471,10.0,640.0,300.0,2.29,24.8,0.0078,51.34,1.0,0.0,1.0,0.0,1.0,1.0,6.056519,90.0,60.0,120.0,0.0,0.0,0.0,0.0,0.428571,0.804382,26.41781,1.0,259.9286,0.0,621.4286,163.5714,0.0,0.0,3.105571,1.594171,13.17672,0.0,-2.22e-16,0.0,0,0,3.438529623095325,0.0,3.438529623095325,0.0,0.4285714285714285,0.0,1.4736555527551394,0.0,1.1909522857523618,0.0,0.0,0.4285714285714285,0.0,0.0,0.0,0.4285714285714285,0.0,343852963.30953246,1.999999988367121,0.0,0.0,0.0,0.0,0.5104081224652978,0.0,0.0,0.0,0.0,0.0,0.0,0.0,0.0,1.7192648115476625,0.0,0.5714285714285715,1.0,0.0,1.473655552755139,0.0,0.0,0.0,0.0,1.4736555527551394
0.272727,10.0,640.0,300.0,2.43,90.2,0.0218,108.18,1.0,0.0,1.0,0.0,1.0,1.0,6.056519,90.0,60.0,120.0,0.0,0.0,0.0,0.0,0.428571,0.804382,26.41781,1.0,259.9286,0.0,621.4286,163.5714,0.0,0.0,3.105571,1.594171,13.17672,0.0,-2.22e-16,0.0,0,0,3.438529623095325,0.0,3.438529623095325,0.0,0.4285714285714285,0.0,1.4736555527551394,0.0,1.1909522857523618,0.0,0.0,0.4285714285714285,0.0,0.0,0.0,0.4285714285714285,0.0,343852963.30953246,1.999999988367121,0.0,0.0,0.0,0.0,0.5104081224652978,0.0,0.0,0.0,0.0,0.0,0.0,0.0,0.0,1.7192648115476625,0.0,0.5714285714285715,1.0,0.0,1.473655552755139,0.0,0.0,0.0,0.0,1.4736555527551394
0.25,10.0,640.0,300.0,16.15,40.07,0.3498,8.92,1.0,0.0,1.0,0.0,1.0,1.0,6.056519,90.0,60.0,120.0,0.0,0.0,0.0,0.0,0.428571,0.804382,26.41781,1.0,259.9286,0.0,621.4286,163.5714,0.0,0.0,3.105571,1.594171,13.17672,0.0,-2.22e-16,0.0,0,0,3.438529623095325,0.0,3.438529623095325,0.0,0.4285714285714285,0.0,1.4736555527551394,0.0,1.1909522857523618,0.0,0.0,0.4285714285714285,0.0,0.0,0.0,0.4285714285714285,0.0,343852963.30953246,1.999999988367121,0.0,0.0,0.0,0.0,0.5104081224652978,0.0,0.0,0.0,0.0,0.0,0.0,0.0,0.0,1.7192648115476625,0.0,0.5714285714285715,1.0,0.0,1.473655552755139,0.0,0.0,0.0,0.0,1.4736555527551394
0.166667,10.0,640.0,300.0,18.75,47.13,0.6546,14.38,1.0,0.0,1.0,0.0,1.0,1.0,6.056519,90.0,60.0,120.0,0.0,0.0,0.0,0.0,0.428571,0.804382,26.41781,1.0,259.9286,0.0,621.4286,163.5714,0.0,0.0,3.105571,1.594171,13.17672,0.0,-2.22e-16,0.0,0,0,3.438529623095325,0.0,3.438529623095325,0.0,0.4285714285714285,0.0,1.4736555527551394,0.0,1.1909522857523618,0.0,0.0,0.4285714285714285,0.0,0.0,0.0,0.4285714285714285,0.0,343852963.30953246,1.999999988367121,0.0,0.0,0.0,0.0,0.5104081224652978,0.0,0.0,0.0,0.0,0.0,0.0,0.0,0.0,1.7192648115476625,0.0,0.5714285714285715,1.0,0.0,1.473655552755139,0.0,0.0,0.0,0.0,1.4736555527551394
0.142857,10.0,640.0,300.0,81.48,109.35,9.2738,2.83,1.0,0.0,1.0,0.0,1.0,1.0,6.056519,90.0,60.0,120.0,0.0,0.0,0.0,0.0,0.428571,0.804382,26.41781,1.0,259.9286,0.0,621.4286,163.5714,0.0,0.0,3.105571,1.594171,13.17672,0.0,-2.22e-16,0.0,0,0,3.438529623095325,0.0,3.438529623095325,0.0,0.4285714285714285,0.0,1.4736555527551394,0.0,1.1909522857523618,0.0,0.0,0.4285714285714285,0.0,0.0,0.0,0.4285714285714285,0.0,343852963.30953246,1.999999988367121,0.0,0.0,0.0,0.0,0.5104081224652978,0.0,0.0,0.0,0.0,0.0,0.0,0.0,0.0,1.7192648115476625,0.0,0.5714285714285715,1.0,0.0,1.473655552755139,0.0,0.0,0.0,0.0,1.4736555527551394
0.111111,60.0,730.0,5.0,1.3529,894.0,0.735,255.0,0.0,0.04732,0.0,0.5,1.0,1.0,3.957177,90.0,90.0,90.0,0.0,0.0,0.0,0.0,0.4,0.959459,138.3562,1.0,243.0,0.0,520.0,94.0,0.0,0.0,3.403618,2.686808,19.49359,0.0,-2.22e-16,0.0,0,0,3.0232623334747606,0.0,3.0232623334747606,0.0,0.2,0.0,0.6046524666949522,0.0,1.2,0.0,0.0,0.4,0.0,0.0,0.0,0.4,0.0,302326234.34747607,1.9999999867692595,0.0,0.0,0.0,0.0,0.48,0.0,0.0,0.0,0.0,0.0,0.0,0.0,0.0,1.5116311667373803,0.0,0.6,1.0,0.0,1.2093049333899044,0.0,0.0,0.0,0.0,0.6046524666949522
0.111111,60.0,730.0,5.0,1.3529,910.0,0.735,296.0,0.0,0.01728,1.0,1.0,1.0,1.0,3.957177,90.0,90.0,90.0,0.0,0.0,0.0,0.0,0.4,0.959459,138.3562,1.0,243.0,0.0,520.0,94.0,0.0,0.0,3.403618,2.686808,19.49359,0.0,-2.22e-16,0.0,0,0,3.0232623334747606,0.0,3.0232623334747606,0.0,0.2,0.0,0.6046524666949522,0.0,1.2,0.0,0.0,0.4,0.0,0.0,0.0,0.4,0.0,302326234.34747607,1.9999999867692595,0.0,0.0,0.0,0.0,0.48,0.0,0.0,0.0,0.0,0.0,0.0,0.0,0.0,1.5116311667373803,0.0,0.6,1.0,0.0,1.2093049333899044,0.0,0.0,0.0,0.0,0.6046524666949522
0.111111,60.0,730.0,5.0,1.3823,945.0,0.735,344.0,0.0,0.04318,1.0,2.0,1.0,1.0,3.957177,90.0,90.0,90.0,0.0,0.0,0.0,0.0,0.4,0.959459,138.3562,1.0,243.0,0.0,520.0,94.0,0.0,0.0,3.403618,2.686808,19.49359,0.0,-2.22e-16,0.0,0,0,3.0232623334747606,0.0,3.0232623334747606,0.0,0.2,0.0,0.6046524666949522,0.0,1.2,0.0,0.0,0.4,0.0,0.0,0.0,0.4,0.0,302326234.34747607,1.9999999867692595,0.0,0.0,0.0,0.0,0.48,0.0,0.0,0.0,0.0,0.0,0.0,0.0,0.0,1.5116311667373803,0.0,0.6,1.0,0.0,1.2093049333899044,0.0,0.0,0.0,0.0,0.6046524666949522
0.111111,60.0,730.0,5.0,1.44117,1077.0,0.7,635.0,0.0,0.142857,1.0,5.0,1.0,1.0,3.957177,90.0,90.0,90.0,0.0,0.0,0.0,0.0,0.4,0.959459,138.3562,1.0,243.0,0.0,520.0,94.0,0.0,0.0,3.403618,2.686808,19.49359,0.0,-2.22e-16,0.0,0,0,3.0232623334747606,0.0,3.0232623334747606,0.0,0.2,0.0,0.6046524666949522,0.0,1.2,0.0,0.0,0.4,0.0,0.0,0.0,0.4,0.0,302326234.34747607,1.9999999867692595,0.0,0.0,0.0,0.0,0.48,0.0,0.0,0.0,0.0,0.0,0.0,0.0,0.0,1.5116311667373803,0.0,0.6,1.0,0.0,1.2093049333899044,0.0,0.0,0.0,0.0,0.6046524666949522
0.083333,60.0,730.0,5.0,0.65,985.0,0.0588,229.0,0.0,0.0088,1.0,0.5,1.0,1.0,3.957177,90.0,90.0,90.0,0.0,0.0,0.0,0.0,0.4,0.959459,138.3562,1.0,243.0,0.0,520.0,94.0,0.0,0.0,3.403618,2.686808,19.49359,0.0,-2.22e-16,0.0,0,0,3.0232623334747606,0.0,3.0232623334747606,0.0,0.2,0.0,0.6046524666949522,0.0,1.2,0.0,0.0,0.4,0.0,0.0,0.0,0.4,0.0,302326234.34747607,1.9999999867692595,0.0,0.0,0.0,0.0,0.48,0.0,0.0,0.0,0.0,0.0,0.0,0.0,0.0,1.5116311667373803,0.0,0.6,1.0,0.0,1.2093049333899044,0.0,0.0,0.0,0.0,0.6046524666949522
0.083333,60.0,730.0,5.0,0.65,1016.0,0.0588,350.0,0.0,0.0176,1.0,1.0,1.0,1.0,3.957177,90.0,90.0,90.0,0.0,0.0,0.0,0.0,0.4,0.959459,138.3562,1.0,243.0,0.0,520.0,94.0,0.0,0.0,3.403618,2.686808,19.49359,0.0,-2.22e-16,0.0,0,0,3.0232623334747606,0.0,3.0232623334747606,0.0,0.2,0.0,0.6046524666949522,0.0,1.2,0.0,0.0,0.4,0.0,0.0,0.0,0.4,0.0,302326234.34747607,1.9999999867692595,0.0,0.0,0.0,0.0,0.48,0.0,0.0,0.0,0.0,0.0,0.0,0.0,0.0,1.5116311667373803,0.0,0.6,1.0,0.0,1.2093049333899044,0.0,0.0,0.0,0.0,0.6046524666949522
0.083333,60.0,730.0,5.0,0.66,1074.0,0.0588,502.0,0.0,0.023,1.0,2.0,1.0,1.0,3.957177,90.0,90.0,90.0,0.0,0.0,0.0,0.0,0.4,0.959459,138.3562,1.0,243.0,0.0,520.0,94.0,0.0,0.0,3.403618,2.686808,19.49359,0.0,-2.22e-16,0.0,0,0,3.0232623334747606,0.0,3.0232623334747606,0.0,0.2,0.0,0.6046524666949522,0.0,1.2,0.0,0.0,0.4,0.0,0.0,0.0,0.4,0.0,302326234.34747607,1.9999999867692595,0.0,0.0,0.0,0.0,0.48,0.0,0.0,0.0,0.0,0.0,0.0,0.0,0.0,1.5116311667373803,0.0,0.6,1.0,0.0,1.2093049333899044,0.0,0.0,0.0,0.0,0.6046524666949522
0.1,2.5,668.0,8.0,26.6,634.0,21.5,130.0,0.0,0.0,1.0,1.0,1.0,1.0,2.416394,109.4712,109.4712,109.4712,2.924839,90.0,90.0,120.0,0.666667,0.940952,171.2915,1.0,191.0,267.5,1000.0,515.0,800.0,257.5,0.0,0.0,0.0,2.859813,2.5,10.0,1,0,2.8284271247461903,2.8284271247461903,0.0,8.000000000000002,1.0,0.5,2.8284271247461903,1.4142135623730951,0.7071067811865476,1.5,0.8660254037844388,1.0,0.5,0.0,0.0,0.5,0.0,1.0,0.0,6.928203230275512,5.6568542494923815,0.5,0.0,0.3535533905932738,0.0,0.0,0.0,4.000000000000001,800000.0,132612.5,51092.5,3.464101615137756,2.8284271247461903,1.0717967697244897,0.5,1.0,3.8971143170299753,0.0,0.4330127018922194,4.000000000000001,0.0,4.000000000000001,1.4142135623730951
0.1,2.5,668.0,8.0,26.4,641.0,21.5,137.0,0.0,0.0,1.0,1.0,1.0,1.0,2.416394,109.4712,109.4712,109.4712,2.924839,90.0,90.0,120.0,0.666667,0.940952,171.2915,1.0,191.0,267.5,1000.0,515.0,800.0,257.5,0.0,0.0,0.0,2.859813,2.5,10.0,1,0,2.8284271247461903,2.8284271247461903,0.0,8.000000000000002,1.0,0.5,2.8284271247461903,1.4142135623730951,0.7071067811865476,1.5,0.8660254037844388,1.0,0.5,0.0,0.0,0.5,0.0,1.0,0.0,6.928203230275512,5.6568542494923815,0.5,0.0,0.3535533905932738,0.0,0.0,0.0,4.000000000000001,800000.0,132612.5,51092.5,3.464101615137756,2.8284271247461903,1.0717967697244897,0.5,1.0,3.8971143170299753,0.0,0.4330127018922194,4.000000000000001,0.0,4.000000000000001,1.4142135623730951
0.1,2.5,668.0,8.0,15.2,379.0,8.9,38.0,0.0,0.0,1.0,1.0,1.0,1.0,2.416394,109.4712,109.4712,109.4712,2.924839,90.0,90.0,120.0,0.666667,0.940952,171.2915,1.0,191.0,267.5,1000.0,515.0,800.0,257.5,0.0,0.0,0.0,2.859813,2.5,10.0,1,0,2.8284271247461903,2.8284271247461903,0.0,8.000000000000002,1.0,0.5,2.8284271247461903,1.4142135623730951,0.7071067811865476,1.5,0.8660254037844388,1.0,0.5,0.0,0.0,0.5,0.0,1.0,0.0,6.928203230275512,5.6568542494923815,0.5,0.0,0.3535533905932738,0.0,0.0,0.0,4.000000000000001,800000.0,132612.5,51092.5,3.464101615137756,2.8284271247461903,1.0717967697244897,0.5,1.0,3.8971143170299753,0.0,0.4330127018922194,4.000000000000001,0.0,4.000000000000001,1.4142135623730951
0.1,2.5,668.0,8.0,14.7,547.0,10.7,73.0,0.0,0.0,1.0,1.0,1.0,1.0,2.416394,109.4712,109.4712,109.4712,2.924839,90.0,90.0,120.0,0.666667,0.940952,171.2915,1.0,191.0,267.5,1000.0,515.0,800.0,257.5,0.0,0.0,0.0,2.859813,2.5,10.0,1,0,2.8284271247461903,2.8284271247461903,0.0,8.000000000000002,1.0,0.5,2.8284271247461903,1.4142135623730951,0.7071067811865476,1.5,0.8660254037844388,1.0,0.5,0.0,0.0,0.5,0.0,1.0,0.0,6.928203230275512,5.6568542494923815,0.5,0.0,0.3535533905932738,0.0,0.0,0.0,4.000000000000001,800000.0,132612.5,51092.5,3.464101615137756,2.8284271247461903,1.0717967697244897,0.5,1.0,3.8971143170299753,0.0,0.4330127018922194,4.000000000000001,0.0,4.000000000000001,1.4142135623730951
0.1,2.5,668.0,8.0,16.0,534.0,13.0,81.0,0.0,0.0,1.0,1.0,1.0,1.0,2.416394,109.4712,109.4712,109.4712,2.924839,90.0,90.0,120.0,0.666667,0.940952,171.2915,1.0,191.0,267.5,1000.0,515.0,800.0,257.5,0.0,0.0,0.0,2.859813,2.5,10.0,1,0,2.8284271247461903,2.8284271247461903,0.0,8.000000000000002,1.0,0.5,2.8284271247461903,1.4142135623730951,0.7071067811865476,1.5,0.8660254037844388,1.0,0.5,0.0,0.0,0.5,0.0,1.0,0.0,6.928203230275512,5.6568542494923815,0.5,0.0,0.3535533905932738,0.0,0.0,0.0,4.000000000000001,800000.0,132612.5,51092.5,3.464101615137756,2.8284271247461903,1.0717967697244897,0.5,1.0,3.8971143170299753,0.0,0.4330127018922194,4.000000000000001,0.0,4.000000000000001,1.4142135623730951
0.1,2.5,668.0,8.0,16.5,756.0,12.8,109.0,0.0,0.0,1.0,1.0,1.0,1.0,2.416394,109.4712,109.4712,109.4712,2.924839,90.0,90.0,120.0,0.666667,0.940952,171.2915,1.0,191.0,267.5,1000.0,515.0,800.0,257.5,0.0,0.0,0.0,2.859813,2.5,10.0,1,0,2.8284271247461903,2.8284271247461903,0.0,8.000000000000002,1.0,0.5,2.8284271247461903,1.4142135623730951,0.7071067811865476,1.5,0.8660254037844388,1.0,0.5,0.0,0.0,0.5,0.0,1.0,0.0,6.928203230275512,5.6568542494923815,0.5,0.0,0.3535533905932738,0.0,0.0,0.0,4.000000000000001,800000.0,132612.5,51092.5,3.464101615137756,2.8284271247461903,1.0717967697244897,0.5,1.0,3.8971143170299753,0.0,0.4330127018922194,4.000000000000001,0.0,4.000000000000001,1.4142135623730951
0.123457,60.0,793.0,350.0,74.595,902.2495,31.042,112.781,1.0,0.0,1.0,10.0,1.0,1.0,5.932914,120.4948,120.2024,89.39748,5.388094,122.2099,142.6878,47.91918,0.333333,0.839813,35.13044,1.0,275.7143,243.0,700.0,205.7143,520.0,94.0,2.860376,1.707469,11.55577,3.403618,2.686808,19.49359,1,0,3.569235830903556,3.4514488412024686,0.117786989701087,12.319034872550407,0.4285714285714285,0.2,1.5296724989586663,0.6902897682404938,0.3854496446637726,1.4,0.9500692495536144,0.4285714285714285,0.4,0.0,0.2,0.0285714285714285,0.2,1.0341268246406292,0.03355427422442865,11.70393621658877,4.748367614225177,0.1714285714285714,0.0,0.011012846990393475,0.07708992893275451,0.0,0.0,1.0559172747900347,364000.0,19337.144200000002,66998.57489999999,2.006389065700932,3.5103423360530126,0.6150986559616363,0.9714285714285715,0.8,12.292462452824033,0.0033653425628881917,0.162869014209191,2.1118345495800694,0.0,1.0559172747900347,0.8393827307181725
0.123457,60.0,793.0,300.0,79.167,1316.317,39.222,226.736,1.0,0.0,1.0,10.0,1.0,1.0,5.932914,120.4948,120.2024,89.39748,5.388094,122.2099,142.6878,47.91918,0.333333,0.839813,35.13044,1.0,275.7143,243.0,700.0,205.7143,520.0,94.0,2.860376,1.707469,11.55577,3.403618,2.686808,19.49359,1,0,3.569235830903556,3.4514488412024686,0.117786989701087,12.319034872550407,0.4285714285714285,0.2,1.5296724989586663,0.6902897682404938,0.3854496446637726,1.4,0.9500692495536144,0.4285714285714285,0.4,0.0,0.2,0.0285714285714285,0.2,1.0341268246406292,0.03355427422442865,11.70393621658877,4.748367614225177,0.1714285714285714,0.0,0.011012846990393475,0.07708992893275451,0.0,0.0,1.0559172747900347,364000.0,19337.144200000002,66998.57489999999,2.006389065700932,3.5103423360530126,0.6150986559616363,0.9714285714285715,0.8,12.292462452824033,0.0033653425628881917,0.162869014209191,2.1118345495800694,0.0,1.0559172747900347,0.8393827307181725
0.091185,60.0,793.0,250.0,83.259,1616.53,41.629,170.0,1.0,0.0,1.0,10.0,1.0,1.0,5.932914,120.4948,120.2024,89.39748,5.388094,122.2099,142.6878,47.91918,0.333333,0.839813,35.13044,1.0,275.7143,243.0,700.0,205.7143,520.0,94.0,2.860376,1.707469,11.55577,3.403618,2.686808,19.49359,1,0,3.569235830903556,3.4514488412024686,0.117786989701087,12.319034872550407,0.4285714285714285,0.2,1.5296724989586663,0.6902897682404938,0.3854496446637726,1.4,0.9500692495536144,0.4285714285714285,0.4,0.0,0.2,0.0285714285714285,0.2,1.0341268246406292,0.03355427422442865,11.70393621658877,4.748367614225177,0.1714285714285714,0.0,0.011012846990393475,0.07708992893275451,0.0,0.0,1.0559172747900347,364000.0,19337.144200000002,66998.57489999999,2.006389065700932,3.5103423360530126,0.6150986559616363,0.9714285714285715,0.8,12.292462452824033,0.0033653425628881917,0.162869014209191,2.1118345495800694,0.0,1.0559172747900347,0.8393827307181725
0.123457,60.0,793.0,200.0,85.9,2594.238,56.0,169.131,1.0,0.0,1.0,10.0,1.0,1.0,5.932914,120.4948,120.2024,89.39748,5.388094,122.2099,142.6878,47.91918,0.333333,0.839813,35.13044,1.0,275.7143,243.0,700.0,205.7143,520.0,94.0,2.860376,1.707469,11.55577,3.403618,2.686808,19.49359,1,0,3.569235830903556,3.4514488412024686,0.117786989701087,12.319034872550407,0.4285714285714285,0.2,1.5296724989586663,0.6902897682404938,0.3854496446637726,1.4,0.9500692495536144,0.4285714285714285,0.4,0.0,0.2,0.0285714285714285,0.2,1.0341268246406292,0.03355427422442865,11.70393621658877,4.748367614225177,0.1714285714285714,0.0,0.011012846990393475,0.07708992893275451,0.0,0.0,1.0559172747900347,364000.0,19337.144200000002,66998.57489999999,2.006389065700932,3.5103423360530126,0.6150986559616363,0.9714285714285715,0.8,12.292462452824033,0.0033653425628881917,0.162869014209191,2.1118345495800694,0.0,1.0559172747900347,0.8393827307181725
0.123457,60.0,720.0,100.0,87.0,6052.7,67.858,112.78,1.0,0.0,1.0,10.0,1.0,1.0,5.932914,120.4948,120.2024,89.39748,5.388094,122.2099,142.6878,47.91918,0.333333,0.839813,31.89649,1.0,275.7143,243.0,700.0,205.7143,520.0,94.0,2.860376,1.707469,11.55577,3.403618,2.686808,19.49359,1,0,3.569235830903556,3.4514488412024686,0.117786989701087,12.319034872550407,0.4285714285714285,0.2,1.5296724989586663,0.6902897682404938,0.3854496446637726,1.4,0.9500692495536144,0.4285714285714285,0.4,0.0,0.2,0.0285714285714285,0.2,1.0341268246406292,0.03355427422442865,11.70393621658877,4.748367614225177,0.1714285714285714,0.0,0.011012846990393475,0.07708992893275451,0.0,0.0,1.0559172747900347,364000.0,19337.144200000002,66998.57489999999,2.006389065700932,3.5103423360530126,0.6150986559616363,0.9714285714285715,0.8,12.292462452824033,0.0033653425628881917,0.162869014209191,2.1118345495800694,0.0,1.0559172747900347,0.8393827307181725
0.091185,60.0,720.0,50.0,87.5,7932.631,71.226,56.18,1.0,0.0,1.0,10.0,1.0,1.0,5.932914,120.4948,120.2024,89.39748,5.388094,122.2099,142.6878,47.91918,0.333333,0.839813,31.89649,1.0,275.7143,243.0,700.0,205.7143,520.0,94.0,2.860376,1.707469,11.55577,3.403618,2.686808,19.49359,1,0,3.569235830903556,3.4514488412024686,0.117786989701087,12.319034872550407,0.4285714285714285,0.2,1.5296724989586663,0.6902897682404938,0.3854496446637726,1.4,0.9500692495536144,0.4285714285714285,0.4,0.0,0.2,0.0285714285714285,0.2,1.0341268246406292,0.03355427422442865,11.70393621658877,4.748367614225177,0.1714285714285714,0.0,0.011012846990393475,0.07708992893275451,0.0,0.0,1.0559172747900347,364000.0,19337.144200000002,66998.57489999999,2.006389065700932,3.5103423360530126,0.6150986559616363,0.9714285714285715,0.8,12.292462452824033,0.0033653425628881917,0.162869014209191,2.1118345495800694,0.0,1.0559172747900347,0.8393827307181725
0.123457,60.0,720.0,150.0,87.349,4116.89,63.046,90.0,1.0,0.0,1.0,10.0,1.0,1.0,5.932914,120.4948,120.2024,89.39748,5.388094,122.2099,142.6878,47.91918,0.333333,0.839813,31.89649,1.0,275.7143,243.0,700.0,205.7143,520.0,94.0,2.860376,1.707469,11.55577,3.403618,2.686808,19.49359,1,0,3.569235830903556,3.4514488412024686,0.117786989701087,12.319034872550407,0.4285714285714285,0.2,1.5296724989586663,0.6902897682404938,0.3854496446637726,1.4,0.9500692495536144,0.4285714285714285,0.4,0.0,0.2,0.0285714285714285,0.2,1.0341268246406292,0.03355427422442865,11.70393621658877,4.748367614225177,0.1714285714285714,0.0,0.011012846990393475,0.07708992893275451,0.0,0.0,1.0559172747900347,364000.0,19337.144200000002,66998.57489999999,2.006389065700932,3.5103423360530126,0.6150986559616363,0.9714285714285715,0.8,12.292462452824033,0.0033653425628881917,0.162869014209191,2.1118345495800694,0.0,1.0559172747900347,0.8393827307181725
0.091185,60.0,720.0,5.0,87.83,8966.0,73.151,50.0,1.0,0.0,1.0,10.0,1.0,1.0,5.932914,120.4948,120.2024,89.39748,5.388094,122.2099,142.6878,47.91918,0.333333,0.839813,31.89649,1.0,275.7143,243.0,700.0,205.7143,520.0,94.0,2.860376,1.707469,11.55577,3.403618,2.686808,19.49359,1,0,3.569235830903556,3.4514488412024686,0.117786989701087,12.319034872550407,0.4285714285714285,0.2,1.5296724989586663,0.6902897682404938,0.3854496446637726,1.4,0.9500692495536144,0.4285714285714285,0.4,0.0,0.2,0.0285714285714285,0.2,1.0341268246406292,0.03355427422442865,11.70393621658877,4.748367614225177,0.1714285714285714,0.0,0.011012846990393475,0.07708992893275451,0.0,0.0,1.0559172747900347,364000.0,19337.144200000002,66998.57489999999,2.006389065700932,3.5103423360530126,0.6150986559616363,0.9714285714285715,0.8,12.292462452824033,0.0033653425628881917,0.162869014209191,2.1118345495800694,0.0,1.0559172747900347,0.8393827307181725
0.1,6.0,1661.0,5.0,22.472,538.42,5.9066,142.78,0.0,0.0,1.0,0.5,1.0,1.0,2.48976,60.0,60.0,60.0,3.011828,107.295,89.50258,120.0378,0.666667,0.334471,411.9435,1.0,188.0,266.0,900.0,500.0,750.0,250.0,0.0,0.0,0.0,2.932331,2.0,10.0,1,0,3.872983346207417,3.350705235476804,0.5222781107306131,12.977225575051664,1.0,0.5,3.872983346207417,1.675352617738402,0.7071067811865476,1.5,0.8660254037844388,1.0,0.5,0.0,0.0,0.5,0.0,1.1558710995052903,0.14460150195534252,11.238607018635863,9.176284205106526,0.5,0.0,0.3535533905932738,0.0,0.0,0.0,6.488612787525832,675000.0,125000.0,50008.0,5.619303509317931,3.6118442908421104,1.7386185564158003,0.5,1.0,6.052316211210151,0.26113905536530657,0.4330127018922194,6.488612787525832,0.0,6.488612787525832,2.197630728469015
0.1,6.0,1661.0,5.0,22.472,434.0,5.9066,137.21,0.0,0.0,1.0,0.5,1.0,1.0,2.48976,60.0,60.0,60.0,3.011828,107.295,89.50258,120.0378,0.666667,0.334471,411.9435,1.0,188.0,266.0,900.0,500.0,750.0,250.0,0.0,0.0,0.0,2.932331,2.0,10.0,1,0,3.872983346207417,3.350705235476804,0.5222781107306131,12.977225575051664,1.0,0.5,3.872983346207417,1.675352617738402,0.7071067811865476,1.5,0.8660254037844388,1.0,0.5,0.0,0.0,0.5,0.0,1.1558710995052903,0.14460150195534252,11.238607018635863,9.176284205106526,0.5,0.0,0.3535533905932738,0.0,0.0,0.0,6.488612787525832,675000.0,125000.0,50008.0,5.619303509317931,3.6118442908421104,1.7386185564158003,0.5,1.0,6.052316211210151,0.26113905536530657,0.4330127018922194,6.488612787525832,0.0,6.488612787525832,2.197630728469015
0.1,6.0,1661.0,5.0,31.472,280.0,6.2542,71.0,0.0,0.0,1.0,0.5,1.0,1.0,2.48976,60.0,60.0,60.0,3.011828,107.295,89.50258,120.0378,0.666667,0.334471,411.9435,1.0,188.0,266.0,900.0,500.0,750.0,250.0,0.0,0.0,0.0,2.932331,2.0,10.0,1,0,3.872983346207417,3.350705235476804,0.5222781107306131,12.977225575051664,1.0,0.5,3.872983346207417,1.675352617738402,0.7071067811865476,1.5,0.8660254037844388,1.0,0.5,0.0,0.0,0.5,0.0,1.1558710995052903,0.14460150195534252,11.238607018635863,9.176284205106526,0.5,0.0,0.3535533905932738,0.0,0.0,0.0,6.488612787525832,675000.0,125000.0,50008.0,5.619303509317931,3.6118442908421104,1.7386185564158003,0.5,1.0,6.052316211210151,0.26113905536530657,0.4330127018922194,6.488612787525832,0.0,6.488612787525832,2.197630728469015
0.1,6.0,1661.0,5.0,19.872,532.96,4.4662,346.379,0.0,0.0,1.0,0.5,1.0,1.0,2.48976,60.0,60.0,60.0,3.011828,107.295,89.50258,120.0378,0.666667,0.334471,411.9435,1.0,188.0,266.0,900.0,500.0,750.0,250.0,0.0,0.0,0.0,2.932331,2.0,10.0,1,0,3.872983346207417,3.350705235476804,0.5222781107306131,12.977225575051664,1.0,0.5,3.872983346207417,1.675352617738402,0.7071067811865476,1.5,0.8660254037844388,1.0,0.5,0.0,0.0,0.5,0.0,1.1558710995052903,0.14460150195534252,11.238607018635863,9.176284205106526,0.5,0.0,0.3535533905932738,0.0,0.0,0.0,6.488612787525832,675000.0,125000.0,50008.0,5.619303509317931,3.6118442908421104,1.7386185564158003,0.5,1.0,6.052316211210151,0.26113905536530657,0.4330127018922194,6.488612787525832,0.0,6.488612787525832,2.197630728469015
0.12,0.1,370.0,2.0,9.560017,1661.385,0.059892,952.57,0.0,0.0,1.0,1.0,1.0,1.0,3.018914,90.0,90.0,90.0,0.0,0.0,0.0,0.0,0.5,0.927027,183.8409,1.0,91.5,0.0,400.0,235.0,0.0,0.0,7.071068,7.071068,7.071068,0.0,-2.22e-16,0.0,0,0,4.385981415886887,0.0,4.385981415886887,0.0,1.0,0.0,4.385981415886887,0.0,1.0,0.0,0.0,1.0,0.0,0.0,0.0,1.0,0.0,438598142.5886887,1.9999999908800343,0.0,0.0,0.0,0.0,1.0,0.0,0.0,0.0,0.0,0.0,0.0,0.0,0.0,2.1929907079434434,0.0,0.0,1.0,0.0,4.385981415886887,0.0,0.0,0.0,0.0,4.385981415886887
0.12,0.1,370.0,2.0,18.248,1322.79,0.059892,629.898,0.0,0.0,1.0,1.0,1.0,1.0,3.018914,90.0,90.0,90.0,0.0,0.0,0.0,0.0,0.5,0.923513,183.8409,1.0,91.5,0.0,400.0,235.0,0.0,0.0,7.071068,7.071068,7.071068,0.0,-2.22e-16,0.0,0,0,4.385981415886887,0.0,4.385981415886887,0.0,1.0,0.0,4.385981415886887,0.0,1.0,0.0,0.0,1.0,0.0,0.0,0.0,1.0,0.0,438598142.5886887,1.9999999908800343,0.0,0.0,0.0,0.0,1.0,0.0,0.0,0.0,0.0,0.0,0.0,0.0,0.0,2.1929907079434434,0.0,0.0,1.0,0.0,4.385981415886887,0.0,0.0,0.0,0.0,4.385981415886887
0.12,0.1,370.0,2.0,18.248,1070.862,0.059892,519.698,0.0,0.0,1.0,1.0,1.0,1.0,3.018914,90.0,90.0,90.0,0.0,0.0,0.0,0.0,0.5,0.923513,183.8409,1.0,91.5,0.0,400.0,235.0,0.0,0.0,7.071068,7.071068,7.071068,0.0,-2.22e-16,0.0,0,0,4.385981415886887,0.0,4.385981415886887,0.0,1.0,0.0,4.385981415886887,0.0,1.0,0.0,0.0,1.0,0.0,0.0,0.0,1.0,0.0,438598142.5886887,1.9999999908800343,0.0,0.0,0.0,0.0,1.0,0.0,0.0,0.0,0.0,0.0,0.0,0.0,0.0,2.1929907079434434,0.0,0.0,1.0,0.0,4.385981415886887,0.0,0.0,0.0,0.0,4.385981415886887
0.12,0.1,370.0,2.0,18.248,881.8975,0.059892,472.1585,0.0,0.0,1.0,1.0,1.0,1.0,3.018914,90.0,90.0,90.0,0.0,0.0,0.0,0.0,0.5,0.923513,183.8409,1.0,91.5,0.0,400.0,235.0,0.0,0.0,7.071068,7.071068,7.071068,0.0,-2.22e-16,0.0,0,0,4.385981415886887,0.0,4.385981415886887,0.0,1.0,0.0,4.385981415886887,0.0,1.0,0.0,0.0,1.0,0.0,0.0,0.0,1.0,0.0,438598142.5886887,1.9999999908800343,0.0,0.0,0.0,0.0,1.0,0.0,0.0,0.0,0.0,0.0,0.0,0.0,0.0,2.1929907079434434,0.0,0.0,1.0,0.0,4.385981415886887,0.0,0.0,0.0,0.0,4.385981415886887
0.015,0.1,370.0,2.0,16.358,806.3,8.35808,278.3,0.0,0.0,1.0,5.0,1.0,1.0,3.018914,90.0,90.0,90.0,0.0,0.0,0.0,0.0,0.5,0.923513,183.8409,1.0,91.5,0.0,400.0,235.0,0.0,0.0,7.071068,7.071068,7.071068,0.0,-2.22e-16,0.0,0,0,4.385981415886887,0.0,4.385981415886887,0.0,1.0,0.0,4.385981415886887,0.0,1.0,0.0,0.0,1.0,0.0,0.0,0.0,1.0,0.0,438598142.5886887,1.9999999908800343,0.0,0.0,0.0,0.0,1.0,0.0,0.0,0.0,0.0,0.0,0.0,0.0,0.0,2.1929907079434434,0.0,0.0,1.0,0.0,4.385981415886887,0.0,0.0,0.0,0.0,4.385981415886887
0.015,0.1,370.0,2.0,16.358,697.695,8.35808,185.144,0.0,0.0,1.0,5.0,1.0,1.0,3.018914,90.0,90.0,90.0,0.0,0.0,0.0,0.0,0.5,0.923513,183.8409,1.0,91.5,0.0,400.0,235.0,0.0,0.0,7.071068,7.071068,7.071068,0.0,-2.22e-16,0.0,0,0,4.385981415886887,0.0,4.385981415886887,0.0,1.0,0.0,4.385981415886887,0.0,1.0,0.0,0.0,1.0,0.0,0.0,0.0,1.0,0.0,438598142.5886887,1.9999999908800343,0.0,0.0,0.0,0.0,1.0,0.0,0.0,0.0,0.0,0.0,0.0,0.0,0.0,2.1929907079434434,0.0,0.0,1.0,0.0,4.385981415886887,0.0,0.0,0.0,0.0,4.385981415886887
0.015,0.1,370.0,2.0,16.358,636.065,8.35808,108.065,0.0,0.0,1.0,5.0,1.0,1.0,3.018914,90.0,90.0,90.0,0.0,0.0,0.0,0.0,0.5,0.923513,183.8409,1.0,91.5,0.0,400.0,235.0,0.0,0.0,7.071068,7.071068,7.071068,0.0,-2.22e-16,0.0,0,0,4.385981415886887,0.0,4.385981415886887,0.0,1.0,0.0,4.385981415886887,0.0,1.0,0.0,0.0,1.0,0.0,0.0,0.0,1.0,0.0,438598142.5886887,1.9999999908800343,0.0,0.0,0.0,0.0,1.0,0.0,0.0,0.0,0.0,0.0,0.0,0.0,0.0,2.1929907079434434,0.0,0.0,1.0,0.0,4.385981415886887,0.0,0.0,0.0,0.0,4.385981415886887
0.015,0.1,370.0,2.0,16.358,604.83,8.35808,76.83,0.0,0.0,1.0,5.0,1.0,1.0,3.018914,90.0,90.0,90.0,0.0,0.0,0.0,0.0,0.5,0.923513,183.8409,1.0,91.5,0.0,400.0,235.0,0.0,0.0,7.071068,7.071068,7.071068,0.0,-2.22e-16,0.0,0,0,4.385981415886887,0.0,4.385981415886887,0.0,1.0,0.0,4.385981415886887,0.0,1.0,0.0,0.0,1.0,0.0,0.0,0.0,1.0,0.0,438598142.5886887,1.9999999908800343,0.0,0.0,0.0,0.0,1.0,0.0,0.0,0.0,0.0,0.0,0.0,0.0,0.0,2.1929907079434434,0.0,0.0,1.0,0.0,4.385981415886887,0.0,0.0,0.0,0.0,4.385981415886887
0.3,80.0,140.0,5.0,6.9,145.0,0.022,440.0,0.0,0.07,1.0,1.0,0.064366,50.0,2.920997,90.0,90.0,90.0,0.0,0.0,0.0,0.0,0.333333,-1.19048,71.89326,1.2685,281.0,0.0,633.3333,136.6667,0.0,0.0,3.170657,0.744323,14.14214,0.0,-2.22e-16,0.0,0,0,3.8576446775306654,0.0,3.8576446775306654,0.0,0.3333333333333333,0.0,1.2858815591768884,0.0,1.247219128924647,0.0,0.0,0.3333333333333333,0.0,0.0,0.0,0.3333333333333333,0.0,385764468.75306654,1.9999999896309788,0.0,0.0,0.0,0.0,0.415739709641549,0.0,0.0,0.0,0.0,0.0,0.0,0.0,0.0,1.9288223387653327,0.0,0.6666666666666667,1.0,0.0,1.2858815591768884,0.0,0.0,0.0,0.0,1.2858815591768884
0.046154,4.0,858.0,5.0,60.0,1186.0,16.22,551.72,0.0,0.848,1.0,5.0,1.0,1.0,2.941952,60.0,60.0,60.0,5.142692,74.87634,90.0,90.0,0.5,0.85687,105.1879,1.0,0.0,275.0,0.0,0.0,685.7143,201.4286,0.0,0.0,0.0,2.897249,1.443376,11.54701,1,0,1.7320508075688772,3.7158067079548327,1.9837559003859555,6.435966009283019,0.0,0.4285714285714285,0.0,1.5924885891234997,1.8735538640862857,0.0,0.0,1.0,0.4285714285714285,0.0,0.0,0.5714285714285714,0.0,0.4661304930634799,0.7282701089191586,0.0,12.058128985820192,0.4285714285714285,0.0,1.070602208049306,0.0,0.0,0.0,0.0,0.0,0.0,0.0,0.0,2.723928757761855,6.435966009283019,0.4285714285714285,1.0,0.0,1.133574800220546,0.0,2.7582711468355794,0.0,0.0,1.5924885891234997
0.046154,4.0,858.0,5.0,60.0,1186.0,16.22,551.72,0.0,0.0,1.0,1.0,1.0,1.0,2.941952,60.0,60.0,60.0,5.142692,74.87634,90.0,90.0,0.5,0.896789,105.1879,1.0,0.0,275.0,0.0,0.0,685.7143,201.4286,0.0,0.0,0.0,2.897249,1.443376,11.54701,1,0,1.7320508075688772,3.7158067079548327,1.9837559003859555,6.435966009283019,0.0,0.4285714285714285,0.0,1.5924885891234997,1.8735538640862857,0.0,0.0,1.0,0.4285714285714285,0.0,0.0,0.5714285714285714,0.0,0.4661304930634799,0.7282701089191586,0.0,12.058128985820192,0.4285714285714285,0.0,1.070602208049306,0.0,0.0,0.0,0.0,0.0,0.0,0.0,0.0,2.723928757761855,6.435966009283019,0.4285714285714285,1.0,0.0,1.133574800220546,0.0,2.7582711468355794,0.0,0.0,1.5924885891234997
0.257511,4.0,1043.0,5.0,384.57,2095.77,247.96,96.767,0.0,111.36,1.0,5.0,1.0,1.0,2.459352,109.4691,109.4671,109.4596,3.788512,90.0,90.0,90.0,0.5,0.883966,137.653,1.000148,183.0,279.6,800.0,470.0,680.0,188.0,0.0,0.0,0.0,2.820943,1.440876,12.24745,1,0,4.898979485566356,3.656648069074256,1.2423314164920995,17.913843876330606,1.0,0.4,4.898979485566356,1.4626592276297026,0.848528137423857,1.4,0.8029550685469662,1.0,0.4,0.0,0.0,0.6,0.0,1.339745961226495,0.29041269168247663,14.384011737658692,15.200400578484576,0.4,0.0,0.5091168824543142,0.0,0.0,0.0,7.165537550532243,544000.0,88360.0,51166.8,5.753604695063477,4.277813777320306,3.529832138671914,0.4,1.0,6.074786722482264,0.7453988498952597,0.3211820274187865,7.1655375505322425,0.0,7.165537550532243,3.436320257936653
0.15625,30.0,858.0,300.0,35.0,652.1534,5.14,93.2306,0.0,0.0,1.0,0.0,1.0,1.246753,5.512634,96.2034,96.2034,141.6175,5.142692,74.87634,90.0,90.0,0.444444,-0.33,105.1879,1.0,263.5,275.0,700.0,235.0,685.7143,201.4286,3.055028,1.428571,10.0,2.897249,1.443376,11.54701,1,0,3.863703305156273,3.7158067079548327,0.1478965972014401,14.356774658846936,0.5,0.4285714285714285,1.9318516525781364,1.5924885891234997,0.101015254455221,1.4999999999999998,0.996615895540124,0.5,0.4285714285714285,0.0,0.0,0.0714285714285714,0.0,1.0398020156664236,0.039025371443629865,14.308189833694497,1.450253245319692,0.21428571428571425,0.0,0.007215375318230068,0.0,0.0,0.0,3.0764517126100577,480000.01,47335.721,72462.5,3.0660406786488204,3.789755006555553,0.04858482515243901,0.9285714285714285,1.0,14.211605320003574,0.010564042657245717,0.21356054904431224,3.0764517126100572,0.0,3.0764517126100577,0.33936306345463674
0.15625,30.0,858.0,300.0,41.0,652.1534,8.954,82.0306,0.0,0.0,1.0,0.0,1.0,1.246753,5.512634,96.2034,96.2034,141.6175,5.142692,74.87634,90.0,90.0,0.444444,-0.33,105.1879,1.0,263.5,275.0,700.0,235.0,685.7143,201.4286,3.055028,1.428571,10.0,2.897249,1.443376,11.54701,1,0,3.863703305156273,3.7158067079548327,0.1478965972014401,14.356774658846936,0.5,0.4285714285714285,1.9318516525781364,1.5924885891234997,0.101015254455221,1.4999999999999998,0.996615895540124,0.5,0.4285714285714285,0.0,0.0,0.0714285714285714,0.0,1.0398020156664236,0.039025371443629865,14.308189833694497,1.450253245319692,0.21428571428571425,0.0,0.007215375318230068,0.0,0.0,0.0,3.0764517126100577,480000.01,47335.721,72462.5,3.0660406786488204,3.789755006555553,0.04858482515243901,0.9285714285714285,1.0,14.211605320003574,0.010564042657245717,0.21356054904431224,3.0764517126100572,0.0,3.0764517126100577,0.33936306345463674
0.15625,30.0,858.0,300.0,53.0,652.1534,10.8,82.0306,0.0,0.0,1.0,0.0,1.0,1.246753,5.512634,96.2034,96.2034,141.6175,5.142692,74.87634,90.0,90.0,0.444444,-0.33,105.1879,1.0,263.5,275.0,700.0,235.0,685.7143,201.4286,3.055028,1.428571,10.0,2.897249,1.443376,11.54701,1,0,3.863703305156273,3.7158067079548327,0.1478965972014401,14.356774658846936,0.5,0.4285714285714285,1.9318516525781364,1.5924885891234997,0.101015254455221,1.4999999999999998,0.996615895540124,0.5,0.4285714285714285,0.0,0.0,0.0714285714285714,0.0,1.0398020156664236,0.039025371443629865,14.308189833694497,1.450253245319692,0.21428571428571425,0.0,0.007215375318230068,0.0,0.0,0.0,3.0764517126100577,480000.01,47335.721,72462.5,3.0660406786488204,3.789755006555553,0.04858482515243901,0.9285714285714285,1.0,14.211605320003574,0.010564042657245717,0.21356054904431224,3.0764517126100572,0.0,3.0764517126100577,0.33936306345463674
0.15625,30.0,858.0,210.0,37.7,13.0,0.294,2.5,0.0,0.0,1.0,5.0,1.0,1.246753,5.512634,96.2034,96.2034,141.6175,5.142692,74.87634,90.0,90.0,0.444444,-0.33,105.1879,1.0,263.5,275.0,700.0,235.0,685.7143,201.4286,3.055028,1.428571,10.0,2.897249,1.443376,11.54701,1,0,3.863703305156273,3.7158067079548327,0.1478965972014401,14.356774658846936,0.5,0.4285714285714285,1.9318516525781364,1.5924885891234997,0.101015254455221,1.4999999999999998,0.996615895540124,0.5,0.4285714285714285,0.0,0.0,0.0714285714285714,0.0,1.0398020156664236,0.039025371443629865,14.308189833694497,1.450253245319692,0.21428571428571425,0.0,0.007215375318230068,0.0,0.0,0.0,3.0764517126100577,480000.01,47335.721,72462.5,3.0660406786488204,3.789755006555553,0.04858482515243901,0.9285714285714285,1.0,14.211605320003574,0.010564042657245717,0.21356054904431224,3.0764517126100572,0.0,3.0764517126100577,0.33936306345463674
0.15625,30.0,858.0,120.0,37.0,560.0,2.8,719.0,0.0,3.99,1.0,5.0,1.0,1.246753,5.512634,96.2034,96.2034,141.6175,5.142692,74.87634,90.0,90.0,0.444444,-0.33,105.1879,1.0,263.5,275.0,700.0,235.0,685.7143,201.4286,3.055028,1.428571,10.0,2.897249,1.443376,11.54701,1,0,3.863703305156273,3.7158067079548327,0.1478965972014401,14.356774658846936,0.5,0.4285714285714285,1.9318516525781364,1.5924885891234997,0.101015254455221,1.4999999999999998,0.996615895540124,0.5,0.4285714285714285,0.0,0.0,0.0714285714285714,0.0,1.0398020156664236,0.039025371443629865,14.308189833694497,1.450253245319692,0.21428571428571425,0.0,0.007215375318230068,0.0,0.0,0.0,3.0764517126100577,480000.01,47335.721,72462.5,3.0660406786488204,3.789755006555553,0.04858482515243901,0.9285714285714285,1.0,14.211605320003574,0.010564042657245717,0.21356054904431224,3.0764517126100572,0.0,3.0764517126100577,0.33936306345463674
0.15625,30.0,858.0,2.0,54.8,767.0,22.313,329.0,0.0,9.188,1.0,5.0,1.0,1.750289,5.512634,96.2034,96.2034,141.6175,5.142692,74.87634,90.0,90.0,0.444444,-0.33,105.1879,1.0,263.5,275.0,700.0,235.0,685.7143,201.4286,3.055028,1.428571,10.0,2.897249,1.443376,11.54701,1,0,3.863703305156273,3.7158067079548327,0.1478965972014401,14.356774658846936,0.5,0.4285714285714285,1.9318516525781364,1.5924885891234997,0.101015254455221,1.4999999999999998,0.996615895540124,0.5,0.4285714285714285,0.0,0.0,0.0714285714285714,0.0,1.0398020156664236,0.039025371443629865,14.308189833694497,1.450253245319692,0.21428571428571425,0.0,0.007215375318230068,0.0,0.0,0.0,3.0764517126100577,480000.01,47335.721,72462.5,3.0660406786488204,3.789755006555553,0.04858482515243901,0.9285714285714285,1.0,14.211605320003574,0.010564042657245717,0.21356054904431224,3.0764517126100572,0.0,3.0764517126100577,0.33936306345463674
0.05767,15.0,858.0,60.0,33.0,95.69,8.6,329.43,0.0,8.6,1.0,2.414,1.0,1.0,5.142692,74.87634,90.0,90.0,2.924839,90.0,90.0,120.0,0.444444,0.636935,110.006,1.708366,275.0,267.5,685.7143,201.4286,800.0,257.5,2.897249,1.443376,11.54701,2.859813,2.5,10.0,1,0,3.7158067079548327,2.8284271247461903,0.8873795832086424,10.509888483093292,0.4285714285714285,0.5,1.5924885891234997,1.4142135623730951,0.662401321106836,1.2857142857142856,0.8542421961772493,0.4285714285714285,0.5,0.0,0.0,0.0714285714285714,0.0,1.3137360592774372,0.2711943378497672,8.977990219375593,6.9617640158865175,0.21428571428571425,0.0,0.04731438007905969,0.0,0.0,0.0,2.2521189606628487,548571.44,51867.864499999996,73562.5,1.9238550470090554,3.2721169163505115,1.5318982637176992,0.9285714285714285,1.0,9.129930100156209,0.06338425594347442,0.18305189918083908,2.252118960662848,0.0,2.2521189606628487,0.17827502675040452
0.094488,15.0,860.0,60.0,44.89,145.18,8.16,145.18,1.0,8.16,0.0,1.214,1.0,1.0,2.924839,90.0,90.0,120.0,5.142692,74.87634,90.0,90.0,0.444444,0.683733,105.4331,1.176906,267.5,275.0,800.0,257.5,685.7143,201.4286,2.859813,2.5,10.0,2.897249,1.443376,11.54701,1,0,2.8284271247461903,3.7158067079548327,0.8873795832086424,10.509888483093292,0.5,0.4285714285714285,1.4142135623730951,1.5924885891234997,0.662401321106836,1.2857142857142856,0.8542421961772493,0.5,0.4285714285714285,0.0,0.0,0.0714285714285714,0.0,0.7611879060014582,0.2711943378497672,8.977990219375593,6.9617640158865175,0.21428571428571425,0.0,0.04731438007905969,0.0,0.0,0.0,2.2521189606628487,548571.44,51867.864499999996,73562.5,1.9238550470090554,3.2721169163505115,1.5318982637176992,0.9285714285714285,1.0,9.129930100156209,0.06338425594347442,0.18305189918083908,2.252118960662848,0.0,2.2521189606628487,0.17827502675040452
0.157895,50.0,778.0,2.0,1.4325,1300.0,0.052,1600.0,0.0,0.053,1.0,5.0,1.0,1.0,8.071366,90.0,90.0,90.0,5.388094,122.2099,142.6878,47.91918,0.25,0.906687,27.57275,1.419154,255.2,243.0,573.3333,125.3333,520.0,94.0,3.065795,2.073118,16.17611,3.403618,2.686808,19.49359,1,0,3.519848583826397,3.4514488412024686,0.0683997426239289,12.14857731585577,0.2666666666666666,0.2,0.9386262890203728,0.6902897682404938,0.1333333333333333,1.4933333333333334,0.9941524587562924,0.4,0.4,0.1333333333333333,0.2,0.0,0.0666666666666666,1.0198176897797857,0.019623246078161186,12.077538008948933,1.619810308780769,0.16000000000000003,0.02666666666666666,0.0,0.008888888888888877,0.0,0.0,0.6479241235123079,298133.316,11781.3302,62013.6,1.9324060814318296,3.4856487125144326,0.07103930690683677,1.0,0.9333333333333333,13.071690467705226,0.0,0.1590643934010068,1.9437723705369234,0.0,0.6479241235123079,0.248336520779879
0.157895,50.0,837.4,2.0,19.42686,900.0,0.0365,1500.0,0.0,0.058,1.0,5.0,1.0,1.0,5.388094,122.2099,142.6878,47.91918,8.071366,90.0,90.0,90.0,0.25,0.898305,41.18263,0.628658,243.0,255.2,520.0,94.0,573.3333,125.3333,3.403618,2.686808,19.49359,3.065795,2.073118,16.17611,1,0,3.4514488412024686,3.519848583826397,0.0683997426239289,12.14857731585577,0.2,0.2666666666666666,0.6902897682404938,0.9386262890203728,0.1333333333333333,1.4933333333333334,0.9941524587562924,0.4,0.4,0.2,0.1333333333333333,0.0,0.0666666666666666,0.9805674190804975,0.019623246078161186,12.077538008948933,1.619810308780769,0.16000000000000003,0.02666666666666666,0.0,0.008888888888888877,0.0,0.0,0.6479241235123079,298133.316,11781.3302,62013.6,1.9324060814318296,3.4856487125144326,0.07103930690683677,1.0,0.9333333333333333,13.071690467705226,0.0,0.1590643934010068,1.9437723705369234,0.0,0.6479241235123079,0.248336520779879
0.230769,50.0,712.6,2.0,3.0868,750.0,0.049,1650.0,1.0,0.061,1.0,5.0,1.0,1.0,5.388094,122.2099,142.6878,47.91918,8.071366,90.0,90.0,90.0,0.25,0.898305,35.04507,0.628658,243.0,255.2,520.0,94.0,573.3333,125.3333,3.403618,2.686808,19.49359,3.065795,2.073118,16.17611,1,0,3.4514488412024686,3.519848583826397,0.0683997426239289,12.14857731585577,0.2,0.2666666666666666,0.6902897682404938,0.9386262890203728,0.1333333333333333,1.4933333333333334,0.9941524587562924,0.4,0.4,0.2,0.1333333333333333,0.0,0.0666666666666666,0.9805674190804975,0.019623246078161186,12.077538008948933,1.619810308780769,0.16000000000000003,0.02666666666666666,0.0,0.008888888888888877,0.0,0.0,0.6479241235123079,298133.316,11781.3302,62013.6,1.9324060814318296,3.4856487125144326,0.07103930690683677,1.0,0.9333333333333333,13.071690467705226,0.0,0.1590643934010068,1.9437723705369234,0.0,0.6479241235123079,0.248336520779879
0.232558,40.0,577.0,2.0,52.0,449.38,17.6,9.41,1.0,0.0,1.0,0.0,1.0,1.0,5.168555,33.70825,33.70825,33.70825,3.788512,90.0,90.0,90.0,0.375,0.77057,76.15127,1.0,280.6667,279.6,533.3333,144.3333,680.0,188.0,3.191218,1.767767,14.14214,2.820943,1.440876,12.24745,1,0,2.82842712474619,3.656648069074256,0.8282209443280664,10.342562584220406,0.3333333333333333,0.4,0.9428090415820632,1.4626592276297026,0.5249338582674541,1.4,0.910465468000326,0.3333333333333333,0.4,0.0,0.0,0.0666666666666667,0.0,0.77350269251567,0.25542369734217785,9.416546083564894,5.429161281707429,0.13333333333333333,0.0,0.03499559055116362,0.0,0.0,0.0,1.3790083445627208,362666.64400000003,27134.6604,78474.40932,1.2555394778086526,3.242537596910223,0.9260165006555128,0.9333333333333333,1.0,9.638544114794204,0.055214729621871114,0.1213953957333768,1.3790083445627208,0.0,1.3790083445627208,0.5198501860476393
0.232558,40.0,577.0,2.0,51.385,477.614,22.13,84.7,0.0,3.77,1.0,1.0,1.0,1.0,5.168555,33.70825,33.70825,33.70825,3.788512,90.0,90.0,90.0,0.375,0.77057,76.15127,1.0,280.6667,279.6,533.3333,144.3333,680.0,188.0,3.191218,1.767767,14.14214,2.820943,1.440876,12.24745,1,0,2.82842712474619,3.656648069074256,0.8282209443280664,10.342562584220406,0.3333333333333333,0.4,0.9428090415820632,1.4626592276297026,0.5249338582674541,1.4,0.910465468000326,0.3333333333333333,0.4,0.0,0.0,0.0666666666666667,0.0,0.77350269251567,0.25542369734217785,9.416546083564894,5.429161281707429,0.13333333333333333,0.0,0.03499559055116362,0.0,0.0,0.0,1.3790083445627208,362666.64400000003,27134.6604,78474.40932,1.2555394778086526,3.242537596910223,0.9260165006555128,0.9333333333333333,1.0,9.638544114794204,0.055214729621871114,0.1213953957333768,1.3790083445627208,0.0,1.3790083445627208,0.5198501860476393
0.232558,60.0,577.0,2.0,52.18,471.34,21.98,71.36,0.0,3.3,1.0,2.0,1.0,1.0,5.168555,33.70825,33.70825,33.70825,3.788512,90.0,90.0,90.0,0.375,0.802215,76.15127,1.0,280.6667,279.6,533.3333,144.3333,680.0,188.0,3.191218,1.767767,14.14214,2.820943,1.440876,12.24745,1,0,2.82842712474619,3.656648069074256,0.8282209443280664,10.342562584220406,0.3333333333333333,0.4,0.9428090415820632,1.4626592276297026,0.5249338582674541,1.4,0.910465468000326,0.3333333333333333,0.4,0.0,0.0,0.0666666666666667,0.0,0.77350269251567,0.25542369734217785,9.416546083564894,5.429161281707429,0.13333333333333333,0.0,0.03499559055116362,0.0,0.0,0.0,1.3790083445627208,362666.64400000003,27134.6604,78474.40932,1.2555394778086526,3.242537596910223,0.9260165006555128,0.9333333333333333,1.0,9.638544114794204,0.055214729621871114,0.1213953957333768,1.3790083445627208,0.0,1.3790083445627208,0.5198501860476393
0.232558,60.0,577.0,2.0,48.75,453.4,21.963,64.764,0.0,2.8,1.0,4.0,1.0,1.0,5.168555,33.70825,33.70825,33.70825,3.788512,90.0,90.0,90.0,0.375,0.78692,76.15127,1.0,280.6667,279.6,533.3333,144.3333,680.0,188.0,3.191218,1.767767,14.14214,2.820943,1.440876,12.24745,1,0,2.82842712474619,3.656648069074256,0.8282209443280664,10.342562584220406,0.3333333333333333,0.4,0.9428090415820632,1.4626592276297026,0.5249338582674541,1.4,0.910465468000326,0.3333333333333333,0.4,0.0,0.0,0.0666666666666667,0.0,0.77350269251567,0.25542369734217785,9.416546083564894,5.429161281707429,0.13333333333333333,0.0,0.03499559055116362,0.0,0.0,0.0,1.3790083445627208,362666.64400000003,27134.6604,78474.40932,1.2555394778086526,3.242537596910223,0.9260165006555128,0.9333333333333333,1.0,9.638544114794204,0.055214729621871114,0.1213953957333768,1.3790083445627208,0.0,1.3790083445627208,0.5198501860476393
0.232558,40.0,577.0,10.0,50.3,415.0,17.09,5.0,1.0,0.0,1.0,0.0,1.0,1.0,5.168555,33.70825,33.70825,33.70825,3.788512,90.0,90.0,90.0,0.375,0.77057,76.15127,1.0,280.6667,279.6,533.3333,144.3333,680.0,188.0,3.191218,1.767767,14.14214,2.820943,1.440876,12.24745,1,0,2.82842712474619,3.656648069074256,0.8282209443280664,10.342562584220406,0.3333333333333333,0.4,0.9428090415820632,1.4626592276297026,0.5249338582674541,1.4,0.910465468000326,0.3333333333333333,0.4,0.0,0.0,0.0666666666666667,0.0,0.77350269251567,0.25542369734217785,9.416546083564894,5.429161281707429,0.13333333333333333,0.0,0.03499559055116362,0.0,0.0,0.0,1.3790083445627208,362666.64400000003,27134.6604,78474.40932,1.2555394778086526,3.242537596910223,0.9260165006555128,0.9333333333333333,1.0,9.638544114794204,0.055214729621871114,0.1213953957333768,1.3790083445627208,0.0,1.3790083445627208,0.5198501860476393
0.232558,40.0,577.0,10.0,50.275,429.0,19.818,49.725,0.0,2.546,1.0,1.0,1.0,1.0,5.168555,33.70825,33.70825,33.70825,3.788512,90.0,90.0,90.0,0.375,0.77057,76.15127,1.0,280.6667,279.6,533.3333,144.3333,680.0,188.0,3.191218,1.767767,14.14214,2.820943,1.440876,12.24745,1,0,2.82842712474619,3.656648069074256,0.8282209443280664,10.342562584220406,0.3333333333333333,0.4,0.9428090415820632,1.4626592276297026,0.5249338582674541,1.4,0.910465468000326,0.3333333333333333,0.4,0.0,0.0,0.0666666666666667,0.0,0.77350269251567,0.25542369734217785,9.416546083564894,5.429161281707429,0.13333333333333333,0.0,0.03499559055116362,0.0,0.0,0.0,1.3790083445627208,362666.64400000003,27134.6604,78474.40932,1.2555394778086526,3.242537596910223,0.9260165006555128,0.9333333333333333,1.0,9.638544114794204,0.055214729621871114,0.1213953957333768,1.3790083445627208,0.0,1.3790083445627208,0.5198501860476393
0.232558,60.0,577.0,10.0,48.91,421.24,19.4,41.96,0.0,2.4,1.0,3.0,1.0,1.0,5.168555,33.70825,33.70825,33.70825,3.788512,90.0,90.0,90.0,0.375,0.802215,76.15127,1.0,280.6667,279.6,533.3333,144.3333,680.0,188.0,3.191218,1.767767,14.14214,2.820943,1.440876,12.24745,1,0,2.82842712474619,3.656648069074256,0.8282209443280664,10.342562584220406,0.3333333333333333,0.4,0.9428090415820632,1.4626592276297026,0.5249338582674541,1.4,0.910465468000326,0.3333333333333333,0.4,0.0,0.0,0.0666666666666667,0.0,0.77350269251567,0.25542369734217785,9.416546083564894,5.429161281707429,0.13333333333333333,0.0,0.03499559055116362,0.0,0.0,0.0,1.3790083445627208,362666.64400000003,27134.6604,78474.40932,1.2555394778086526,3.242537596910223,0.9260165006555128,0.9333333333333333,1.0,9.638544114794204,0.055214729621871114,0.1213953957333768,1.3790083445627208,0.0,1.3790083445627208,0.5198501860476393
0.232558,40.0,577.0,100.0,51.0,55.122,3.195,2.42,1.0,0.0,1.0,0.0,1.0,1.0,5.168555,33.70825,33.70825,33.70825,3.788512,90.0,90.0,90.0,0.375,0.77057,76.15127,1.0,280.6667,279.6,533.3333,144.3333,680.0,188.0,3.191218,1.767767,14.14214,2.820943,1.440876,12.24745,1,0,2.82842712474619,3.656648069074256,0.8282209443280664,10.342562584220406,0.3333333333333333,0.4,0.9428090415820632,1.4626592276297026,0.5249338582674541,1.4,0.910465468000326,0.3333333333333333,0.4,0.0,0.0,0.0666666666666667,0.0,0.77350269251567,0.25542369734217785,9.416546083564894,5.429161281707429,0.13333333333333333,0.0,0.03499559055116362,0.0,0.0,0.0,1.3790083445627208,362666.64400000003,27134.6604,78474.40932,1.2555394778086526,3.242537596910223,0.9260165006555128,0.9333333333333333,1.0,9.638544114794204,0.055214729621871114,0.1213953957333768,1.3790083445627208,0.0,1.3790083445627208,0.5198501860476393
0.232558,40.0,577.0,100.0,48.85,53.78,3.345,2.42,1.0,0.1,0.0,1.0,1.0,1.0,5.168555,33.70825,33.70825,33.70825,3.788512,90.0,90.0,90.0,0.375,0.77057,76.15127,1.0,280.6667,279.6,533.3333,144.3333,680.0,188.0,3.191218,1.767767,14.14214,2.820943,1.440876,12.24745,1,0,2.82842712474619,3.656648069074256,0.8282209443280664,10.342562584220406,0.3333333333333333,0.4,0.9428090415820632,1.4626592276297026,0.5249338582674541,1.4,0.910465468000326,0.3333333333333333,0.4,0.0,0.0,0.0666666666666667,0.0,0.77350269251567,0.25542369734217785,9.416546083564894,5.429161281707429,0.13333333333333333,0.0,0.03499559055116362,0.0,0.0,0.0,1.3790083445627208,362666.64400000003,27134.6604,78474.40932,1.2555394778086526,3.242537596910223,0.9260165006555128,0.9333333333333333,1.0,9.638544114794204,0.055214729621871114,0.1213953957333768,1.3790083445627208,0.0,1.3790083445627208,0.5198501860476393
0.232558,60.0,577.0,100.0,50.6,53.0,3.375,2.42,1.0,0.66,0.0,2.0,1.0,1.0,5.168555,33.70825,33.70825,33.70825,3.788512,90.0,90.0,90.0,0.375,0.802215,76.15127,1.0,280.6667,279.6,533.3333,144.3333,680.0,188.0,3.191218,1.767767,14.14214,2.820943,1.440876,12.24745,1,0,2.82842712474619,3.656648069074256,0.8282209443280664,10.342562584220406,0.3333333333333333,0.4,0.9428090415820632,1.4626592276297026,0.5249338582674541,1.4,0.910465468000326,0.3333333333333333,0.4,0.0,0.0,0.0666666666666667,0.0,0.77350269251567,0.25542369734217785,9.416546083564894,5.429161281707429,0.13333333333333333,0.0,0.03499559055116362,0.0,0.0,0.0,1.3790083445627208,362666.64400000003,27134.6604,78474.40932,1.2555394778086526,3.242537596910223,0.9260165006555128,0.9333333333333333,1.0,9.638544114794204,0.055214729621871114,0.1213953957333768,1.3790083445627208,0.0,1.3790083445627208,0.5198501860476393
0.232558,40.0,577.0,300.0,52.5,20.115,1.442,1.355,1.0,0.0,1.0,0.0,1.0,1.0,5.168555,33.70825,33.70825,33.70825,3.788512,90.0,90.0,90.0,0.375,0.77057,76.15127,1.0,280.6667,279.6,533.3333,144.3333,680.0,188.0,3.191218,1.767767,14.14214,2.820943,1.440876,12.24745,1,0,2.82842712474619,3.656648069074256,0.8282209443280664,10.342562584220406,0.3333333333333333,0.4,0.9428090415820632,1.4626592276297026,0.5249338582674541,1.4,0.910465468000326,0.3333333333333333,0.4,0.0,0.0,0.0666666666666667,0.0,0.77350269251567,0.25542369734217785,9.416546083564894,5.429161281707429,0.13333333333333333,0.0,0.03499559055116362,0.0,0.0,0.0,1.3790083445627208,362666.64400000003,27134.6604,78474.40932,1.2555394778086526,3.242537596910223,0.9260165006555128,0.9333333333333333,1.0,9.638544114794204,0.055214729621871114,0.1213953957333768,1.3790083445627208,0.0,1.3790083445627208,0.5198501860476393
0.232558,40.0,577.0,300.0,46.11,19.88,1.438,0.6585,0.0,0.139,0.0,1.0,1.0,1.0,5.168555,33.70825,33.70825,33.70825,3.788512,90.0,90.0,90.0,0.375,0.77057,76.15127,1.0,280.6667,279.6,533.3333,144.3333,680.0,188.0,3.191218,1.767767,14.14214,2.820943,1.440876,12.24745,1,0,2.82842712474619,3.656648069074256,0.8282209443280664,10.342562584220406,0.3333333333333333,0.4,0.9428090415820632,1.4626592276297026,0.5249338582674541,1.4,0.910465468000326,0.3333333333333333,0.4,0.0,0.0,0.0666666666666667,0.0,0.77350269251567,0.25542369734217785,9.416546083564894,5.429161281707429,0.13333333333333333,0.0,0.03499559055116362,0.0,0.0,0.0,1.3790083445627208,362666.64400000003,27134.6604,78474.40932,1.2555394778086526,3.242537596910223,0.9260165006555128,0.9333333333333333,1.0,9.638544114794204,0.055214729621871114,0.1213953957333768,1.3790083445627208,0.0,1.3790083445627208,0.5198501860476393
0.232558,60.0,577.0,300.0,45.78,20.814,1.5775,0.659,0.0,0.0695,0.0,2.0,1.0,1.0,5.168555,33.70825,33.70825,33.70825,3.788512,90.0,90.0,90.0,0.375,0.802215,76.15127,1.0,280.6667,279.6,533.3333,144.3333,680.0,188.0,3.191218,1.767767,14.14214,2.820943,1.440876,12.24745,1,0,2.82842712474619,3.656648069074256,0.8282209443280664,10.342562584220406,0.3333333333333333,0.4,0.9428090415820632,1.4626592276297026,0.5249338582674541,1.4,0.910465468000326,0.3333333333333333,0.4,0.0,0.0,0.0666666666666667,0.0,0.77350269251567,0.25542369734217785,9.416546083564894,5.429161281707429,0.13333333333333333,0.0,0.03499559055116362,0.0,0.0,0.0,1.3790083445627208,362666.64400000003,27134.6604,78474.40932,1.2555394778086526,3.242537596910223,0.9260165006555128,0.9333333333333333,1.0,9.638544114794204,0.055214729621871114,0.1213953957333768,1.3790083445627208,0.0,1.3790083445627208,0.5198501860476393
0.2,20.0,858.0,5.0,57.0,624.1,33.04,15.0,0.0,3.8,1.0,3.0,1.0,1.0,5.142692,74.87634,90.0,90.0,0.0,0.0,0.0,0.0,0.428571,0.862471,140.2505,1.708366,275.0,0.0,685.7143,201.4286,0.0,0.0,2.897249,1.443376,11.54701,0.0,-2.22e-16,0.0,0,0,3.7158067079548327,0.0,3.7158067079548327,0.0,0.4285714285714285,0.0,1.5924885891234997,0.0,1.228903609577518,0.0,0.0,0.4285714285714285,0.0,0.0,0.0,0.4285714285714285,0.0,371580671.79548323,1.9999999892351776,0.0,0.0,0.0,0.0,0.5266729755332219,0.0,0.0,0.0,0.0,0.0,0.0,0.0,0.0,1.8579033539774163,0.0,0.5714285714285715,1.0,0.0,1.5924885891234994,0.0,0.0,0.0,0.0,1.5924885891234997
0.178571,20.0,793.0,5.0,55.0,8336.0,43.5,52.0,0.0,2.15,1.0,3.0,1.0,1.0,5.187945,96.14845,102.081,89.75899,0.0,0.0,0.0,0.0,0.428571,0.740664,122.4097,1.199041,275.2857,0.0,691.4286,203.1429,0.0,0.0,2.882541,1.56043,11.55168,0.0,-2.22e-16,0.0,0,0,3.657178357134322,0.0,3.657178357134322,0.0,0.4285714285714286,0.0,1.5673621530575668,0.0,1.211509431263668,0.0,0.0,0.4285714285714286,0.0,0.0,0.0,0.4285714285714286,0.0,365717836.7134322,1.9999999890626063,0.0,0.0,0.0,0.0,0.5192183276844292,0.0,0.0,0.0,0.0,0.0,0.0,0.0,0.0,1.828589178567161,0.0,0.5714285714285714,1.0,0.0,1.5673621530575668,0.0,0.0,0.0,0.0,1.5673621530575668
0.16129,20.0,793.0,5.0,51.0,10760.0,36.47,70.0,0.0,0.0,1.0,3.0,1.0,1.0,5.345989,105.2721,108.1214,89.63849,0.0,0.0,0.0,0.0,0.428571,0.745028,107.7258,1.087915,275.5,0.0,695.7143,204.4286,0.0,0.0,2.871474,1.637698,11.55415,0.0,-2.22e-16,0.0,0,0,3.6132070940189385,0.0,3.6132070940189385,0.0,0.4285714285714286,0.0,1.5485173260081166,0.0,1.201869292360183,0.0,0.0,0.4285714285714286,0.0,0.0,0.0,0.4285714285714286,0.0,361320710.40189385,1.9999999889295026,0.0,0.0,0.0,0.0,0.5150868395829357,0.0,0.0,0.0,0.0,0.0,0.0,0.0,0.0,1.8066035470094692,0.0,0.5714285714285714,1.0,0.0,1.5485173260081166,0.0,0.0,0.0,0.0,1.5485173260081166
0.15,20.0,789.0,5.0,45.0,14563.0,32.22,20.0,0.0,2.48,1.0,3.0,1.0,1.0,5.932914,120.4948,120.2024,89.39748,0.0,0.0,0.0,0.0,0.428571,0.552809,66.49346,1.0,275.7143,0.0,700.0,205.7143,0.0,0.0,2.860376,1.707469,11.55577,0.0,-2.22e-16,0.0,0,0,3.569235830903556,0.0,3.569235830903556,0.0,0.4285714285714285,0.0,1.5296724989586663,0.0,1.1952286093343936,0.0,0.0,0.4285714285714285,0.0,0.0,0.0,0.4285714285714285,0.0,356923584.0903556,1.9999999887931195,0.0,0.0,0.0,0.0,0.5122408325718829,0.0,0.0,0.0,0.0,0.0,0.0,0.0,0.0,1.784617915451778,0.0,0.5714285714285715,1.0,0.0,1.5296724989586665,0.0,0.0,0.0,0.0,1.5296724989586663
0.166667,50.0,683.0,10.0,1.259,1219.58,0.0485,1219.58,0.0,0.0485,1.0,6.5,1.0,1.0,5.388094,122.2099,142.6878,47.91918,0.0,0.0,0.0,0.0,0.2,0.945568,121.0295,0.628658,243.0,0.0,520.0,94.0,0.0,0.0,3.403618,2.686808,19.49359,0.0,-2.22e-16,0.0,0,0,3.4514488412024686,0.0,3.4514488412024686,0.0,0.2,0.0,0.6902897682404938,0.0,1.2328828005937953,0.0,0.0,0.4,0.0,0.2,0.0,0.4,0.2,345144885.1202468,1.9999999884106643,0.0,0.0,0.0,0.0,0.4931531202375181,0.24657656011875906,0.0,0.0,0.0,0.0,0.0,0.0,0.0,1.7257244206012343,0.0,0.6,0.8,0.0,1.3805795364809876,0.0,0.0,0.0,0.0,0.6902897682404938
0.166667,50.0,683.0,130.0,0.8455,429.82,0.0105,1182.0,0.0,0.031,1.0,6.5,1.0,1.0,5.388094,122.2099,142.6878,47.91918,0.0,0.0,0.0,0.0,0.2,0.945568,121.0295,0.628658,243.0,0.0,520.0,94.0,0.0,0.0,3.403618,2.686808,19.49359,0.0,-2.22e-16,0.0,0,0,3.4514488412024686,0.0,3.4514488412024686,0.0,0.2,0.0,0.6902897682404938,0.0,1.2328828005937953,0.0,0.0,0.4,0.0,0.2,0.0,0.4,0.2,345144885.1202468,1.9999999884106643,0.0,0.0,0.0,0.0,0.4931531202375181,0.24657656011875906,0.0,0.0,0.0,0.0,0.0,0.0,0.0,1.7257244206012343,0.0,0.6,0.8,0.0,1.3805795364809876,0.0,0.0,0.0,0.0,0.6902897682404938
0.166667,50.0,683.0,300.0,0.646,1500.0,0.025,342.15,1.0,0.006,1.0,6.5,1.0,1.0,5.388094,122.2099,142.6878,47.91918,0.0,0.0,0.0,0.0,0.2,0.945568,121.0295,0.628658,243.0,0.0,520.0,94.0,0.0,0.0,3.403618,2.686808,19.49359,0.0,-2.22e-16,0.0,0,0,3.4514488412024686,0.0,3.4514488412024686,0.0,0.2,0.0,0.6902897682404938,0.0,1.2328828005937953,0.0,0.0,0.4,0.0,0.2,0.0,0.4,0.2,345144885.1202468,1.9999999884106643,0.0,0.0,0.0,0.0,0.4931531202375181,0.24657656011875906,0.0,0.0,0.0,0.0,0.0,0.0,0.0,1.7257244206012343,0.0,0.6,0.8,0.0,1.3805795364809876,0.0,0.0,0.0,0.0,0.6902897682404938
0.133333,30.0,800.0,10.0,63.0,3999.6,34.3,0.1,0.0,0.0,1.0,1.4,0.805996,1.0,3.070579,92.37295,92.37295,80.08855,0.0,0.0,0.0,0.0,1.0,0.596991,310.6425,1.0,184.5,0.0,830.0,479.0,0.0,0.0,0.124189,0.552118,0.287009,0.0,-2.22e-16,0.0,0,0,4.591180643758674,0.0,4.591180643758674,0.0,1.0,0.0,4.591180643758674,0.0,1.2569805089976536,0.0,0.0,1.0,0.0,0.0,0.0,1.0,0.0,459118065.3758674,1.999999991287644,0.0,0.0,0.0,0.0,1.2569805089976536,0.0,0.0,0.0,0.0,0.0,0.0,0.0,0.0,2.295590321879337,0.0,0.0,1.0,0.0,4.591180643758674,0.0,0.0,0.0,0.0,4.591180643758674
0.125,30.0,800.0,150.0,59.95,1299.65,28.0,399.95,1.0,0.0,1.0,1.4,0.805996,1.0,2.685097,90.0,90.0,97.23775,0.0,0.0,0.0,0.0,1.0,0.534161,227.4824,1.223711,184.5,0.0,830.0,479.0,0.0,0.0,0.124189,0.552118,0.287009,0.0,-2.22e-16,0.0,0,0,4.591180643758674,0.0,4.591180643758674,0.0,1.0,0.0,4.591180643758674,0.0,1.2569805089976536,0.0,0.0,1.0,0.0,0.0,0.0,1.0,0.0,459118065.3758674,1.999999991287644,0.0,0.0,0.0,0.0,1.2569805089976536,0.0,0.0,0.0,0.0,0.0,0.0,0.0,0.0,2.295590321879337,0.0,0.0,1.0,0.0,4.591180643758674,0.0,0.0,0.0,0.0,4.591180643758674
0.117647,30.0,800.0,300.0,55.4,849.7,22.25,49.9,1.0,0.0,1.0,1.2,0.805996,1.0,2.685097,90.0,90.0,97.23775,0.0,0.0,0.0,0.0,1.0,0.607227,227.4824,1.223711,184.5,0.0,830.0,479.0,0.0,0.0,0.124189,0.552118,0.287009,0.0,-2.22e-16,0.0,0,0,4.591180643758674,0.0,4.591180643758674,0.0,1.0,0.0,4.591180643758674,0.0,1.2569805089976536,0.0,0.0,1.0,0.0,0.0,0.0,1.0,0.0,459118065.3758674,1.999999991287644,0.0,0.0,0.0,0.0,1.2569805089976536,0.0,0.0,0.0,0.0,0.0,0.0,0.0,0.0,2.295590321879337,0.0,0.0,1.0,0.0,4.591180643758674,0.0,0.0,0.0,0.0,4.591180643758674
0.117647,30.0,800.0,300.0,90.95,799.65,21.0,0.05,1.0,0.43,1.0,2.0,0.805996,1.0,2.843446,90.0,90.0,90.0,0.0,0.0,0.0,0.0,1.0,0.616466,211.0116,1.0,185.5,0.0,850.0,485.0,0.0,0.0,0.134771,0.588235,0.309278,0.0,-2.22e-16,0.0,0,0,4.385981415886887,0.0,4.385981415886887,0.0,1.0,0.0,4.385981415886887,0.0,1.224744871391589,0.0,0.0,1.0,0.0,0.0,0.0,1.0,0.0,438598142.5886887,1.9999999908800343,0.0,0.0,0.0,0.0,1.224744871391589,0.0,0.0,0.0,0.0,0.0,0.0,0.0,0.0,2.1929907079434434,0.0,0.0,1.0,0.0,4.385981415886887,0.0,0.0,0.0,0.0,4.385981415886887
0.133333,30.0,800.0,10.0,18.3,3999.65,21.6,0.05,1.0,0.0,1.0,1.4,0.805996,1.0,2.685097,90.0,90.0,97.23775,0.0,0.0,0.0,0.0,1.0,0.61568,227.4824,1.223711,186.5,0.0,870.0,491.0,0.0,0.0,0.122857,0.526733,0.279994,0.0,-2.22e-16,0.0,0,0,4.180782188015098,0.0,4.180782188015098,0.0,1.0,0.0,4.180782188015098,0.0,1.2569805089976536,0.0,0.0,1.0,0.0,0.0,0.0,1.0,0.0,418078219.8015098,1.9999999904324124,0.0,0.0,0.0,0.0,1.2569805089976536,0.0,0.0,0.0,0.0,0.0,0.0,0.0,0.0,2.090391094007549,0.0,0.0,1.0,0.0,4.180782188015098,0.0,0.0,0.0,0.0,4.180782188015098
0.125,30.0,800.0,150.0,13.0,2299.75,18.0,99.95,1.0,0.0,1.0,1.4,0.805996,1.0,2.685097,90.0,90.0,97.23775,0.0,0.0,0.0,0.0,1.0,0.534161,227.4824,1.223711,186.5,0.0,870.0,491.0,0.0,0.0,0.122857,0.526733,0.279994,0.0,-2.22e-16,0.0,0,0,4.180782188015098,0.0,4.180782188015098,0.0,1.0,0.0,4.180782188015098,0.0,1.2569805089976536,0.0,0.0,1.0,0.0,0.0,0.0,1.0,0.0,418078219.8015098,1.9999999904324124,0.0,0.0,0.0,0.0,1.2569805089976536,0.0,0.0,0.0,0.0,0.0,0.0,0.0,0.0,2.090391094007549,0.0,0.0,1.0,0.0,4.180782188015098,0.0,0.0,0.0,0.0,4.180782188015098
0.117647,30.0,800.0,300.0,10.85,1099.75,11.7,0.05,0.0,0.0,1.0,1.2,0.805996,1.0,2.693534,84.0,84.0,87.61887,0.0,0.0,0.0,0.0,1.0,0.64209,344.2897,1.111505,186.5,0.0,870.0,491.0,0.0,0.0,0.122857,0.526733,0.279994,0.0,-2.22e-16,0.0,0,0,4.180782188015098,0.0,4.180782188015098,0.0,1.0,0.0,4.180782188015098,0.0,1.2569805089976536,0.0,0.0,1.0,0.0,0.0,0.0,1.0,0.0,418078219.8015098,1.9999999904324124,0.0,0.0,0.0,0.0,1.2569805089976536,0.0,0.0,0.0,0.0,0.0,0.0,0.0,0.0,2.090391094007549,0.0,0.0,1.0,0.0,4.180782188015098,0.0,0.0,0.0,0.0,4.180782188015098
0.1875,60.0,860.0,5.0,25.45,1620.97,10.5,781.28,0.0,3.74,1.0,7.0,1.0,1.0,5.512634,96.2034,96.2034,141.6175,5.142692,74.87634,90.0,90.0,0.444444,-0.66667,105.4331,1.0,263.5,275.0,700.0,235.0,685.7143,201.4286,3.055028,1.428571,10.0,2.897249,1.443376,11.54701,1,0,3.863703305156273,3.7158067079548327,0.1478965972014401,14.356774658846936,0.5,0.4285714285714285,1.9318516525781364,1.5924885891234997,0.101015254455221,1.4999999999999998,0.996615895540124,0.5,0.4285714285714285,0.0,0.0,0.0714285714285714,0.0,1.0398020156664236,0.039025371443629865,14.308189833694497,1.450253245319692,0.21428571428571425,0.0,0.007215375318230068,0.0,0.0,0.0,3.0764517126100577,480000.01,47335.721,72462.5,3.0660406786488204,3.789755006555553,0.04858482515243901,0.9285714285714285,1.0,14.211605320003574,0.010564042657245717,0.21356054904431224,3.0764517126100572,0.0,3.0764517126100577,0.33936306345463674
0.24,60.0,860.0,5.0,19.21,2044.82,7.1,1022.0,0.0,3.717,1.0,7.0,0.805996,1.0,5.512634,96.2034,96.2034,141.6175,5.142692,74.87634,90.0,90.0,0.444444,-0.33,105.4331,1.0,263.5,275.0,700.0,235.0,685.7143,201.4286,3.055028,1.428571,10.0,2.897249,1.443376,11.54701,1,0,3.863703305156273,3.7158067079548327,0.1478965972014401,14.356774658846936,0.5,0.4285714285714285,1.9318516525781364,1.5924885891234997,0.101015254455221,1.4999999999999998,0.996615895540124,0.5,0.4285714285714285,0.0,0.0,0.0714285714285714,0.0,1.0398020156664236,0.039025371443629865,14.308189833694497,1.450253245319692,0.21428571428571425,0.0,0.007215375318230068,0.0,0.0,0.0,3.0764517126100577,480000.01,47335.721,72462.5,3.0660406786488204,3.789755006555553,0.04858482515243901,0.9285714285714285,1.0,14.211605320003574,0.010564042657245717,0.21356054904431224,3.0764517126100572,0.0,3.0764517126100577,0.33936306345463674
0.482143,50.0,860.0,20.0,20.0,681.83,10.0,471.0,0.0,0.0,1.0,0.1,0.516643,1.0,5.512634,96.2034,96.2034,141.6175,5.142692,74.87634,90.0,90.0,0.444444,-0.33,105.4331,1.0,263.5,275.0,700.0,235.0,685.7143,201.4286,3.055028,1.428571,10.0,2.897249,1.443376,11.54701,1,0,3.863703305156273,3.7158067079548327,0.1478965972014401,14.356774658846936,0.5,0.4285714285714285,1.9318516525781364,1.5924885891234997,0.101015254455221,1.4999999999999998,0.996615895540124,0.5,0.4285714285714285,0.0,0.0,0.0714285714285714,0.0,1.0398020156664236,0.039025371443629865,14.308189833694497,1.450253245319692,0.21428571428571425,0.0,0.007215375318230068,0.0,0.0,0.0,3.0764517126100577,480000.01,47335.721,72462.5,3.0660406786488204,3.789755006555553,0.04858482515243901,0.9285714285714285,1.0,14.211605320003574,0.010564042657245717,0.21356054904431224,3.0764517126100572,0.0,3.0764517126100577,0.33936306345463674
0.419913,20.0,860.0,2.0,44.14,959.2,13.638,583.0,0.0,7.934,1.0,1.0,0.671139,1.0,5.512634,96.2034,96.2034,141.6175,5.142692,74.87634,90.0,90.0,0.444444,-0.33,105.4331,1.0,263.5,275.0,700.0,235.0,685.7143,201.4286,3.055028,1.428571,10.0,2.897249,1.443376,11.54701,1,0,3.863703305156273,3.7158067079548327,0.1478965972014401,14.356774658846936,0.5,0.4285714285714285,1.9318516525781364,1.5924885891234997,0.101015254455221,1.4999999999999998,0.996615895540124,0.5,0.4285714285714285,0.0,0.0,0.0714285714285714,0.0,1.0398020156664236,0.039025371443629865,14.308189833694497,1.450253245319692,0.21428571428571425,0.0,0.007215375318230068,0.0,0.0,0.0,3.0764517126100577,480000.01,47335.721,72462.5,3.0660406786488204,3.789755006555553,0.04858482515243901,0.9285714285714285,1.0,14.211605320003574,0.010564042657245717,0.21356054904431224,3.0764517126100572,0.0,3.0764517126100577,0.33936306345463674
0.217391,10.0,860.0,5.0,31.0,1897.0,28.9,1190.0,0.0,0.0,1.0,1.0,1.0,1.0,2.459352,109.4691,109.4671,109.4596,5.142692,74.87634,90.0,90.0,0.5,0.865654,105.4331,1.000148,183.0,275.0,800.0,470.0,685.7143,201.4286,0.0,0.0,0.0,2.897249,1.443376,11.54701,1,0,4.898979485566356,3.7158067079548327,1.183172777611523,18.20366083460058,1.0,0.4285714285714285,4.898979485566356,1.5924885891234997,0.8081220356417685,1.4285714285714286,0.8219949365267865,1.0,0.4285714285714285,0.0,0.0,0.5714285714285714,0.0,1.3184161253313889,0.2746841879266823,14.963317032292652,14.710779449789756,0.4285714285714285,0.0,0.46178402036672483,0.0,0.0,0.0,7.801568929114534,548571.44,94671.442,50325.0,6.41285015669685,4.3073930967605945,3.240343802307928,0.4285714285714285,1.0,6.765133700922616,0.6760987300637274,0.3522835442257656,7.8015689291145325,0.0,7.801568929114534,3.306490896442856
0.1875,10.0,858.0,5.0,84.0,862.0,76.8,133.0,0.0,0.4476,1.0,1.0,1.0,1.0,5.142692,74.87634,90.0,90.0,0.0,0.0,0.0,0.0,0.428571,0.862471,140.2505,1.708366,275.0,0.0,685.7143,201.4286,0.0,0.0,2.897249,1.443376,11.54701,0.0,-2.22e-16,0.0,0,0,3.7158067079548327,0.0,3.7158067079548327,0.0,0.4285714285714285,0.0,1.5924885891234997,0.0,1.228903609577518,0.0,0.0,0.4285714285714285,0.0,0.0,0.0,0.4285714285714285,0.0,371580671.79548323,1.9999999892351776,0.0,0.0,0.0,0.0,0.5266729755332219,0.0,0.0,0.0,0.0,0.0,0.0,0.0,0.0,1.8579033539774163,0.0,0.5714285714285715,1.0,0.0,1.5924885891234994,0.0,0.0,0.0,0.0,1.5924885891234997
0.2,60.0,985.0,30.0,15.1225,1361.79,38.8493,20.0,0.0,0.3699,1.0,5.0,1.0,1.0,2.459352,109.4691,109.4671,109.4596,3.788512,90.0,90.0,90.0,0.5,0.883966,129.9983,1.000148,183.0,279.6,800.0,470.0,680.0,188.0,0.0,0.0,0.0,2.820943,1.440876,12.24745,1,0,4.898979485566356,3.656648069074256,1.2423314164920995,17.913843876330606,1.0,0.4,4.898979485566356,1.4626592276297026,0.848528137423857,1.4,0.8029550685469662,1.0,0.4,0.0,0.0,0.6,0.0,1.339745961226495,0.29041269168247663,14.384011737658692,15.200400578484576,0.4,0.0,0.5091168824543142,0.0,0.0,0.0,7.165537550532243,544000.0,88360.0,51166.8,5.753604695063477,4.277813777320306,3.529832138671914,0.4,1.0,6.074786722482264,0.7453988498952597,0.3211820274187865,7.1655375505322425,0.0,7.165537550532243,3.436320257936653
0.3,60.0,985.0,15.0,15.2465,2544.74,37.8808,1071.526,0.0,0.514774,1.0,5.0,1.0,1.0,2.459352,109.4691,109.4671,109.4596,3.788512,90.0,90.0,90.0,0.5,0.883966,129.9983,1.000148,183.0,279.6,800.0,470.0,680.0,188.0,0.0,0.0,0.0,2.820943,1.440876,12.24745,1,0,4.898979485566356,3.656648069074256,1.2423314164920995,17.913843876330606,1.0,0.4,4.898979485566356,1.4626592276297026,0.848528137423857,1.4,0.8029550685469662,1.0,0.4,0.0,0.0,0.6,0.0,1.339745961226495,0.29041269168247663,14.384011737658692,15.200400578484576,0.4,0.0,0.5091168824543142,0.0,0.0,0.0,7.165537550532243,544000.0,88360.0,51166.8,5.753604695063477,4.277813777320306,3.529832138671914,0.4,1.0,6.074786722482264,0.7453988498952597,0.3211820274187865,7.1655375505322425,0.0,7.165537550532243,3.436320257936653
0.2,60.0,985.0,5.0,54.6886,6193.508,49.286,1600.0,0.0,0.0,1.0,1.0,1.0,1.0,2.459352,109.4691,109.4671,109.4596,3.788512,90.0,90.0,90.0,0.5,0.883966,129.9983,1.000148,183.0,279.6,800.0,470.0,680.0,188.0,0.0,0.0,0.0,2.820943,1.440876,12.24745,1,0,4.898979485566356,3.656648069074256,1.2423314164920995,17.913843876330606,1.0,0.4,4.898979485566356,1.4626592276297026,0.848528137423857,1.4,0.8029550685469662,1.0,0.4,0.0,0.0,0.6,0.0,1.339745961226495,0.29041269168247663,14.384011737658692,15.200400578484576,0.4,0.0,0.5091168824543142,0.0,0.0,0.0,7.165537550532243,544000.0,88360.0,51166.8,5.753604695063477,4.277813777320306,3.529832138671914,0.4,1.0,6.074786722482264,0.7453988498952597,0.3211820274187865,7.1655375505322425,0.0,7.165537550532243,3.436320257936653
0.375,50.0,860.0,300.0,38.9,1538.46,16.23,1000.0,0.0,0.0,1.0,0.0,0.516643,1.0,5.512634,96.2034,96.2034,141.6175,5.142692,74.87634,90.0,90.0,0.444444,-0.15224,105.4331,1.0,263.5,275.0,700.0,235.0,685.7143,201.4286,3.055028,1.428571,10.0,2.897249,1.443376,11.54701,1,0,3.863703305156273,3.7158067079548327,0.1478965972014401,14.356774658846936,0.5,0.4285714285714285,1.9318516525781364,1.5924885891234997,0.101015254455221,1.4999999999999998,0.996615895540124,0.5,0.4285714285714285,0.0,0.0,0.0714285714285714,0.0,1.0398020156664236,0.039025371443629865,14.308189833694497,1.450253245319692,0.21428571428571425,0.0,0.007215375318230068,0.0,0.0,0.0,3.0764517126100577,480000.01,47335.721,72462.5,3.0660406786488204,3.789755006555553,0.04858482515243901,0.9285714285714285,1.0,14.211605320003574,0.010564042657245717,0.21356054904431224,3.0764517126100572,0.0,3.0764517126100577,0.33936306345463674
0.167598,20.0,985.0,5.0,40.2714,1746.242,10.8132,140.0,0.0,0.926,1.0,2.0,1.0,1.0,2.459352,109.4691,109.4671,109.4596,3.788512,90.0,90.0,90.0,0.5,0.883966,129.9983,1.000148,183.0,279.6,800.0,470.0,680.0,188.0,0.0,0.0,0.0,2.820943,1.440876,12.24745,1,0,4.898979485566356,3.656648069074256,1.2423314164920995,17.913843876330606,1.0,0.4,4.898979485566356,1.4626592276297026,0.848528137423857,1.4,0.8029550685469662,1.0,0.4,0.0,0.0,0.6,0.0,1.339745961226495,0.29041269168247663,14.384011737658692,15.200400578484576,0.4,0.0,0.5091168824543142,0.0,0.0,0.0,7.165537550532243,544000.0,88360.0,51166.8,5.753604695063477,4.277813777320306,3.529832138671914,0.4,1.0,6.074786722482264,0.7453988498952597,0.3211820274187865,7.1655375505322425,0.0,7.165537550532243,3.436320257936653
0.128755,20.0,985.0,5.0,20.862,1359.636,7.2,964.9,0.0,4.79,1.0,1.36,1.0,1.0,2.459352,109.4691,109.4671,109.4596,3.788512,90.0,90.0,90.0,0.5,0.883966,129.9983,1.000148,183.0,279.6,800.0,470.0,680.0,188.0,0.0,0.0,0.0,2.820943,1.440876,12.24745,1,0,4.898979485566356,3.656648069074256,1.2423314164920995,17.913843876330606,1.0,0.4,4.898979485566356,1.4626592276297026,0.848528137423857,1.4,0.8029550685469662,1.0,0.4,0.0,0.0,0.6,0.0,1.339745961226495,0.29041269168247663,14.384011737658692,15.200400578484576,0.4,0.0,0.5091168824543142,0.0,0.0,0.0,7.165537550532243,544000.0,88360.0,51166.8,5.753604695063477,4.277813777320306,3.529832138671914,0.4,1.0,6.074786722482264,0.7453988498952597,0.3211820274187865,7.1655375505322425,0.0,7.165537550532243,3.436320257936653
0.25441,15.0,262.0,15.0,7.538,933.92,0.78,932.0,0.0,0.01,0.0,0.1,1.0,1.0,5.5522,90.0,90.0,120.0,5.5522,90.0,90.0,120.0,0.4,0.7259,17.69569,2.390224,240.2,240.2,510.0,88.0,510.0,88.0,3.609699,2.547511,19.55312,3.609699,2.547511,19.55312,1,0,3.1249723632280864,3.1249723632280864,0.0,9.765452270939331,0.2,0.2,0.6249944726456174,0.6249944726456174,0.0,1.42,1.0000000000000002,0.4,0.4,0.0,0.0,0.0,0.0,1.0,0.0,9.765452270939333,0.0,0.16000000000000003,0.0,0.0,0.0,0.0,0.0,0.3906180908375734,260100.0,7744.0,57696.03999999999,1.5624723633502935,3.1249723632280864,-2.1683659914149736e-15,1.0,1.0,10.765452270939333,0.0,0.16000000000000006,1.5624723633502933,0.0,0.3906180908375734,0.0
0.25441,15.0,262.0,50.0,5.942,206.0,0.5365,865.6,0.0,0.0315,0.0,0.1,1.0,1.0,5.5522,90.0,90.0,120.0,5.5522,90.0,90.0,120.0,0.4,0.7259,17.69569,2.390224,240.2,257.5,510.0,88.0,525.0,73.33333,3.609699,2.547511,19.55312,3.088834,2.138443,22.04819,1,0,3.1249723632280864,3.0755481568144374,0.0494242064136489,9.611002991822197,0.2,0.1666666666666666,0.6249944726456174,0.5125913594690729,0.0781735959970571,1.45,0.9981554661503214,0.4,0.3333333333333333,0.0,0.0,0.0666666666666667,0.0,1.0160700479176177,0.01594195393579325,9.593275171474419,0.7513266650092155,0.13333333333333333,0.0,0.0052115730664704756,0.0,0.0,0.0,0.3203667663940733,267750.0,6453.33304,61851.5,1.2791033561965892,3.100260260021262,0.017727820347778745,0.9333333333333333,1.0,9.88533526178309,0.003294947094243261,0.1330873954867095,1.281467065576293,0.0,0.3203667663940733,0.1124031131765445
0.181006,15.0,262.0,100.0,20.87,176.327,0.222,122.374,0.0,0.02,0.0,0.1,1.0,1.0,5.5522,90.0,90.0,120.0,5.5522,90.0,90.0,120.0,0.4,0.676091,17.69569,2.390224,240.2,269.8571,510.0,88.0,535.7143,62.85714,3.609699,2.547511,19.55312,2.72504,1.854381,24.26867,1,0,3.1249723632280864,3.0402451522332594,0.0847272109948269,9.500682078167102,0.2,0.1428571428571428,0.6249944726456174,0.4343207360333228,0.134011878852098,1.4714285714285715,0.9947628930150404,0.4,0.2857142857142857,0.0,0.0,0.1142857142857143,0.0,1.0278685456184031,0.02748555440501151,9.450925989693653,1.2732042556716285,0.11428571428571428,0.0,0.015315643297382631,0.0,0.0,0.0,0.2714480593762029,273214.293,5531.42832,64819.67542,1.0801058273935604,3.082608757730673,0.04975608847344947,0.8857142857142857,1.0,9.251895867541986,0.009683109827980218,0.11368718777314747,1.0857922375048117,0.0,0.2714480593762029,0.1906737366122946
0.114618,15.0,262.0,250.0,1.0253,919.3,0.090873,510.4,0.0,0.000875,1.0,0.1,1.0,1.0,5.5522,90.0,90.0,120.0,5.5522,90.0,90.0,120.0,0.4,0.513402,17.69569,2.390224,240.2,279.125,510.0,88.0,543.75,55.0,3.609699,2.547511,19.55312,2.455343,1.645225,26.29104,1,0,3.1249723632280864,3.013767898797376,0.1112044644307106,9.41794139292578,0.2,0.125,0.6249944726456174,0.3767209873496719,0.1758905909933786,1.4875,0.991219342205014,0.4,0.25,0.0,0.0,0.15,0.0,1.0368988149704885,0.03623038581916319,9.335245672421264,1.6565272775427184,0.1,0.0,0.02638358864900679,0.0,0.0,0.0,0.23544853482314448,277312.5,4840.0,67045.825,0.9335245672421264,3.0693701310127315,0.0826957205045155,0.85,1.0,8.777495262432335,0.016680669664606587,0.0991219342205014,0.941794139292578,0.0,0.23544853482314448,0.24827348529594545
0.075,10.0,858.0,5.0,40.434,107.0,31.81,13.0,0.0,0.002,0.0,2.0,1.0,1.0,5.537194,111.228,113.6974,103.6514,5.142692,74.87634,90.0,90.0,0.384615,-0.25,84.15029,1.0,287.0,275.0,616.6667,150.0,685.7143,201.4286,2.815912,1.45545,14.16307,2.897249,1.443376,11.54701,1,0,3.347611888459755,3.7158067079548327,0.3681948194950775,12.439078710768104,0.3333333333333333,0.4285714285714285,1.115870629486585,1.5924885891234997,0.3247186118329965,1.4523809523809523,0.9649772956817074,0.3333333333333333,0.4285714285714285,0.0,0.0,0.0952380952380952,0.0,0.900911202481024,0.10425399922905158,12.003428535088904,4.039200371441998,0.14285714285714282,0.0,0.030925582079332988,0.0,0.0,0.0,1.7770112443954431,422857.17452381,30214.289999999997,78925.0,1.7147755050127003,3.5317092982072937,0.43565017567919934,0.9047619047619049,1.0,11.733319561173413,0.035066173285245465,0.13785389938310103,1.7770112443954431,0.0,1.7770112443954431,0.47661795963691467
0.075,10.0,858.0,5.0,40.434,450.0,31.81,78.0,0.0,0.00626,0.0,2.0,1.0,1.0,5.537194,111.228,113.6974,103.6514,5.142692,74.87634,90.0,90.0,0.384615,-0.25,84.15029,1.0,287.0,275.0,616.6667,150.0,685.7143,201.4286,2.815912,1.45545,14.16307,2.897249,1.443376,11.54701,1,0,3.347611888459755,3.7158067079548327,0.3681948194950775,12.439078710768104,0.3333333333333333,0.4285714285714285,1.115870629486585,1.5924885891234997,0.3247186118329965,1.4523809523809523,0.9649772956817074,0.3333333333333333,0.4285714285714285,0.0,0.0,0.0952380952380952,0.0,0.900911202481024,0.10425399922905158,12.003428535088904,4.039200371441998,0.14285714285714282,0.0,0.030925582079332988,0.0,0.0,0.0,1.7770112443954431,422857.17452381,30214.289999999997,78925.0,1.7147755050127003,3.5317092982072937,0.43565017567919934,0.9047619047619049,1.0,11.733319561173413,0.035066173285245465,0.13785389938310103,1.7770112443954431,0.0,1.7770112443954431,0.47661795963691467
0.068182,20.0,730.0,300.0,0.0025,5250.0,0.00091,650.0,0.0,0.0,1.0,0.0,1.0,1.0,3.957177,90.0,90.0,90.0,0.0,0.0,0.0,0.0,0.4,0.959459,138.3562,1.0,243.0,0.0,520.0,94.0,0.0,0.0,3.403618,2.686808,19.49359,0.0,-2.22e-16,0.0,0,0,3.0232623334747606,0.0,3.0232623334747606,0.0,0.2,0.0,0.6046524666949522,0.0,1.2,0.0,0.0,0.4,0.0,0.0,0.0,0.4,0.0,302326234.34747607,1.9999999867692595,0.0,0.0,0.0,0.0,0.48,0.0,0.0,0.0,0.0,0.0,0.0,0.0,0.0,1.5116311667373803,0.0,0.6,1.0,0.0,1.2093049333899044,0.0,0.0,0.0,0.0,0.6046524666949522
0.061224,20.0,730.0,300.0,0.0035,4750.0,0.000363,254.0,0.0,0.0,1.0,0.0,1.0,1.0,3.957177,90.0,90.0,90.0,0.0,0.0,0.0,0.0,0.4,0.959459,138.3562,1.0,243.0,0.0,520.0,94.0,0.0,0.0,3.403618,2.686808,19.49359,0.0,-2.22e-16,0.0,0,0,3.0232623334747606,0.0,3.0232623334747606,0.0,0.2,0.0,0.6046524666949522,0.0,1.2,0.0,0.0,0.4,0.0,0.0,0.0,0.4,0.0,302326234.34747607,1.9999999867692595,0.0,0.0,0.0,0.0,0.48,0.0,0.0,0.0,0.0,0.0,0.0,0.0,0.0,1.5116311667373803,0.0,0.6,1.0,0.0,1.2093049333899044,0.0,0.0,0.0,0.0,0.6046524666949522
0.046875,20.0,730.0,300.0,0.0035,1750.0,0.000227,250.0,0.0,0.0,1.0,0.0,1.0,1.0,3.957177,90.0,90.0,90.0,0.0,0.0,0.0,0.0,0.4,0.959459,138.3562,1.0,243.0,0.0,520.0,94.0,0.0,0.0,3.403618,2.686808,19.49359,0.0,-2.22e-16,0.0,0,0,3.0232623334747606,0.0,3.0232623334747606,0.0,0.2,0.0,0.6046524666949522,0.0,1.2,0.0,0.0,0.4,0.0,0.0,0.0,0.4,0.0,302326234.34747607,1.9999999867692595,0.0,0.0,0.0,0.0,0.48,0.0,0.0,0.0,0.0,0.0,0.0,0.0,0.0,1.5116311667373803,0.0,0.6,1.0,0.0,1.2093049333899044,0.0,0.0,0.0,0.0,0.6046524666949522
0.046875,20.0,730.0,10.0,31.5969,750.0,11.9886,800.0,0.0,0.0,1.0,8.0,1.0,1.0,3.957177,90.0,90.0,90.0,0.0,0.0,0.0,0.0,0.4,0.959459,138.3562,1.0,243.0,0.0,520.0,94.0,0.0,0.0,3.403618,2.686808,19.49359,0.0,-2.22e-16,0.0,0,0,3.0232623334747606,0.0,3.0232623334747606,0.0,0.2,0.0,0.6046524666949522,0.0,1.2,0.0,0.0,0.4,0.0,0.0,0.0,0.4,0.0,302326234.34747607,1.9999999867692595,0.0,0.0,0.0,0.0,0.48,0.0,0.0,0.0,0.0,0.0,0.0,0.0,0.0,1.5116311667373803,0.0,0.6,1.0,0.0,1.2093049333899044,0.0,0.0,0.0,0.0,0.6046524666949522
0.079239,10.0,730.0,300.0,0.0045,5275.5,0.0037,511.81,0.0,0.0,1.0,0.0,1.0,1.0,3.957177,90.0,90.0,90.0,0.0,0.0,0.0,0.0,0.4,0.959459,138.3562,1.0,243.0,0.0,520.0,94.0,0.0,0.0,3.403618,2.686808,19.49359,0.0,-2.22e-16,0.0,0,0,3.0232623334747606,0.0,3.0232623334747606,0.0,0.2,0.0,0.6046524666949522,0.0,1.2,0.0,0.0,0.4,0.0,0.0,0.0,0.4,0.0,302326234.34747607,1.9999999867692595,0.0,0.0,0.0,0.0,0.48,0.0,0.0,0.0,0.0,0.0,0.0,0.0,0.0,1.5116311667373803,0.0,0.6,1.0,0.0,1.2093049333899044,0.0,0.0,0.0,0.0,0.6046524666949522
0.252101,60.0,858.0,2.0,12.5965,1889.91,19.82866,1350.0,0.0,0.463974,1.0,5.0,1.0,1.0,2.949546,60.0,60.0,60.0,5.142692,74.87634,90.0,90.0,0.375,0.906006,140.2505,1.0,0.0,275.0,0.0,0.0,685.7143,201.4286,0.0,0.0,0.0,2.897249,1.443376,11.54701,1,0,1.7320508075688772,3.7158067079548327,1.9837559003859555,6.435966009283019,0.0,0.4285714285714285,0.0,1.5924885891234997,2.1237241067597865,0.0,0.0,1.0,0.4285714285714285,1.0,0.0,0.5714285714285714,1.0,0.4661304930634799,0.7282701089191586,0.0,13.668216164200928,0.4285714285714285,0.0,1.2135566324341636,2.1237241067597865,0.0,0.0,0.0,0.0,0.0,0.0,0.0,2.723928757761855,6.435966009283019,0.4285714285714285,0.0,0.0,1.133574800220546,0.0,2.7582711468355794,0.0,0.0,1.5924885891234997
0.285714,60.0,858.0,100.0,26.9472,502.31,41.0239,502.0,0.0,0.77266,1.0,5.0,1.0,1.0,2.949546,60.0,60.0,60.0,5.142692,74.87634,90.0,90.0,0.375,0.90694,140.2505,1.0,0.0,275.0,0.0,0.0,685.7143,201.4286,0.0,0.0,0.0,2.897249,1.443376,11.54701,1,0,1.7320508075688772,3.7158067079548327,1.9837559003859555,6.435966009283019,0.0,0.4285714285714285,0.0,1.5924885891234997,2.1237241067597865,0.0,0.0,1.0,0.4285714285714285,1.0,0.0,0.5714285714285714,1.0,0.4661304930634799,0.7282701089191586,0.0,13.668216164200928,0.4285714285714285,0.0,1.2135566324341636,2.1237241067597865,0.0,0.0,0.0,0.0,0.0,0.0,0.0,2.723928757761855,6.435966009283019,0.4285714285714285,0.0,0.0,1.133574800220546,0.0,2.7582711468355794,0.0,0.0,1.5924885891234997
0.306122,60.0,858.0,200.0,35.47086,181.0,0.014788,181.0,0.0,1.3638,1.0,5.0,1.0,1.0,5.142692,74.87634,90.0,90.0,0.0,0.0,0.0,0.0,0.428571,0.965035,140.2505,1.708366,275.0,0.0,685.7143,201.4286,0.0,0.0,2.897249,1.443376,11.54701,0.0,-2.22e-16,0.0,0,0,3.7158067079548327,0.0,3.7158067079548327,0.0,0.4285714285714285,0.0,1.5924885891234997,0.0,1.228903609577518,0.0,0.0,0.4285714285714285,0.0,0.0,0.0,0.4285714285714285,0.0,371580671.79548323,1.9999999892351776,0.0,0.0,0.0,0.0,0.5266729755332219,0.0,0.0,0.0,0.0,0.0,0.0,0.0,0.0,1.8579033539774163,0.0,0.5714285714285715,1.0,0.0,1.5924885891234994,0.0,0.0,0.0,0.0,1.5924885891234997
0.25,30.0,250.0,150.0,2.6,6000.0,0.8,79.0,0.0,0.006,1.0,6.0,1.0,1.0,4.895443,115.7679,132.1502,62.33534,0.0,0.0,0.0,0.0,0.22,0.847144,101.1223,0.672251,244.82,0.0,518.0,99.46,0.0,0.0,3.433639,2.701163,18.47389,0.0,-2.22e-16,0.0,0,0,3.5114635652619004,0.0,3.5114635652619004,0.0,0.22,0.0,0.7725219843576181,0.0,1.2209832103677756,0.0,0.0,0.4,0.0,0.1999999999999999,0.0,0.4,0.1999999999999999,351146357.52619004,1.9999999886087385,0.0,0.0,0.0,0.0,0.48839328414711025,0.244196642073555,0.0,0.0,0.0,0.0,0.0,0.0,0.0,1.7557317826309502,0.0,0.6,0.8,0.0,1.4045854261047603,0.0,0.0,0.0,0.0,0.7725219843576181
0.033708,70.0,730.0,2.0,29.4,6088.8,1.0,149.24,0.0,0.0,1.0,0.2,1.0,1.0,3.957177,90.0,90.0,90.0,0.0,0.0,0.0,0.0,0.356,0.941406,138.3562,1.0,244.0,0.0,540.0,100.0,0.0,0.0,3.336378,3.103164,19.49359,0.0,-2.22e-16,0.0,0,0,3.235893743837549,0.0,3.235893743837549,0.0,0.356,0.0,1.151978172806167,0.0,1.1934554872302527,0.0,0.0,0.2,0.0,0.156,0.0,0.2,0.156,323589375.38375485,1.9999999876386547,0.0,0.0,0.0,0.0,0.23869109744605055,0.18617905600791942,0.0,0.0,0.0,0.0,0.0,0.0,0.0,1.6179468719187744,0.0,0.8,0.844,0.0,0.6471787487675098,0.0,0.0,0.0,0.0,1.151978172806167
0.033708,70.0,730.0,8.0,21.626,8899.679,1.7,30.67,0.0,0.0,1.0,5.0,1.0,1.0,3.957177,90.0,90.0,90.0,0.0,0.0,0.0,0.0,0.356,0.959459,138.3562,1.0,244.0,0.0,540.0,100.0,0.0,0.0,3.336378,3.103164,19.49359,0.0,-2.22e-16,0.0,0,0,3.235893743837549,0.0,3.235893743837549,0.0,0.356,0.0,1.151978172806167,0.0,1.1934554872302527,0.0,0.0,0.2,0.0,0.156,0.0,0.2,0.156,323589375.38375485,1.9999999876386547,0.0,0.0,0.0,0.0,0.23869109744605055,0.18617905600791942,0.0,0.0,0.0,0.0,0.0,0.0,0.0,1.6179468719187744,0.0,0.8,0.844,0.0,0.6471787487675098,0.0,0.0,0.0,0.0,1.151978172806167
0.033333,70.0,730.0,10.0,20.4,6342.6,2.536,402.9,0.0,0.0,1.0,5.0,1.0,1.0,3.957177,90.0,90.0,90.0,0.0,0.0,0.0,0.0,0.356,0.959459,138.3562,1.0,244.0,0.0,540.0,100.0,0.0,0.0,3.336378,3.103164,19.49359,0.0,-2.22e-16,0.0,0,0,3.235893743837549,0.0,3.235893743837549,0.0,0.356,0.0,1.151978172806167,0.0,1.1934554872302527,0.0,0.0,0.2,0.0,0.156,0.0,0.2,0.156,323589375.38375485,1.9999999876386547,0.0,0.0,0.0,0.0,0.23869109744605055,0.18617905600791942,0.0,0.0,0.0,0.0,0.0,0.0,0.0,1.6179468719187744,0.0,0.8,0.844,0.0,0.6471787487675098,0.0,0.0,0.0,0.0,1.151978172806167
0.238095,80.0,633.0,10.0,0.115,761.0,0.012,530.6,0.0,0.0124,1.0,3.01,1.0,1.0,2.459352,109.4691,109.4671,109.4596,2.993268,60.0,60.0,60.0,0.666667,0.719828,158.6059,1.000148,183.0,267.0,800.0,470.0,850.0,232.5,0.0,0.0,0.0,2.883895,2.941176,10.0,1,0,4.898979485566356,2.2802389661575337,2.618740519408822,11.170843917394794,1.0,0.5,4.898979485566356,1.1401194830787669,1.4142135623730951,0.5,0.3535533905932737,1.0,0.5,0.0,0.0,0.5,0.0,2.1484500294884454,0.729533591914777,3.949489742783177,15.797958971132713,0.5,0.0,0.7071067811865476,0.0,0.0,0.0,5.585421958697397,680000.0,109275.0,48861.0,1.9747448713915885,3.5896092258619445,7.2213541746116165,0.5,1.0,2.1515215666882255,1.309370259704411,0.17677669529663684,5.585421958697397,0.0,5.585421958697397,3.758860002487589
0.379747,80.0,695.4,10.0,0.344,995.0,0.082,906.4,0.0,0.0124,1.0,4.6,1.0,1.0,2.459352,109.4691,109.4671,109.4596,2.993268,60.0,60.0,60.0,0.666667,0.679167,174.241,1.000148,183.0,267.0,800.0,470.0,850.0,232.5,0.0,0.0,0.0,2.883895,2.941176,10.0,1,0,4.898979485566356,2.2802389661575337,2.618740519408822,11.170843917394794,1.0,0.5,4.898979485566356,1.1401194830787669,1.4142135623730951,0.5,0.3535533905932737,1.0,0.5,0.0,0.0,0.5,0.0,2.1484500294884454,0.729533591914777,3.949489742783177,15.797958971132713,0.5,0.0,0.7071067811865476,0.0,0.0,0.0,5.585421958697397,680000.0,109275.0,48861.0,1.9747448713915885,3.5896092258619445,7.2213541746116165,0.5,1.0,2.1515215666882255,1.309370259704411,0.17677669529663684,5.585421958697397,0.0,5.585421958697397,3.758860002487589
0.238095,80.0,673.0,100.0,8.549,91.0,0.0386,249.0,0.0,0.0,1.0,1.0,1.0,1.0,2.459352,109.4691,109.4671,109.4596,2.993268,60.0,60.0,60.0,0.666667,0.719828,168.6284,1.000148,183.0,267.0,800.0,470.0,850.0,232.5,0.0,0.0,0.0,2.883895,2.941176,10.0,1,0,4.898979485566356,2.2802389661575337,2.618740519408822,11.170843917394794,1.0,0.5,4.898979485566356,1.1401194830787669,1.4142135623730951,0.5,0.3535533905932737,1.0,0.5,0.0,0.0,0.5,0.0,2.1484500294884454,0.729533591914777,3.949489742783177,15.797958971132713,0.5,0.0,0.7071067811865476,0.0,0.0,0.0,5.585421958697397,680000.0,109275.0,48861.0,1.9747448713915885,3.5896092258619445,7.2213541746116165,0.5,1.0,2.1515215666882255,1.309370259704411,0.17677669529663684,5.585421958697397,0.0,5.585421958697397,3.758860002487589
0.379747,80.0,673.0,100.0,11.526,25.0,0.132,94.0,0.0,0.0,1.0,0.0,1.0,1.0,2.459352,109.4691,109.4671,109.4596,2.993268,60.0,60.0,60.0,0.666667,0.679167,168.6284,1.000148,183.0,267.0,800.0,470.0,850.0,232.5,0.0,0.0,0.0,2.883895,2.941176,10.0,1,0,4.898979485566356,2.2802389661575337,2.618740519408822,11.170843917394794,1.0,0.5,4.898979485566356,1.1401194830787669,1.4142135623730951,0.5,0.3535533905932737,1.0,0.5,0.0,0.0,0.5,0.0,2.1484500294884454,0.729533591914777,3.949489742783177,15.797958971132713,0.5,0.0,0.7071067811865476,0.0,0.0,0.0,5.585421958697397,680000.0,109275.0,48861.0,1.9747448713915885,3.5896092258619445,7.2213541746116165,0.5,1.0,2.1515215666882255,1.309370259704411,0.17677669529663684,5.585421958697397,0.0,5.585421958697397,3.758860002487589
0.238095,80.0,850.0,5.0,5.5978,247.0,0.0193,1335.0,0.0,0.05734,1.0,5.5,1.0,1.0,2.459352,109.4691,109.4671,109.4596,2.993268,60.0,60.0,60.0,0.666667,0.719828,212.9779,1.000148,183.0,267.0,800.0,470.0,850.0,232.5,0.0,0.0,0.0,2.883895,2.941176,10.0,1,0,4.898979485566356,2.2802389661575337,2.618740519408822,11.170843917394794,1.0,0.5,4.898979485566356,1.1401194830787669,1.4142135623730951,0.5,0.3535533905932737,1.0,0.5,0.0,0.0,0.5,0.0,2.1484500294884454,0.729533591914777,3.949489742783177,15.797958971132713,0.5,0.0,0.7071067811865476,0.0,0.0,0.0,5.585421958697397,680000.0,109275.0,48861.0,1.9747448713915885,3.5896092258619445,7.2213541746116165,0.5,1.0,2.1515215666882255,1.309370259704411,0.17677669529663684,5.585421958697397,0.0,5.585421958697397,3.758860002487589
0.379747,80.0,850.0,5.0,5.5978,41.0,0.027,1318.0,0.0,0.05734,1.0,5.5,1.0,1.0,2.459352,109.4691,109.4671,109.4596,2.993268,60.0,60.0,60.0,0.666667,0.679167,212.9779,1.000148,183.0,267.0,800.0,470.0,850.0,232.5,0.0,0.0,0.0,2.883895,2.941176,10.0,1,0,4.898979485566356,2.2802389661575337,2.618740519408822,11.170843917394794,1.0,0.5,4.898979485566356,1.1401194830787669,1.4142135623730951,0.5,0.3535533905932737,1.0,0.5,0.0,0.0,0.5,0.0,2.1484500294884454,0.729533591914777,3.949489742783177,15.797958971132713,0.5,0.0,0.7071067811865476,0.0,0.0,0.0,5.585421958697397,680000.0,109275.0,48861.0,1.9747448713915885,3.5896092258619445,7.2213541746116165,0.5,1.0,2.1515215666882255,1.309370259704411,0.17677669529663684,5.585421958697397,0.0,5.585421958697397,3.758860002487589
0.352941,40.0,948.0,30.0,58.598,115.005,0.015,131.0,0.0,0.00027,1.0,0.0,0.805996,1.0,3.788512,90.0,90.0,90.0,0.0,0.0,0.0,0.0,0.4,0.779894,187.6726,1.0,279.6,0.0,680.0,188.0,0.0,0.0,2.820943,1.440876,12.24745,0.0,-2.22e-16,0.0,0,0,3.656648069074256,0.0,3.656648069074256,0.0,0.4,0.0,1.4626592276297026,0.0,1.2328828005937953,0.0,0.0,0.4,0.0,0.0,0.0,0.4,0.0,365664807.9074256,1.99999998906102,0.0,0.0,0.0,0.0,0.4931531202375181,0.0,0.0,0.0,0.0,0.0,0.0,0.0,0.0,1.828324034537128,0.0,0.6,1.0,0.0,1.4626592276297026,0.0,0.0,0.0,0.0,1.4626592276297026
0.352941,40.0,948.0,30.0,58.598,125.23,0.002,165.23,0.0,0.00247,1.0,0.0,0.805996,1.0,3.788512,90.0,90.0,90.0,0.0,0.0,0.0,0.0,0.4,0.779894,187.6726,1.0,279.6,0.0,680.0,188.0,0.0,0.0,2.820943,1.440876,12.24745,0.0,-2.22e-16,0.0,0,0,3.656648069074256,0.0,3.656648069074256,0.0,0.4,0.0,1.4626592276297026,0.0,1.2328828005937953,0.0,0.0,0.4,0.0,0.0,0.0,0.4,0.0,365664807.9074256,1.99999998906102,0.0,0.0,0.0,0.0,0.4931531202375181,0.0,0.0,0.0,0.0,0.0,0.0,0.0,0.0,1.828324034537128,0.0,0.6,1.0,0.0,1.4626592276297026,0.0,0.0,0.0,0.0,1.4626592276297026
0.352941,40.0,948.0,100.0,101.028,250.0,0.0038,1025.0,0.0,0.004428,1.0,2.0,0.805996,1.0,3.788512,90.0,90.0,90.0,0.0,0.0,0.0,0.0,0.4,0.779894,187.6726,1.0,279.6,0.0,680.0,188.0,0.0,0.0,2.820943,1.440876,12.24745,0.0,-2.22e-16,0.0,0,0,3.656648069074256,0.0,3.656648069074256,0.0,0.4,0.0,1.4626592276297026,0.0,1.2328828005937953,0.0,0.0,0.4,0.0,0.0,0.0,0.4,0.0,365664807.9074256,1.99999998906102,0.0,0.0,0.0,0.0,0.4931531202375181,0.0,0.0,0.0,0.0,0.0,0.0,0.0,0.0,1.828324034537128,0.0,0.6,1.0,0.0,1.4626592276297026,0.0,0.0,0.0,0.0,1.4626592276297026
0.352941,40.0,948.0,200.0,57.7,579.15,0.0851,113.5,0.0,0.0,1.0,2.0,0.805996,1.0,3.788512,90.0,90.0,90.0,0.0,0.0,0.0,0.0,0.4,0.779894,187.6726,1.0,279.6,0.0,680.0,188.0,0.0,0.0,2.820943,1.440876,12.24745,0.0,-2.22e-16,0.0,0,0,3.656648069074256,0.0,3.656648069074256,0.0,0.4,0.0,1.4626592276297026,0.0,1.2328828005937953,0.0,0.0,0.4,0.0,0.0,0.0,0.4,0.0,365664807.9074256,1.99999998906102,0.0,0.0,0.0,0.0,0.4931531202375181,0.0,0.0,0.0,0.0,0.0,0.0,0.0,0.0,1.828324034537128,0.0,0.6,1.0,0.0,1.4626592276297026,0.0,0.0,0.0,0.0,1.4626592276297026
0.75,80.0,720.0,5.0,5.8,2285.7,0.4,900.0,0.0,0.0107,1.0,8.0,1.0,1.0,2.924839,90.0,90.0,120.0,3.240552,60.0,60.0,60.0,0.2,0.748744,333.2766,1.176906,267.5,292.6667,800.0,257.5,533.3333,161.6667,2.859813,2.5,10.0,2.480511,1.767767,14.14214,1,0,2.8284271247461903,2.82842712474619,4.440892098500626e-16,8.0,0.5,0.0,1.4142135623730951,0.0,0.6236095644623235,1.3333333333333333,0.8728715609439697,0.5,0.0,0.0,0.0,0.5,0.0,1.0000000000000002,1.57009245313266e-16,6.982972487551757,4.988876515698588,0.0,0.0,0.31180478223116176,0.0,0.0,0.0,0.0,426666.64,41629.17525,78288.34225,0.0,2.82842712474619,1.0170275124482426,0.5,1.0,3.9279220242478634,2.220446049250313e-16,0.0,0.0,0.0,0.0,1.4142135623730951
0.15,20.0,683.0,300.0,1.5745,239.34,0.079,250.0,1.0,0.079,1.0,2.0,1.0,1.0,5.388094,122.2099,142.6878,47.91918,0.0,0.0,0.0,0.0,0.2,0.945568,121.0295,0.628658,243.0,0.0,520.0,94.0,0.0,0.0,3.403618,2.686808,19.49359,0.0,-2.22e-16,0.0,0,0,3.4514488412024686,0.0,3.4514488412024686,0.0,0.2,0.0,0.6902897682404938,0.0,1.2328828005937953,0.0,0.0,0.4,0.0,0.2,0.0,0.4,0.2,345144885.1202468,1.9999999884106643,0.0,0.0,0.0,0.0,0.4931531202375181,0.24657656011875906,0.0,0.0,0.0,0.0,0.0,0.0,0.0,1.7257244206012343,0.0,0.6,0.8,0.0,1.3805795364809876,0.0,0.0,0.0,0.0,0.6902897682404938
0.1,20.0,683.0,300.0,1.585,1135.5,0.117,984.37,1.0,0.092,1.0,2.0,1.0,1.0,5.388094,122.2099,142.6878,47.91918,0.0,0.0,0.0,0.0,0.2,0.945568,121.0295,0.628658,243.0,0.0,520.0,94.0,0.0,0.0,3.403618,2.686808,19.49359,0.0,-2.22e-16,0.0,0,0,3.4514488412024686,0.0,3.4514488412024686,0.0,0.2,0.0,0.6902897682404938,0.0,1.2328828005937953,0.0,0.0,0.4,0.0,0.2,0.0,0.4,0.2,345144885.1202468,1.9999999884106643,0.0,0.0,0.0,0.0,0.4931531202375181,0.24657656011875906,0.0,0.0,0.0,0.0,0.0,0.0,0.0,1.7257244206012343,0.0,0.6,0.8,0.0,1.3805795364809876,0.0,0.0,0.0,0.0,0.6902897682404938
0.075,20.0,683.0,300.0,1.1835,1041.71,0.119,677.0,0.0,0.047,1.0,2.0,1.0,1.0,5.388094,122.2099,142.6878,47.91918,0.0,0.0,0.0,0.0,0.2,0.945568,121.0295,0.628658,243.0,0.0,520.0,94.0,0.0,0.0,3.403618,2.686808,19.49359,0.0,-2.22e-16,0.0,0,0,3.4514488412024686,0.0,3.4514488412024686,0.0,0.2,0.0,0.6902897682404938,0.0,1.2328828005937953,0.0,0.0,0.4,0.0,0.2,0.0,0.4,0.2,345144885.1202468,1.9999999884106643,0.0,0.0,0.0,0.0,0.4931531202375181,0.24657656011875906,0.0,0.0,0.0,0.0,0.0,0.0,0.0,1.7257244206012343,0.0,0.6,0.8,0.0,1.3805795364809876,0.0,0.0,0.0,0.0,0.6902897682404938
0.16225,15.0,555.0,193.0,30.0,2812.5,17.71,812.5,0.0,0.006,0.0,0.06,1.0,1.0,4.416362,90.0,90.0,90.0,0.0,0.0,0.0,0.0,0.37,0.836459,135.8918,1.493699,243.0,0.0,520.0,94.0,0.0,0.0,3.403618,2.686808,19.49359,0.0,-2.22e-16,0.0,0,0,2.9713008092476945,0.0,2.9713008092476945,0.0,0.2,0.0,0.5942601618495389,0.0,1.1953660527219263,0.0,0.0,0.37,0.0,0.0,0.0,0.37,0.0,297130081.92476946,1.9999999865378828,0.0,0.0,0.0,0.0,0.44228543950711274,0.0,0.0,0.0,0.0,0.0,0.0,0.0,0.0,1.4856504046238472,0.0,0.63,1.0,0.0,1.099381299421647,0.0,0.0,0.0,0.0,0.5942601618495389
0.111111,20.0,1388.0,5.0,122.0,569.343,34.375,124.14,0.0,12.0,1.0,1.0,1.0,1.0,2.48976,60.0,60.0,60.0,6.117259,58.53517,61.59676,58.53665,0.5,-3.25,88.82502,1.0,188.0,277.1429,900.0,500.0,728.5714,214.2857,0.0,0.0,0.0,2.785566,2.037707,11.54701,1,0,3.872983346207417,3.2760940768010016,0.5968892694064154,12.68825780005904,1.0,0.4285714285714285,3.872983346207417,1.4040403186290007,0.8081220356417685,1.4285714285714286,0.8219949365267865,1.0,0.4285714285714285,0.0,0.0,0.5714285714285714,0.0,1.182195399030575,0.16698357911625508,10.429683664995034,10.25366072213126,0.4285714285714285,0.0,0.46178402036672483,0.0,0.0,0.0,5.437824771453875,655714.26,107142.84999999999,52102.8652,4.469864427855014,3.5745387115042093,2.258574135064006,0.4285714285714285,1.0,4.82214797208078,0.3410795825179516,0.3522835442257656,5.437824771453873,0.0,5.437824771453875,2.4689430275784163
0.111111,20.0,1388.0,5.0,116.0,583.34,32.07,123.24,0.0,6.25,1.0,1.0,1.0,1.0,2.48976,60.0,60.0,60.0,6.117259,58.53517,61.59676,58.53665,0.5,-4.21,88.82502,1.0,188.0,277.1429,900.0,500.0,728.5714,214.2857,0.0,0.0,0.0,2.785566,2.037707,11.54701,1,0,3.872983346207417,3.2760940768010016,0.5968892694064154,12.68825780005904,1.0,0.4285714285714285,3.872983346207417,1.4040403186290007,0.8081220356417685,1.4285714285714286,0.8219949365267865,1.0,0.4285714285714285,0.0,0.0,0.5714285714285714,0.0,1.182195399030575,0.16698357911625508,10.429683664995034,10.25366072213126,0.4285714285714285,0.0,0.46178402036672483,0.0,0.0,0.0,5.437824771453875,655714.26,107142.84999999999,52102.8652,4.469864427855014,3.5745387115042093,2.258574135064006,0.4285714285714285,1.0,4.82214797208078,0.3410795825179516,0.3522835442257656,5.437824771453873,0.0,5.437824771453875,2.4689430275784163
0.111111,20.0,1388.0,5.0,105.0,626.8,32.9245,148.595,0.0,6.031,1.0,1.0,1.0,1.0,2.48976,60.0,60.0,60.0,6.117259,58.53517,61.59676,58.53665,0.5,-4.21,88.82502,1.0,188.0,277.1429,900.0,500.0,728.5714,214.2857,0.0,0.0,0.0,2.785566,2.037707,11.54701,1,0,3.872983346207417,3.2760940768010016,0.5968892694064154,12.68825780005904,1.0,0.4285714285714285,3.872983346207417,1.4040403186290007,0.8081220356417685,1.4285714285714286,0.8219949365267865,1.0,0.4285714285714285,0.0,0.0,0.5714285714285714,0.0,1.182195399030575,0.16698357911625508,10.429683664995034,10.25366072213126,0.4285714285714285,0.0,0.46178402036672483,0.0,0.0,0.0,5.437824771453875,655714.26,107142.84999999999,52102.8652,4.469864427855014,3.5745387115042093,2.258574135064006,0.4285714285714285,1.0,4.82214797208078,0.3410795825179516,0.3522835442257656,5.437824771453873,0.0,5.437824771453875,2.4689430275784163
0.111111,20.0,1388.0,5.0,90.42,738.96,27.919,183.82,0.0,5.931,1.0,1.0,1.0,1.0,2.48976,60.0,60.0,60.0,6.117259,58.53517,61.59676,58.53665,0.5,-4.21,88.82502,1.0,188.0,277.1429,900.0,500.0,728.5714,214.2857,0.0,0.0,0.0,2.785566,2.037707,11.54701,1,0,3.872983346207417,3.2760940768010016,0.5968892694064154,12.68825780005904,1.0,0.4285714285714285,3.872983346207417,1.4040403186290007,0.8081220356417685,1.4285714285714286,0.8219949365267865,1.0,0.4285714285714285,0.0,0.0,0.5714285714285714,0.0,1.182195399030575,0.16698357911625508,10.429683664995034,10.25366072213126,0.4285714285714285,0.0,0.46178402036672483,0.0,0.0,0.0,5.437824771453875,655714.26,107142.84999999999,52102.8652,4.469864427855014,3.5745387115042093,2.258574135064006,0.4285714285714285,1.0,4.82214797208078,0.3410795825179516,0.3522835442257656,5.437824771453873,0.0,5.437824771453875,2.4689430275784163
0.111111,20.0,1388.0,5.0,56.9,724.638,15.923,210.53,0.0,3.5,1.0,1.0,1.0,1.0,2.48976,60.0,60.0,60.0,6.117259,58.53517,61.59676,58.53665,0.5,-2.81,88.82502,1.0,188.0,277.1429,900.0,500.0,728.5714,214.2857,0.0,0.0,0.0,2.785566,2.037707,11.54701,1,0,3.872983346207417,3.2760940768010016,0.5968892694064154,12.68825780005904,1.0,0.4285714285714285,3.872983346207417,1.4040403186290007,0.8081220356417685,1.4285714285714286,0.8219949365267865,1.0,0.4285714285714285,0.0,0.0,0.5714285714285714,0.0,1.182195399030575,0.16698357911625508,10.429683664995034,10.25366072213126,0.4285714285714285,0.0,0.46178402036672483,0.0,0.0,0.0,5.437824771453875,655714.26,107142.84999999999,52102.8652,4.469864427855014,3.5745387115042093,2.258574135064006,0.4285714285714285,1.0,4.82214797208078,0.3410795825179516,0.3522835442257656,5.437824771453873,0.0,5.437824771453875,2.4689430275784163
0.111111,20.0,1388.0,5.0,32.0,631.58,6.5,147.36,0.0,0.8,1.0,1.0,1.0,1.0,2.48976,60.0,60.0,60.0,6.117259,58.53517,61.59676,58.53665,0.5,-2.81,88.82502,1.0,188.0,277.1429,900.0,500.0,728.5714,214.2857,0.0,0.0,0.0,2.785566,2.037707,11.54701,1,0,3.872983346207417,3.2760940768010016,0.5968892694064154,12.68825780005904,1.0,0.4285714285714285,3.872983346207417,1.4040403186290007,0.8081220356417685,1.4285714285714286,0.8219949365267865,1.0,0.4285714285714285,0.0,0.0,0.5714285714285714,0.0,1.182195399030575,0.16698357911625508,10.429683664995034,10.25366072213126,0.4285714285714285,0.0,0.46178402036672483,0.0,0.0,0.0,5.437824771453875,655714.26,107142.84999999999,52102.8652,4.469864427855014,3.5745387115042093,2.258574135064006,0.4285714285714285,1.0,4.82214797208078,0.3410795825179516,0.3522835442257656,5.437824771453873,0.0,5.437824771453875,2.4689430275784163
0.111111,20.0,1388.0,5.0,9.55,222.0,0.6875,36.6,0.0,0.1125,1.0,1.0,1.0,1.0,2.48976,60.0,60.0,60.0,6.117259,58.53517,61.59676,58.53665,0.5,-2.81,88.82502,1.0,188.0,277.1429,900.0,500.0,728.5714,214.2857,0.0,0.0,0.0,2.785566,2.037707,11.54701,1,0,3.872983346207417,3.2760940768010016,0.5968892694064154,12.68825780005904,1.0,0.4285714285714285,3.872983346207417,1.4040403186290007,0.8081220356417685,1.4285714285714286,0.8219949365267865,1.0,0.4285714285714285,0.0,0.0,0.5714285714285714,0.0,1.182195399030575,0.16698357911625508,10.429683664995034,10.25366072213126,0.4285714285714285,0.0,0.46178402036672483,0.0,0.0,0.0,5.437824771453875,655714.26,107142.84999999999,52102.8652,4.469864427855014,3.5745387115042093,2.258574135064006,0.4285714285714285,1.0,4.82214797208078,0.3410795825179516,0.3522835442257656,5.437824771453873,0.0,5.437824771453875,2.4689430275784163
0.111111,20.0,1388.0,5.0,4.6,194.724,0.191,26.442,0.0,0.032,1.0,1.0,1.0,1.0,2.48976,60.0,60.0,60.0,6.117259,58.53517,61.59676,58.53665,0.5,-2.81,88.82502,1.0,188.0,277.1429,900.0,500.0,728.5714,214.2857,0.0,0.0,0.0,2.785566,2.037707,11.54701,1,0,3.872983346207417,3.2760940768010016,0.5968892694064154,12.68825780005904,1.0,0.4285714285714285,3.872983346207417,1.4040403186290007,0.8081220356417685,1.4285714285714286,0.8219949365267865,1.0,0.4285714285714285,0.0,0.0,0.5714285714285714,0.0,1.182195399030575,0.16698357911625508,10.429683664995034,10.25366072213126,0.4285714285714285,0.0,0.46178402036672483,0.0,0.0,0.0,5.437824771453875,655714.26,107142.84999999999,52102.8652,4.469864427855014,3.5745387115042093,2.258574135064006,0.4285714285714285,1.0,4.82214797208078,0.3410795825179516,0.3522835442257656,5.437824771453873,0.0,5.437824771453875,2.4689430275784163
0.111111,20.0,1388.0,5.0,3.0,265.0,0.051,21.5,0.0,0.005,1.0,1.0,1.0,1.0,2.48976,60.0,60.0,60.0,6.117259,58.53517,61.59676,58.53665,0.5,-2.81,88.82502,1.0,188.0,277.1429,900.0,500.0,728.5714,214.2857,0.0,0.0,0.0,2.785566,2.037707,11.54701,1,0,3.872983346207417,3.2760940768010016,0.5968892694064154,12.68825780005904,1.0,0.4285714285714285,3.872983346207417,1.4040403186290007,0.8081220356417685,1.4285714285714286,0.8219949365267865,1.0,0.4285714285714285,0.0,0.0,0.5714285714285714,0.0,1.182195399030575,0.16698357911625508,10.429683664995034,10.25366072213126,0.4285714285714285,0.0,0.46178402036672483,0.0,0.0,0.0,5.437824771453875,655714.26,107142.84999999999,52102.8652,4.469864427855014,3.5745387115042093,2.258574135064006,0.4285714285714285,1.0,4.82214797208078,0.3410795825179516,0.3522835442257656,5.437824771453873,0.0,5.437824771453875,2.4689430275784163
0.1,20.0,45.0,10.0,11.57802,1086.0,3.991605,1086.0,0.0,2.238,1.0,1.0,1.0,1.0,6.348074,117.493,89.99976,117.6525,0.0,0.0,0.0,0.0,0.428571,0.767442,3.832958,1.000536,263.0,0.0,642.8571,175.7143,0.0,0.0,3.556302,0.7698,11.54701,0.0,-2.22e-16,0.0,0,0,4.151706835469087,0.0,4.151706835469087,0.0,0.4285714285714285,0.0,1.7793029294867513,0.0,1.228903609577518,0.0,0.0,0.4285714285714285,0.0,0.0,0.0,0.4285714285714285,0.0,415170684.5469087,1.9999999903654084,0.0,0.0,0.0,0.0,0.5266729755332219,0.0,0.0,0.0,0.0,0.0,0.0,0.0,0.0,2.0758534177345433,0.0,0.5714285714285715,1.0,0.0,1.779302929486751,0.0,0.0,0.0,0.0,1.7793029294867513
0.05,20.0,45.0,10.0,32.0,575.0,1.6846,575.0,0.0,2.319,1.0,1.0,1.0,1.0,6.348074,117.493,89.99976,117.6525,0.0,0.0,0.0,0.0,0.428571,0.767442,3.832958,1.000536,263.0,0.0,642.8571,175.7143,0.0,0.0,3.556302,0.7698,11.54701,0.0,-2.22e-16,0.0,0,0,4.151706835469087,0.0,4.151706835469087,0.0,0.4285714285714285,0.0,1.7793029294867513,0.0,1.228903609577518,0.0,0.0,0.4285714285714285,0.0,0.0,0.0,0.4285714285714285,0.0,415170684.5469087,1.9999999903654084,0.0,0.0,0.0,0.0,0.5266729755332219,0.0,0.0,0.0,0.0,0.0,0.0,0.0,0.0,2.0758534177345433,0.0,0.5714285714285715,1.0,0.0,1.779302929486751,0.0,0.0,0.0,0.0,1.7793029294867513
0.033333,20.0,45.0,10.0,16.8497,273.0,0.9614,273.0,0.0,2.339,1.0,1.0,1.0,1.0,6.348074,117.493,89.99976,117.6525,0.0,0.0,0.0,0.0,0.428571,0.767442,3.832958,1.000536,263.0,0.0,642.8571,175.7143,0.0,0.0,3.556302,0.7698,11.54701,0.0,-2.22e-16,0.0,0,0,4.151706835469087,0.0,4.151706835469087,0.0,0.4285714285714285,0.0,1.7793029294867513,0.0,1.228903609577518,0.0,0.0,0.4285714285714285,0.0,0.0,0.0,0.4285714285714285,0.0,415170684.5469087,1.9999999903654084,0.0,0.0,0.0,0.0,0.5266729755332219,0.0,0.0,0.0,0.0,0.0,0.0,0.0,0.0,2.0758534177345433,0.0,0.5714285714285715,1.0,0.0,1.779302929486751,0.0,0.0,0.0,0.0,1.7793029294867513
0.294118,60.0,858.0,5.0,24.254,2900.0,20.7712,1290.0,0.0,0.958574,1.0,7.0,1.0,1.0,5.142692,74.87634,90.0,90.0,3.011828,107.295,89.50258,120.0378,0.444444,0.385666,106.396,1.708366,275.0,266.0,685.7143,201.4286,750.0,250.0,2.897249,1.443376,11.54701,2.932331,2.0,10.0,1,0,3.7158067079548327,3.350705235476804,0.3651014724780288,12.450572990364083,0.4285714285714285,0.5,1.5924885891234997,1.675352617738402,0.662401321106836,1.2857142857142856,0.8542421961772493,0.4285714285714285,0.5,0.0,0.0,0.0714285714285714,0.0,1.1089625752581156,0.10333286757805993,10.635804814953756,8.247275997354258,0.21428571428571425,0.0,0.04731438007905969,0.0,0.0,0.0,2.6679799265065895,514285.725,50357.149999999994,73150.0,2.2791010317758045,3.5332559717158185,1.8147681754103269,0.9285714285714285,1.0,10.66932936747879,0.026078676605573475,0.18305189918083908,2.6679799265065887,0.0,2.6679799265065895,0.08286402861490227
0.2,5.0,1661.0,5.0,40.36,543.7435,9.4,147.76,0.0,1.632,1.0,1.0,1.0,1.0,2.48976,60.0,60.0,60.0,3.011828,107.295,89.50258,120.0378,0.666667,0.351536,411.9435,1.0,188.0,266.0,900.0,500.0,750.0,250.0,0.0,0.0,0.0,2.932331,2.0,10.0,1,0,3.872983346207417,3.350705235476804,0.5222781107306131,12.977225575051664,1.0,0.5,3.872983346207417,1.675352617738402,0.7071067811865476,1.5,0.8660254037844388,1.0,0.5,0.0,0.0,0.5,0.0,1.1558710995052903,0.14460150195534252,11.238607018635863,9.176284205106526,0.5,0.0,0.3535533905932738,0.0,0.0,0.0,6.488612787525832,675000.0,125000.0,50008.0,5.619303509317931,3.6118442908421104,1.7386185564158003,0.5,1.0,6.052316211210151,0.26113905536530657,0.4330127018922194,6.488612787525832,0.0,6.488612787525832,2.197630728469015
0.2,5.0,1661.0,5.0,38.0,546.7225,8.1,14.7,0.0,0.13,1.0,1.0,1.0,1.0,2.48976,60.0,60.0,60.0,3.011828,107.295,89.50258,120.0378,0.666667,0.351536,411.9435,1.0,188.0,266.0,900.0,500.0,750.0,250.0,0.0,0.0,0.0,2.932331,2.0,10.0,1,0,3.872983346207417,3.350705235476804,0.5222781107306131,12.977225575051664,1.0,0.5,3.872983346207417,1.675352617738402,0.7071067811865476,1.5,0.8660254037844388,1.0,0.5,0.0,0.0,0.5,0.0,1.1558710995052903,0.14460150195534252,11.238607018635863,9.176284205106526,0.5,0.0,0.3535533905932738,0.0,0.0,0.0,6.488612787525832,675000.0,125000.0,50008.0,5.619303509317931,3.6118442908421104,1.7386185564158003,0.5,1.0,6.052316211210151,0.26113905536530657,0.4330127018922194,6.488612787525832,0.0,6.488612787525832,2.197630728469015
0.2,5.0,1661.0,5.0,38.8,561.497,8.16,177.297,1.0,2.0245,0.0,1.0,1.0,1.0,2.48976,60.0,60.0,60.0,3.011828,107.295,89.50258,120.0378,0.666667,0.351536,411.9435,1.0,188.0,266.0,900.0,500.0,750.0,250.0,0.0,0.0,0.0,2.932331,2.0,10.0,1,0,3.872983346207417,3.350705235476804,0.5222781107306131,12.977225575051664,1.0,0.5,3.872983346207417,1.675352617738402,0.7071067811865476,1.5,0.8660254037844388,1.0,0.5,0.0,0.0,0.5,0.0,1.1558710995052903,0.14460150195534252,11.238607018635863,9.176284205106526,0.5,0.0,0.3535533905932738,0.0,0.0,0.0,6.488612787525832,675000.0,125000.0,50008.0,5.619303509317931,3.6118442908421104,1.7386185564158003,0.5,1.0,6.052316211210151,0.26113905536530657,0.4330127018922194,6.488612787525832,0.0,6.488612787525832,2.197630728469015
0.066667,5.0,1661.0,5.0,4.5,241.85,1.432,54.0,0.0,0.354,1.0,1.0,1.0,1.0,2.48976,60.0,60.0,60.0,3.011828,107.295,89.50258,120.0378,0.666667,0.269625,411.9435,1.0,188.0,266.0,900.0,500.0,750.0,250.0,0.0,0.0,0.0,2.932331,2.0,10.0,1,0,3.872983346207417,3.350705235476804,0.5222781107306131,12.977225575051664,1.0,0.5,3.872983346207417,1.675352617738402,0.7071067811865476,1.5,0.8660254037844388,1.0,0.5,0.0,0.0,0.5,0.0,1.1558710995052903,0.14460150195534252,11.238607018635863,9.176284205106526,0.5,0.0,0.3535533905932738,0.0,0.0,0.0,6.488612787525832,675000.0,125000.0,50008.0,5.619303509317931,3.6118442908421104,1.7386185564158003,0.5,1.0,6.052316211210151,0.26113905536530657,0.4330127018922194,6.488612787525832,0.0,6.488612787525832,2.197630728469015
0.066667,5.0,1661.0,5.0,4.5,239.63,1.479,7.74,0.0,0.023,1.0,1.0,1.0,1.0,2.48976,60.0,60.0,60.0,3.011828,107.295,89.50258,120.0378,0.666667,0.269625,411.9435,1.0,188.0,266.0,900.0,500.0,750.0,250.0,0.0,0.0,0.0,2.932331,2.0,10.0,1,0,3.872983346207417,3.350705235476804,0.5222781107306131,12.977225575051664,1.0,0.5,3.872983346207417,1.675352617738402,0.7071067811865476,1.5,0.8660254037844388,1.0,0.5,0.0,0.0,0.5,0.0,1.1558710995052903,0.14460150195534252,11.238607018635863,9.176284205106526,0.5,0.0,0.3535533905932738,0.0,0.0,0.0,6.488612787525832,675000.0,125000.0,50008.0,5.619303509317931,3.6118442908421104,1.7386185564158003,0.5,1.0,6.052316211210151,0.26113905536530657,0.4330127018922194,6.488612787525832,0.0,6.488612787525832,2.197630728469015
0.066667,5.0,1661.0,5.0,4.5,241.8286,1.4195,65.56,1.0,0.255,0.0,1.0,1.0,1.0,2.48976,60.0,60.0,60.0,3.011828,107.295,89.50258,120.0378,0.666667,0.269625,411.9435,1.0,188.0,266.0,900.0,500.0,750.0,250.0,0.0,0.0,0.0,2.932331,2.0,10.0,1,0,3.872983346207417,3.350705235476804,0.5222781107306131,12.977225575051664,1.0,0.5,3.872983346207417,1.675352617738402,0.7071067811865476,1.5,0.8660254037844388,1.0,0.5,0.0,0.0,0.5,0.0,1.1558710995052903,0.14460150195534252,11.238607018635863,9.176284205106526,0.5,0.0,0.3535533905932738,0.0,0.0,0.0,6.488612787525832,675000.0,125000.0,50008.0,5.619303509317931,3.6118442908421104,1.7386185564158003,0.5,1.0,6.052316211210151,0.26113905536530657,0.4330127018922194,6.488612787525832,0.0,6.488612787525832,2.197630728469015
0.319149,50.0,380.0,330.0,13.46,439.0932,2.214,0.0075,1.0,0.0,1.0,0.0,1.0,1.0,6.056519,90.0,60.0,120.0,0.0,0.0,0.0,0.0,0.334,0.78836,24.31457,1.0,237.4,0.0,500.0,82.0,0.0,0.0,3.808834,2.366432,19.49359,0.0,-2.22e-16,0.0,0,0,3.1123670396818666,0.0,3.1123670396818666,0.0,0.2,0.0,0.6224734079363734,0.0,1.1907795765799811,0.0,0.0,0.334,0.0,0.0,0.0,0.334,0.0,311236704.9681866,1.9999999871480456,0.0,0.0,0.0,0.0,0.3977203785777137,0.0,0.0,0.0,0.0,0.0,0.0,0.0,0.0,1.5561835198409333,0.0,0.6659999999999999,1.0,0.0,1.0395305912537436,0.0,0.0,0.0,0.0,0.6224734079363734
0.319149,50.0,380.0,300.0,17.17,439.0932,5.4,0.0075,1.0,0.0,1.0,0.0,1.0,1.0,6.056519,90.0,60.0,120.0,0.0,0.0,0.0,0.0,0.334,0.78836,24.31457,1.0,237.4,0.0,500.0,82.0,0.0,0.0,3.808834,2.366432,19.49359,0.0,-2.22e-16,0.0,0,0,3.1123670396818666,0.0,3.1123670396818666,0.0,0.2,0.0,0.6224734079363734,0.0,1.1907795765799811,0.0,0.0,0.334,0.0,0.0,0.0,0.334,0.0,311236704.9681866,1.9999999871480456,0.0,0.0,0.0,0.0,0.3977203785777137,0.0,0.0,0.0,0.0,0.0,0.0,0.0,0.0,1.5561835198409333,0.0,0.6659999999999999,1.0,0.0,1.0395305912537436,0.0,0.0,0.0,0.0,0.6224734079363734
0.319149,50.0,380.0,200.0,35.38,339.7966,19.45,1.1073,1.0,0.0,1.0,0.0,1.0,1.0,6.056519,90.0,60.0,120.0,0.0,0.0,0.0,0.0,0.334,0.78836,24.31457,1.0,237.4,0.0,500.0,82.0,0.0,0.0,3.808834,2.366432,19.49359,0.0,-2.22e-16,0.0,0,0,3.1123670396818666,0.0,3.1123670396818666,0.0,0.2,0.0,0.6224734079363734,0.0,1.1907795765799811,0.0,0.0,0.334,0.0,0.0,0.0,0.334,0.0,311236704.9681866,1.9999999871480456,0.0,0.0,0.0,0.0,0.3977203785777137,0.0,0.0,0.0,0.0,0.0,0.0,0.0,0.0,1.5561835198409333,0.0,0.6659999999999999,1.0,0.0,1.0395305912537436,0.0,0.0,0.0,0.0,0.6224734079363734
0.319149,50.0,380.0,5.0,56.312,532.6158,33.184,4.87,0.0,0.0,1.0,0.0,1.0,1.0,5.606754,94.49578,77.99985,94.59151,0.0,0.0,0.0,0.0,0.334,0.293286,22.85602,1.000355,237.4,0.0,500.0,82.0,0.0,0.0,3.808834,2.366432,19.49359,0.0,-2.22e-16,0.0,0,0,3.1123670396818666,0.0,3.1123670396818666,0.0,0.2,0.0,0.6224734079363734,0.0,1.1907795765799811,0.0,0.0,0.334,0.0,0.0,0.0,0.334,0.0,311236704.9681866,1.9999999871480456,0.0,0.0,0.0,0.0,0.3977203785777137,0.0,0.0,0.0,0.0,0.0,0.0,0.0,0.0,1.5561835198409333,0.0,0.6659999999999999,1.0,0.0,1.0395305912537436,0.0,0.0,0.0,0.0,0.6224734079363734
0.319149,44.0,380.0,4.0,37.10242,191.28,13.9,1.46,0.0,0.0,1.0,0.001,1.0,1.0,5.189326,100.4958,83.99985,100.5915,0.0,0.0,0.0,0.0,0.334,0.185004,22.85602,1.000385,237.4,0.0,500.0,82.0,0.0,0.0,3.808834,2.366432,19.49359,0.0,-2.22e-16,0.0,0,0,3.1123670396818666,0.0,3.1123670396818666,0.0,0.2,0.0,0.6224734079363734,0.0,1.1907795765799811,0.0,0.0,0.334,0.0,0.0,0.0,0.334,0.0,311236704.9681866,1.9999999871480456,0.0,0.0,0.0,0.0,0.3977203785777137,0.0,0.0,0.0,0.0,0.0,0.0,0.0,0.0,1.5561835198409333,0.0,0.6659999999999999,1.0,0.0,1.0395305912537436,0.0,0.0,0.0,0.0,0.6224734079363734
0.319149,44.0,380.0,4.0,37.10242,168.829,13.9,12.3,0.0,0.0,1.0,0.01,1.0,1.0,5.189326,100.4958,83.99985,100.5915,0.0,0.0,0.0,0.0,0.334,0.185004,22.85602,1.000385,237.4,0.0,500.0,82.0,0.0,0.0,3.808834,2.366432,19.49359,0.0,-2.22e-16,0.0,0,0,3.1123670396818666,0.0,3.1123670396818666,0.0,0.2,0.0,0.6224734079363734,0.0,1.1907795765799811,0.0,0.0,0.334,0.0,0.0,0.0,0.334,0.0,311236704.9681866,1.9999999871480456,0.0,0.0,0.0,0.0,0.3977203785777137,0.0,0.0,0.0,0.0,0.0,0.0,0.0,0.0,1.5561835198409333,0.0,0.6659999999999999,1.0,0.0,1.0395305912537436,0.0,0.0,0.0,0.0,0.6224734079363734
0.319149,44.0,380.0,4.0,37.10242,198.97,15.658,25.0,0.0,1.579,1.0,0.1,1.0,1.0,5.189326,100.4958,83.99985,100.5915,0.0,0.0,0.0,0.0,0.334,0.185004,22.85602,1.000385,237.4,0.0,500.0,82.0,0.0,0.0,3.808834,2.366432,19.49359,0.0,-2.22e-16,0.0,0,0,3.1123670396818666,0.0,3.1123670396818666,0.0,0.2,0.0,0.6224734079363734,0.0,1.1907795765799811,0.0,0.0,0.334,0.0,0.0,0.0,0.334,0.0,311236704.9681866,1.9999999871480456,0.0,0.0,0.0,0.0,0.3977203785777137,0.0,0.0,0.0,0.0,0.0,0.0,0.0,0.0,1.5561835198409333,0.0,0.6659999999999999,1.0,0.0,1.0395305912537436,0.0,0.0,0.0,0.0,0.6224734079363734
0.121457,10.0,523.0,10.0,7.3766,64.5,0.002,180.0,1.0,0.08,1.0,1.0,1.0,1.0,2.924839,90.0,90.0,120.0,0.0,0.0,0.0,0.0,0.5,0.910714,268.2199,1.176906,267.5,0.0,800.0,257.5,0.0,0.0,2.859813,2.5,10.0,0.0,-2.22e-16,0.0,0,0,2.8284271247461903,0.0,2.8284271247461903,0.0,0.5,0.0,1.4142135623730951,0.0,1.224744871391589,0.0,0.0,0.5,0.0,0.0,0.0,0.5,0.0,282842713.47461903,1.9999999858578645,0.0,0.0,0.0,0.0,0.6123724356957945,0.0,0.0,0.0,0.0,0.0,0.0,0.0,0.0,1.4142135623730951,0.0,0.5,1.0,0.0,1.4142135623730951,0.0,0.0,0.0,0.0,1.4142135623730951
0.102041,10.0,523.0,10.0,7.3766,61.9,0.01175,390.0,1.0,0.04,1.0,1.0,1.0,1.0,2.924839,90.0,90.0,120.0,0.0,0.0,0.0,0.0,0.5,0.910714,268.2199,1.176906,267.5,0.0,800.0,257.5,0.0,0.0,2.859813,2.5,10.0,0.0,-2.22e-16,0.0,0,0,2.8284271247461903,0.0,2.8284271247461903,0.0,0.5,0.0,1.4142135623730951,0.0,1.224744871391589,0.0,0.0,0.5,0.0,0.0,0.0,0.5,0.0,282842713.47461903,1.9999999858578645,0.0,0.0,0.0,0.0,0.6123724356957945,0.0,0.0,0.0,0.0,0.0,0.0,0.0,0.0,1.4142135623730951,0.0,0.5,1.0,0.0,1.4142135623730951,0.0,0.0,0.0,0.0,1.4142135623730951
0.08596,10.0,523.0,10.0,10.6686,55.9,0.012,190.0,1.0,0.03,1.0,1.0,1.0,1.0,2.924839,90.0,90.0,120.0,0.0,0.0,0.0,0.0,0.5,0.910714,268.2199,1.176906,267.5,0.0,800.0,257.5,0.0,0.0,2.859813,2.5,10.0,0.0,-2.22e-16,0.0,0,0,2.8284271247461903,0.0,2.8284271247461903,0.0,0.5,0.0,1.4142135623730951,0.0,1.224744871391589,0.0,0.0,0.5,0.0,0.0,0.0,0.5,0.0,282842713.47461903,1.9999999858578645,0.0,0.0,0.0,0.0,0.6123724356957945,0.0,0.0,0.0,0.0,0.0,0.0,0.0,0.0,1.4142135623730951,0.0,0.5,1.0,0.0,1.4142135623730951,0.0,0.0,0.0,0.0,1.4142135623730951
0.081522,10.0,523.0,10.0,10.6686,49.8,0.012,110.0,1.0,0.01,1.0,1.0,1.0,1.0,2.924839,90.0,90.0,120.0,0.0,0.0,0.0,0.0,0.5,0.910714,268.2199,1.176906,267.5,0.0,800.0,257.5,0.0,0.0,2.859813,2.5,10.0,0.0,-2.22e-16,0.0,0,0,2.8284271247461903,0.0,2.8284271247461903,0.0,0.5,0.0,1.4142135623730951,0.0,1.224744871391589,0.0,0.0,0.5,0.0,0.0,0.0,0.5,0.0,282842713.47461903,1.9999999858578645,0.0,0.0,0.0,0.0,0.6123724356957945,0.0,0.0,0.0,0.0,0.0,0.0,0.0,0.0,1.4142135623730951,0.0,0.5,1.0,0.0,1.4142135623730951,0.0,0.0,0.0,0.0,1.4142135623730951
0.174419,20.0,42.0,10.0,3.3053,2562.29,1.4967,490.0,0.0,2.2676,1.0,5.0,1.0,1.0,3.433963,89.99989,60.03562,59.97819,6.348074,117.493,89.99976,117.6525,0.444444,0.728261,2.68307,1.002543,249.5,263.0,650.0,205.0,642.8571,175.7143,3.787575,0.769231,10.0,3.556302,0.7698,11.54701,1,0,4.372253453922903,4.151706835469087,0.2205466184538167,18.15231455105504,0.5,0.4285714285714285,2.186126726961452,1.7793029294867513,0.101015254455221,1.4999999999999998,0.996615895540124,0.5,0.4285714285714285,0.0,0.0,0.0714285714285714,0.0,1.0531219150731963,0.05174745316700054,18.09088522242574,1.8336606733260354,0.21428571428571425,0.0,0.007215375318230068,0.0,0.0,0.0,3.889781689511795,417857.115,36021.4315,65618.5,3.876618261948372,4.261980144695995,0.06142932862929782,0.9285714285714285,1.0,17.7241081809683,0.01575332988955833,0.21356054904431224,3.889781689511793,0.0,3.889781689511795,0.4068237974747009
0.333333,3.0,835.0,2.0,65.32,249.0,21.27,5.0,1.0,0.0,1.0,1.0,1.0,1.0,5.142692,74.87634,90.0,90.0,3.788512,90.0,90.0,90.0,0.416667,0.684211,66.12095,1.708366,275.0,279.6,685.7143,201.4286,680.0,188.0,2.897249,1.443376,11.54701,2.820943,1.440876,12.24745,1,0,3.7158067079548327,3.656648069074256,0.0591586388805764,13.587397423696208,0.4285714285714285,0.4,1.5924885891234997,1.4626592276297026,0.0404061017820884,1.5142857142857142,0.9994664294862464,0.4285714285714285,0.4,0.0,0.0,0.0285714285714285,0.0,1.0161783791060237,0.01604855926805162,13.580147589072272,0.5490137632555547,0.1714285714285714,0.0,0.0011544600509168087,0.0,0.0,0.0,2.329268129776493,466285.724,37868.576799999995,76890.0,2.3280253009838177,3.6862273885145447,0.007249834623935634,0.9714285714285715,1.0,14.163053618028277,0.0016902468251593216,0.17133710219764223,2.3292681297764926,0.0,2.329268129776493,0.1298293614937971
0.333333,3.0,835.0,2.0,64.54,247.0,22.22,5.0,1.0,0.0,1.0,1.0,1.0,1.0,5.142692,74.87634,90.0,90.0,3.788512,90.0,90.0,90.0,0.416667,0.684211,66.12095,1.708366,275.0,279.6,685.7143,201.4286,680.0,188.0,2.897249,1.443376,11.54701,2.820943,1.440876,12.24745,1,0,3.7158067079548327,3.656648069074256,0.0591586388805764,13.587397423696208,0.4285714285714285,0.4,1.5924885891234997,1.4626592276297026,0.0404061017820884,1.5142857142857142,0.9994664294862464,0.4285714285714285,0.4,0.0,0.0,0.0285714285714285,0.0,1.0161783791060237,0.01604855926805162,13.580147589072272,0.5490137632555547,0.1714285714285714,0.0,0.0011544600509168087,0.0,0.0,0.0,2.329268129776493,466285.724,37868.576799999995,76890.0,2.3280253009838177,3.6862273885145447,0.007249834623935634,0.9714285714285715,1.0,14.163053618028277,0.0016902468251593216,0.17133710219764223,2.3292681297764926,0.0,2.329268129776493,0.1298293614937971
0.272727,2.0,835.0,2.0,96.0,234.0,32.89,20.0,0.0,0.0,1.0,3.0,1.0,1.0,5.142692,74.87634,90.0,90.0,3.788512,90.0,90.0,90.0,0.416667,0.684211,66.12095,1.708366,275.0,279.6,685.7143,201.4286,680.0,188.0,2.897249,1.443376,11.54701,2.820943,1.440876,12.24745,1,0,3.7158067079548327,3.656648069074256,0.0591586388805764,13.587397423696208,0.4285714285714285,0.4,1.5924885891234997,1.4626592276297026,0.0404061017820884,1.5142857142857142,0.9994664294862464,0.4285714285714285,0.4,0.0,0.0,0.0285714285714285,0.0,1.0161783791060237,0.01604855926805162,13.580147589072272,0.5490137632555547,0.1714285714285714,0.0,0.0011544600509168087,0.0,0.0,0.0,2.329268129776493,466285.724,37868.576799999995,76890.0,2.3280253009838177,3.6862273885145447,0.007249834623935634,0.9714285714285715,1.0,14.163053618028277,0.0016902468251593216,0.17133710219764223,2.3292681297764926,0.0,2.329268129776493,0.1298293614937971
0.272727,1.0,835.0,300.0,77.27,35.0,4.29,6.0,1.0,0.0,1.0,3.0,1.0,1.0,5.142692,74.87634,90.0,90.0,3.788512,90.0,90.0,90.0,0.416667,0.684211,66.12095,1.708366,275.0,279.6,685.7143,201.4286,680.0,188.0,2.897249,1.443376,11.54701,2.820943,1.440876,12.24745,1,0,3.7158067079548327,3.656648069074256,0.0591586388805764,13.587397423696208,0.4285714285714285,0.4,1.5924885891234997,1.4626592276297026,0.0404061017820884,1.5142857142857142,0.9994664294862464,0.4285714285714285,0.4,0.0,0.0,0.0285714285714285,0.0,1.0161783791060237,0.01604855926805162,13.580147589072272,0.5490137632555547,0.1714285714285714,0.0,0.0011544600509168087,0.0,0.0,0.0,2.329268129776493,466285.724,37868.576799999995,76890.0,2.3280253009838177,3.6862273885145447,0.007249834623935634,0.9714285714285715,1.0,14.163053618028277,0.0016902468251593216,0.17133710219764223,2.3292681297764926,0.0,2.329268129776493,0.1298293614937971
0.171429,60.0,53.0,2.0,3.5,134.375,0.01304,34.375,0.0,0.0,1.0,1.0,0.805996,1.0,6.117259,58.53517,61.59676,58.53665,0.0,0.0,0.0,0.0,0.428571,0.973267,4.522311,1.000007,277.1429,0.0,728.5714,214.2857,0.0,0.0,2.785566,2.037707,11.54701,0.0,-2.22e-16,0.0,0,0,3.2760940768010016,0.0,3.2760940768010016,0.0,0.4285714285714285,0.0,1.4040403186290007,0.0,1.228903609577518,0.0,0.0,0.4285714285714285,0.0,0.0,0.0,0.4285714285714285,0.0,327609408.68010014,1.9999999877903385,0.0,0.0,0.0,0.0,0.5266729755332219,0.0,0.0,0.0,0.0,0.0,0.0,0.0,0.0,1.6380470384005008,0.0,0.5714285714285715,1.0,0.0,1.4040403186290005,0.0,0.0,0.0,0.0,1.4040403186290007
0.171429,60.0,53.0,2.0,3.5,127.0,0.0217,40.0,1.0,0.0,1.0,1.0,0.805996,1.0,6.117259,58.53517,61.59676,58.53665,0.0,0.0,0.0,0.0,0.428571,0.973267,4.522311,1.000007,277.1429,0.0,728.5714,214.2857,0.0,0.0,2.785566,2.037707,11.54701,0.0,-2.22e-16,0.0,0,0,3.2760940768010016,0.0,3.2760940768010016,0.0,0.4285714285714285,0.0,1.4040403186290007,0.0,1.228903609577518,0.0,0.0,0.4285714285714285,0.0,0.0,0.0,0.4285714285714285,0.0,327609408.68010014,1.9999999877903385,0.0,0.0,0.0,0.0,0.5266729755332219,0.0,0.0,0.0,0.0,0.0,0.0,0.0,0.0,1.6380470384005008,0.0,0.5714285714285715,1.0,0.0,1.4040403186290005,0.0,0.0,0.0,0.0,1.4040403186290007
0.120627,20.0,730.0,300.0,0.22718,290.0,0.01331,100.0,0.0,0.004375,1.0,0.0,1.0,1.0,3.957177,90.0,90.0,90.0,0.0,0.0,0.0,0.0,0.4,0.959459,138.3562,1.0,243.0,0.0,520.0,94.0,0.0,0.0,3.403618,2.686808,19.49359,0.0,-2.22e-16,0.0,0,0,3.0232623334747606,0.0,3.0232623334747606,0.0,0.2,0.0,0.6046524666949522,0.0,1.2,0.0,0.0,0.4,0.0,0.0,0.0,0.4,0.0,302326234.34747607,1.9999999867692595,0.0,0.0,0.0,0.0,0.48,0.0,0.0,0.0,0.0,0.0,0.0,0.0,0.0,1.5116311667373803,0.0,0.6,1.0,0.0,1.2093049333899044,0.0,0.0,0.0,0.0,0.6046524666949522
0.152284,80.0,1006.8,2.0,27.01,1922.0,0.09,284.892,0.0,0.0124,1.0,7.0,1.0,1.0,5.411571,90.83449,105.0751,67.16767,0.0,0.0,0.0,0.0,0.5,0.68593,144.1882,0.932749,267.46,0.0,799.0,257.275,0.0,0.0,2.861814,2.496832,10.00076,0.0,-2.22e-16,0.0,0,0,2.838779886550291,0.0,2.838779886550291,0.0,0.5,0.0,1.4193899432751456,0.0,1.2227223724132965,0.0,0.0,0.5,0.0,0.0,0.0,0.5,0.0,283877989.6550291,1.9999999859094395,0.0,0.0,0.0,0.0,0.6113611862066483,0.0,0.0,0.0,0.0,0.0,0.0,0.0,0.0,1.4193899432751456,0.0,0.5,1.0,0.0,1.4193899432751456,0.0,0.0,0.0,0.0,1.4193899432751456
0.16129,80.0,500.0,2.0,1.368,2110.0,0.09,454.54,1.0,0.0,1.0,7.0,1.0,1.0,3.788512,90.0,90.0,90.0,0.0,0.0,0.0,0.0,0.5,0.68593,98.98345,1.0,267.42,0.0,798.0,257.05,0.0,0.0,2.863813,2.493577,10.0015,0.0,-2.22e-16,0.0,0,0,2.8491326483543915,0.0,2.8491326483543915,0.0,0.5,0.0,1.4245663241771958,0.0,1.2207374820165062,0.0,0.0,0.5,0.0,0.0,0.0,0.5,0.0,284913265.83543915,1.9999999859606399,0.0,0.0,0.0,0.0,0.6103687410082531,0.0,0.0,0.0,0.0,0.0,0.0,0.0,0.0,1.4245663241771958,0.0,0.5,1.0,0.0,1.4245663241771958,0.0,0.0,0.0,0.0,1.4245663241771958
0.1875,40.0,1661.0,5.0,100.6,1333.0,15.3,631.7,0.0,4.68,1.0,5.0,1.0,1.0,2.48976,60.0,60.0,60.0,3.011828,107.295,89.50258,120.0378,0.666667,0.829352,411.9435,1.0,188.0,266.0,900.0,500.0,750.0,250.0,0.0,0.0,0.0,2.932331,2.0,10.0,1,0,3.872983346207417,3.350705235476804,0.5222781107306131,12.977225575051664,1.0,0.5,3.872983346207417,1.675352617738402,0.7071067811865476,1.5,0.8660254037844388,1.0,0.5,0.0,0.0,0.5,0.0,1.1558710995052903,0.14460150195534252,11.238607018635863,9.176284205106526,0.5,0.0,0.3535533905932738,0.0,0.0,0.0,6.488612787525832,675000.0,125000.0,50008.0,5.619303509317931,3.6118442908421104,1.7386185564158003,0.5,1.0,6.052316211210151,0.26113905536530657,0.4330127018922194,6.488612787525832,0.0,6.488612787525832,2.197630728469015
0.015,40.0,1661.0,5.0,76.1,523.8,4.68,456.2,0.0,2.7,1.0,5.0,1.0,1.0,2.48976,60.0,60.0,60.0,3.011828,107.295,89.50258,120.0378,0.666667,0.163823,411.9435,1.0,188.0,266.0,900.0,500.0,750.0,250.0,0.0,0.0,0.0,2.932331,2.0,10.0,1,0,3.872983346207417,3.350705235476804,0.5222781107306131,12.977225575051664,1.0,0.5,3.872983346207417,1.675352617738402,0.7071067811865476,1.5,0.8660254037844388,1.0,0.5,0.0,0.0,0.5,0.0,1.1558710995052903,0.14460150195534252,11.238607018635863,9.176284205106526,0.5,0.0,0.3535533905932738,0.0,0.0,0.0,6.488612787525832,675000.0,125000.0,50008.0,5.619303509317931,3.6118442908421104,1.7386185564158003,0.5,1.0,6.052316211210151,0.26113905536530657,0.4330127018922194,6.488612787525832,0.0,6.488612787525832,2.197630728469015
0.0225,40.0,1661.0,5.0,74.6,523.8,4.68,47.6,1.0,0.85,0.0,5.0,0.516643,1.0,2.48976,60.0,60.0,60.0,3.011828,107.295,89.50258,120.0378,0.666667,0.334471,411.9435,1.0,188.0,266.0,900.0,500.0,750.0,250.0,0.0,0.0,0.0,2.932331,2.0,10.0,1,0,3.872983346207417,3.350705235476804,0.5222781107306131,12.977225575051664,1.0,0.5,3.872983346207417,1.675352617738402,0.7071067811865476,1.5,0.8660254037844388,1.0,0.5,0.0,0.0,0.5,0.0,1.1558710995052903,0.14460150195534252,11.238607018635863,9.176284205106526,0.5,0.0,0.3535533905932738,0.0,0.0,0.0,6.488612787525832,675000.0,125000.0,50008.0,5.619303509317931,3.6118442908421104,1.7386185564158003,0.5,1.0,6.052316211210151,0.26113905536530657,0.4330127018922194,6.488612787525832,0.0,6.488612787525832,2.197630728469015
0.111111,15.0,850.0,5.0,83.2,4300.0,48.0,280.0,0.0,0.0,1.0,7.0,1.0,1.0,5.932914,120.4948,120.2024,89.39748,3.011828,107.295,89.50258,120.0378,0.444444,-0.22867,105.404,1.0,275.7143,266.0,700.0,205.7143,750.0,250.0,2.860376,1.707469,11.55577,2.932331,2.0,10.0,1,0,3.569235830903556,3.350705235476804,0.2185305954267518,11.959457185259945,0.4285714285714285,0.5,1.5296724989586663,1.675352617738402,0.4629100498862757,1.357142857142857,0.9271050693011066,0.4285714285714285,0.5,0.0,0.0,0.0714285714285714,0.0,1.065219283528968,0.06315966933789588,11.087673382544038,5.53615292224146,0.21428571428571425,0.0,0.03306500356330539,0.0,0.0,0.0,2.5627408254128445,525000.0,51428.575000000004,73340.00379999999,2.3759300105451504,3.45997053319018,0.8717838027159065,0.9285714285714285,1.0,11.156579990999061,0.015609328244767979,0.19866537199309423,2.562740825412845,0.0,2.5627408254128445,0.14568011877973563
0.111111,50.0,850.0,5.0,80.7,4290.0,45.5,300.0,0.0,0.0,1.0,3.0,1.0,1.0,5.932914,120.4948,120.2024,89.39748,3.011828,107.295,89.50258,120.0378,0.444444,-0.22867,105.404,1.0,275.7143,266.0,700.0,205.7143,750.0,250.0,2.860376,1.707469,11.55577,2.932331,2.0,10.0,1,0,3.569235830903556,3.350705235476804,0.2185305954267518,11.959457185259945,0.4285714285714285,0.5,1.5296724989586663,1.675352617738402,0.4629100498862757,1.357142857142857,0.9271050693011066,0.4285714285714285,0.5,0.0,0.0,0.0714285714285714,0.0,1.065219283528968,0.06315966933789588,11.087673382544038,5.53615292224146,0.21428571428571425,0.0,0.03306500356330539,0.0,0.0,0.0,2.5627408254128445,525000.0,51428.575000000004,73340.00379999999,2.3759300105451504,3.45997053319018,0.8717838027159065,0.9285714285714285,1.0,11.156579990999061,0.015609328244767979,0.19866537199309423,2.562740825412845,0.0,2.5627408254128445,0.14568011877973563
0.111111,50.0,850.0,5.0,81.0,4240.0,45.4,300.0,0.0,0.0,1.0,5.0,1.0,1.0,5.932914,120.4948,120.2024,89.39748,3.011828,107.295,89.50258,120.0378,0.444444,-0.22867,105.404,1.0,275.7143,266.0,700.0,205.7143,750.0,250.0,2.860376,1.707469,11.55577,2.932331,2.0,10.0,1,0,3.569235830903556,3.350705235476804,0.2185305954267518,11.959457185259945,0.4285714285714285,0.5,1.5296724989586663,1.675352617738402,0.4629100498862757,1.357142857142857,0.9271050693011066,0.4285714285714285,0.5,0.0,0.0,0.0714285714285714,0.0,1.065219283528968,0.06315966933789588,11.087673382544038,5.53615292224146,0.21428571428571425,0.0,0.03306500356330539,0.0,0.0,0.0,2.5627408254128445,525000.0,51428.575000000004,73340.00379999999,2.3759300105451504,3.45997053319018,0.8717838027159065,0.9285714285714285,1.0,11.156579990999061,0.015609328244767979,0.19866537199309423,2.562740825412845,0.0,2.5627408254128445,0.14568011877973563
0.111111,50.0,850.0,5.0,83.8,4240.0,45.4,280.0,0.0,0.0,1.0,7.0,1.0,1.0,5.932914,120.4948,120.2024,89.39748,3.011828,107.295,89.50258,120.0378,0.444444,-0.22867,105.404,1.0,275.7143,266.0,700.0,205.7143,750.0,250.0,2.860376,1.707469,11.55577,2.932331,2.0,10.0,1,0,3.569235830903556,3.350705235476804,0.2185305954267518,11.959457185259945,0.4285714285714285,0.5,1.5296724989586663,1.675352617738402,0.4629100498862757,1.357142857142857,0.9271050693011066,0.4285714285714285,0.5,0.0,0.0,0.0714285714285714,0.0,1.065219283528968,0.06315966933789588,11.087673382544038,5.53615292224146,0.21428571428571425,0.0,0.03306500356330539,0.0,0.0,0.0,2.5627408254128445,525000.0,51428.575000000004,73340.00379999999,2.3759300105451504,3.45997053319018,0.8717838027159065,0.9285714285714285,1.0,11.156579990999061,0.015609328244767979,0.19866537199309423,2.562740825412845,0.0,2.5627408254128445,0.14568011877973563
0.180723,20.0,720.0,25.0,9.164,903.0,0.0283,45.0,1.0,0.001023,0.0,2.0,1.0,1.0,2.924839,90.0,90.0,120.0,2.924839,90.0,90.0,120.0,0.5,0.990476,184.6255,1.176906,267.5,267.5,800.0,257.5,800.0,257.5,2.859813,2.5,10.0,2.859813,2.5,10.0,1,0,2.8284271247461903,2.8284271247461903,0.0,8.000000000000002,0.5,0.5,1.4142135623730951,1.4142135623730951,0.0,1.5,1.0000000000000002,0.5,0.5,0.0,0.0,0.0,0.0,1.0,0.0,8.000000000000004,0.0,0.25,0.0,0.0,0.0,0.0,0.0,2.0000000000000004,640000.0,66306.25,71556.25,2.000000000000001,2.8284271247461903,-1.776356839400251e-15,1.0,1.0,9.000000000000004,0.0,0.25000000000000006,2.0000000000000004,0.0,2.0000000000000004,0.0
0.180723,30.0,720.0,25.0,15.128,861.53,0.0316,48.0,0.0,0.00186,1.0,2.0,1.0,1.0,2.924839,90.0,90.0,120.0,2.924839,90.0,90.0,120.0,0.5,0.990476,184.6255,1.176906,267.5,267.5,800.0,257.5,800.0,257.5,2.859813,2.5,10.0,2.859813,2.5,10.0,1,0,2.8284271247461903,2.8284271247461903,0.0,8.000000000000002,0.5,0.5,1.4142135623730951,1.4142135623730951,0.0,1.5,1.0000000000000002,0.5,0.5,0.0,0.0,0.0,0.0,1.0,0.0,8.000000000000004,0.0,0.25,0.0,0.0,0.0,0.0,0.0,2.0000000000000004,640000.0,66306.25,71556.25,2.000000000000001,2.8284271247461903,-1.776356839400251e-15,1.0,1.0,9.000000000000004,0.0,0.25000000000000006,2.0000000000000004,0.0,2.0000000000000004,0.0
0.179641,30.0,720.0,50.0,12.752,597.5,0.028228,52.5,0.0,0.00575,0.8,2.0,1.0,1.0,2.924839,90.0,90.0,120.0,2.924839,90.0,90.0,120.0,0.5,0.990476,184.6255,1.176906,267.5,267.5,800.0,257.5,800.0,257.5,2.859813,2.5,10.0,2.859813,2.5,10.0,1,0,2.8284271247461903,2.8284271247461903,0.0,8.000000000000002,0.5,0.5,1.4142135623730951,1.4142135623730951,0.0,1.5,1.0000000000000002,0.5,0.5,0.0,0.0,0.0,0.0,1.0,0.0,8.000000000000004,0.0,0.25,0.0,0.0,0.0,0.0,0.0,2.0000000000000004,640000.0,66306.25,71556.25,2.000000000000001,2.8284271247461903,-1.776356839400251e-15,1.0,1.0,9.000000000000004,0.0,0.25000000000000006,2.0000000000000004,0.0,2.0000000000000004,0.0
0.179641,30.0,720.0,100.0,12.752,376.5,0.02247,37.5,0.0,0.004282,1.0,2.0,1.0,1.0,2.924839,90.0,90.0,120.0,2.924839,90.0,90.0,120.0,0.5,0.990476,184.6255,1.176906,267.5,267.5,800.0,257.5,800.0,257.5,2.859813,2.5,10.0,2.859813,2.5,10.0,1,0,2.8284271247461903,2.8284271247461903,0.0,8.000000000000002,0.5,0.5,1.4142135623730951,1.4142135623730951,0.0,1.5,1.0000000000000002,0.5,0.5,0.0,0.0,0.0,0.0,1.0,0.0,8.000000000000004,0.0,0.25,0.0,0.0,0.0,0.0,0.0,2.0000000000000004,640000.0,66306.25,71556.25,2.000000000000001,2.8284271247461903,-1.776356839400251e-15,1.0,1.0,9.000000000000004,0.0,0.25000000000000006,2.0000000000000004,0.0,2.0000000000000004,0.0
0.179641,30.0,720.0,200.0,5.2614,204.0,0.011407,27.0,0.0,0.003932,1.0,2.0,1.0,1.0,2.924839,90.0,90.0,120.0,2.924839,90.0,90.0,120.0,0.5,0.990476,184.6255,1.176906,267.5,267.5,800.0,257.5,800.0,257.5,2.859813,2.5,10.0,2.859813,2.5,10.0,1,0,2.8284271247461903,2.8284271247461903,0.0,8.000000000000002,0.5,0.5,1.4142135623730951,1.4142135623730951,0.0,1.5,1.0000000000000002,0.5,0.5,0.0,0.0,0.0,0.0,1.0,0.0,8.000000000000004,0.0,0.25,0.0,0.0,0.0,0.0,0.0,2.0000000000000004,640000.0,66306.25,71556.25,2.000000000000001,2.8284271247461903,-1.776356839400251e-15,1.0,1.0,9.000000000000004,0.0,0.25000000000000006,2.0000000000000004,0.0,2.0000000000000004,0.0
0.179641,30.0,720.0,300.0,4.6594,79.5,0.00269,24.5,0.0,0.003138,1.0,2.0,1.0,1.0,2.924839,90.0,90.0,120.0,2.924839,90.0,90.0,120.0,0.5,0.990476,184.6255,1.176906,267.5,267.5,800.0,257.5,800.0,257.5,2.859813,2.5,10.0,2.859813,2.5,10.0,1,0,2.8284271247461903,2.8284271247461903,0.0,8.000000000000002,0.5,0.5,1.4142135623730951,1.4142135623730951,0.0,1.5,1.0000000000000002,0.5,0.5,0.0,0.0,0.0,0.0,1.0,0.0,8.000000000000004,0.0,0.25,0.0,0.0,0.0,0.0,0.0,2.0000000000000004,640000.0,66306.25,71556.25,2.000000000000001,2.8284271247461903,-1.776356839400251e-15,1.0,1.0,9.000000000000004,0.0,0.25000000000000006,2.0000000000000004,0.0,2.0000000000000004,0.0
0.153846,30.0,720.0,25.0,9.164,193.0,0.0111,24.0,1.0,0.00111,0.0,2.0,1.0,1.0,2.924839,90.0,90.0,120.0,2.924839,90.0,90.0,120.0,0.5,0.990476,184.6255,1.176906,267.5,267.5,800.0,257.5,800.0,257.5,2.859813,2.5,10.0,2.859813,2.5,10.0,1,0,2.8284271247461903,2.8284271247461903,0.0,8.000000000000002,0.5,0.5,1.4142135623730951,1.4142135623730951,0.0,1.5,1.0000000000000002,0.5,0.5,0.0,0.0,0.0,0.0,1.0,0.0,8.000000000000004,0.0,0.25,0.0,0.0,0.0,0.0,0.0,2.0000000000000004,640000.0,66306.25,71556.25,2.000000000000001,2.8284271247461903,-1.776356839400251e-15,1.0,1.0,9.000000000000004,0.0,0.25000000000000006,2.0000000000000004,0.0,2.0000000000000004,0.0
0.153846,30.0,720.0,25.0,15.128,190.0,0.010925,21.0,0.0,0.001019,1.0,2.0,1.0,1.0,2.924839,90.0,90.0,120.0,2.924839,90.0,90.0,120.0,0.5,0.990476,184.6255,1.176906,267.5,267.5,800.0,257.5,800.0,257.5,2.859813,2.5,10.0,2.859813,2.5,10.0,1,0,2.8284271247461903,2.8284271247461903,0.0,8.000000000000002,0.5,0.5,1.4142135623730951,1.4142135623730951,0.0,1.5,1.0000000000000002,0.5,0.5,0.0,0.0,0.0,0.0,1.0,0.0,8.000000000000004,0.0,0.25,0.0,0.0,0.0,0.0,0.0,2.0000000000000004,640000.0,66306.25,71556.25,2.000000000000001,2.8284271247461903,-1.776356839400251e-15,1.0,1.0,9.000000000000004,0.0,0.25000000000000006,2.0000000000000004,0.0,2.0000000000000004,0.0
0.179641,30.0,720.0,2.0,6.668,903.0,0.032511,21.0,0.0,0.000472,0.0,2.0,1.0,1.0,2.924839,90.0,90.0,120.0,2.924839,90.0,90.0,120.0,0.5,0.990476,184.6255,1.176906,267.5,267.5,800.0,257.5,800.0,257.5,2.859813,2.5,10.0,2.859813,2.5,10.0,1,0,2.8284271247461903,2.8284271247461903,0.0,8.000000000000002,0.5,0.5,1.4142135623730951,1.4142135623730951,0.0,1.5,1.0000000000000002,0.5,0.5,0.0,0.0,0.0,0.0,1.0,0.0,8.000000000000004,0.0,0.25,0.0,0.0,0.0,0.0,0.0,2.0000000000000004,640000.0,66306.25,71556.25,2.000000000000001,2.8284271247461903,-1.776356839400251e-15,1.0,1.0,9.000000000000004,0.0,0.25000000000000006,2.0000000000000004,0.0,2.0000000000000004,0.0
0.153846,30.0,720.0,2.0,15.128,197.5,0.010534,20.5,0.0,0.00997,1.0,2.0,1.0,1.0,2.924839,90.0,90.0,120.0,2.924839,90.0,90.0,120.0,0.5,0.990476,184.6255,1.176906,267.5,267.5,800.0,257.5,800.0,257.5,2.859813,2.5,10.0,2.859813,2.5,10.0,1,0,2.8284271247461903,2.8284271247461903,0.0,8.000000000000002,0.5,0.5,1.4142135623730951,1.4142135623730951,0.0,1.5,1.0000000000000002,0.5,0.5,0.0,0.0,0.0,0.0,1.0,0.0,8.000000000000004,0.0,0.25,0.0,0.0,0.0,0.0,0.0,2.0000000000000004,640000.0,66306.25,71556.25,2.000000000000001,2.8284271247461903,-1.776356839400251e-15,1.0,1.0,9.000000000000004,0.0,0.25000000000000006,2.0000000000000004,0.0,2.0000000000000004,0.0
0.153846,30.0,720.0,50.0,12.752,201.5,0.011696,24.5,0.0,0.00668,1.0,2.0,1.0,1.0,2.924839,90.0,90.0,120.0,2.924839,90.0,90.0,120.0,0.5,0.990476,184.6255,1.176906,267.5,267.5,800.0,257.5,800.0,257.5,2.859813,2.5,10.0,2.859813,2.5,10.0,1,0,2.8284271247461903,2.8284271247461903,0.0,8.000000000000002,0.5,0.5,1.4142135623730951,1.4142135623730951,0.0,1.5,1.0000000000000002,0.5,0.5,0.0,0.0,0.0,0.0,1.0,0.0,8.000000000000004,0.0,0.25,0.0,0.0,0.0,0.0,0.0,2.0000000000000004,640000.0,66306.25,71556.25,2.000000000000001,2.8284271247461903,-1.776356839400251e-15,1.0,1.0,9.000000000000004,0.0,0.25000000000000006,2.0000000000000004,0.0,2.0000000000000004,0.0
0.153846,30.0,720.0,100.0,12.752,259.5,0.015882,16.5,0.0,0.00922,1.0,2.0,1.0,1.0,2.924839,90.0,90.0,120.0,2.924839,90.0,90.0,120.0,0.5,0.990476,184.6255,1.176906,267.5,267.5,800.0,257.5,800.0,257.5,2.859813,2.5,10.0,2.859813,2.5,10.0,1,0,2.8284271247461903,2.8284271247461903,0.0,8.000000000000002,0.5,0.5,1.4142135623730951,1.4142135623730951,0.0,1.5,1.0000000000000002,0.5,0.5,0.0,0.0,0.0,0.0,1.0,0.0,8.000000000000004,0.0,0.25,0.0,0.0,0.0,0.0,0.0,2.0000000000000004,640000.0,66306.25,71556.25,2.000000000000001,2.8284271247461903,-1.776356839400251e-15,1.0,1.0,9.000000000000004,0.0,0.25000000000000006,2.0000000000000004,0.0,2.0000000000000004,0.0
0.153846,30.0,720.0,200.0,1.6434,152.5,0.01103,5.5,0.0,0.00578,1.0,2.0,1.0,1.0,2.924839,90.0,90.0,120.0,2.924839,90.0,90.0,120.0,0.5,0.990476,184.6255,1.176906,267.5,267.5,800.0,257.5,800.0,257.5,2.859813,2.5,10.0,2.859813,2.5,10.0,1,0,2.8284271247461903,2.8284271247461903,0.0,8.000000000000002,0.5,0.5,1.4142135623730951,1.4142135623730951,0.0,1.5,1.0000000000000002,0.5,0.5,0.0,0.0,0.0,0.0,1.0,0.0,8.000000000000004,0.0,0.25,0.0,0.0,0.0,0.0,0.0,2.0000000000000004,640000.0,66306.25,71556.25,2.000000000000001,2.8284271247461903,-1.776356839400251e-15,1.0,1.0,9.000000000000004,0.0,0.25000000000000006,2.0000000000000004,0.0,2.0000000000000004,0.0
0.153846,30.0,720.0,300.0,1.0414,43.5,0.001709,1.5,0.0,6.5e-05,1.0,2.0,1.0,1.0,2.924839,90.0,90.0,120.0,2.924839,90.0,90.0,120.0,0.5,0.990476,184.6255,1.176906,267.5,267.5,800.0,257.5,800.0,257.5,2.859813,2.5,10.0,2.859813,2.5,10.0,1,0,2.8284271247461903,2.8284271247461903,0.0,8.000000000000002,0.5,0.5,1.4142135623730951,1.4142135623730951,0.0,1.5,1.0000000000000002,0.5,0.5,0.0,0.0,0.0,0.0,1.0,0.0,8.000000000000004,0.0,0.25,0.0,0.0,0.0,0.0,0.0,2.0000000000000004,640000.0,66306.25,71556.25,2.000000000000001,2.8284271247461903,-1.776356839400251e-15,1.0,1.0,9.000000000000004,0.0,0.25000000000000006,2.0000000000000004,0.0,2.0000000000000004,0.0
0.103448,20.0,720.0,25.0,6.936,75.47,0.001163,10.0,1.0,0.000188,1.0,2.0,1.0,1.0,2.924839,90.0,90.0,120.0,2.924839,90.0,90.0,120.0,0.5,0.990476,184.6255,1.176906,267.5,267.5,800.0,257.5,800.0,257.5,2.859813,2.5,10.0,2.859813,2.5,10.0,1,0,2.8284271247461903,2.8284271247461903,0.0,8.000000000000002,0.5,0.5,1.4142135623730951,1.4142135623730951,0.0,1.5,1.0000000000000002,0.5,0.5,0.0,0.0,0.0,0.0,1.0,0.0,8.000000000000004,0.0,0.25,0.0,0.0,0.0,0.0,0.0,2.0000000000000004,640000.0,66306.25,71556.25,2.000000000000001,2.8284271247461903,-1.776356839400251e-15,1.0,1.0,9.000000000000004,0.0,0.25000000000000006,2.0000000000000004,0.0,2.0000000000000004,0.0
0.103448,20.0,720.0,25.0,15.128,71.7,0.00111,14.0,0.0,0.000311,1.0,2.0,1.0,1.0,2.924839,90.0,90.0,120.0,2.924839,90.0,90.0,120.0,0.5,0.990476,184.6255,1.176906,267.5,267.5,800.0,257.5,800.0,257.5,2.859813,2.5,10.0,2.859813,2.5,10.0,1,0,2.8284271247461903,2.8284271247461903,0.0,8.000000000000002,0.5,0.5,1.4142135623730951,1.4142135623730951,0.0,1.5,1.0000000000000002,0.5,0.5,0.0,0.0,0.0,0.0,1.0,0.0,8.000000000000004,0.0,0.25,0.0,0.0,0.0,0.0,0.0,2.0000000000000004,640000.0,66306.25,71556.25,2.000000000000001,2.8284271247461903,-1.776356839400251e-15,1.0,1.0,9.000000000000004,0.0,0.25000000000000006,2.0000000000000004,0.0,2.0000000000000004,0.0
0.103448,20.0,720.0,2.0,6.668,50.0,0.000831,3.0,0.0,0.0019,0.0,2.0,1.0,1.0,2.924839,90.0,90.0,120.0,2.924839,90.0,90.0,120.0,0.5,0.990476,184.6255,1.176906,267.5,267.5,800.0,257.5,800.0,257.5,2.859813,2.5,10.0,2.859813,2.5,10.0,1,0,2.8284271247461903,2.8284271247461903,0.0,8.000000000000002,0.5,0.5,1.4142135623730951,1.4142135623730951,0.0,1.5,1.0000000000000002,0.5,0.5,0.0,0.0,0.0,0.0,1.0,0.0,8.000000000000004,0.0,0.25,0.0,0.0,0.0,0.0,0.0,2.0000000000000004,640000.0,66306.25,71556.25,2.000000000000001,2.8284271247461903,-1.776356839400251e-15,1.0,1.0,9.000000000000004,0.0,0.25000000000000006,2.0000000000000004,0.0,2.0000000000000004,0.0
0.103448,20.0,720.0,50.0,12.752,81.5,0.001297,11.5,0.0,0.00163,1.0,2.0,1.0,1.0,2.924839,90.0,90.0,120.0,2.924839,90.0,90.0,120.0,0.5,0.990476,184.6255,1.176906,267.5,267.5,800.0,257.5,800.0,257.5,2.859813,2.5,10.0,2.859813,2.5,10.0,1,0,2.8284271247461903,2.8284271247461903,0.0,8.000000000000002,0.5,0.5,1.4142135623730951,1.4142135623730951,0.0,1.5,1.0000000000000002,0.5,0.5,0.0,0.0,0.0,0.0,1.0,0.0,8.000000000000004,0.0,0.25,0.0,0.0,0.0,0.0,0.0,2.0000000000000004,640000.0,66306.25,71556.25,2.000000000000001,2.8284271247461903,-1.776356839400251e-15,1.0,1.0,9.000000000000004,0.0,0.25000000000000006,2.0000000000000004,0.0,2.0000000000000004,0.0
0.103448,20.0,720.0,100.0,12.752,143.0,0.002142,24.0,0.0,0.00355,1.0,2.0,1.0,1.0,2.924839,90.0,90.0,120.0,2.924839,90.0,90.0,120.0,0.5,0.990476,184.6255,1.176906,267.5,267.5,800.0,257.5,800.0,257.5,2.859813,2.5,10.0,2.859813,2.5,10.0,1,0,2.8284271247461903,2.8284271247461903,0.0,8.000000000000002,0.5,0.5,1.4142135623730951,1.4142135623730951,0.0,1.5,1.0000000000000002,0.5,0.5,0.0,0.0,0.0,0.0,1.0,0.0,8.000000000000004,0.0,0.25,0.0,0.0,0.0,0.0,0.0,2.0000000000000004,640000.0,66306.25,71556.25,2.000000000000001,2.8284271247461903,-1.776356839400251e-15,1.0,1.0,9.000000000000004,0.0,0.25000000000000006,2.0000000000000004,0.0,2.0000000000000004,0.0
0.103448,20.0,720.0,200.0,1.5234,148.0,0.002414,22.0,0.0,0.00423,1.0,2.0,1.0,1.0,2.924839,90.0,90.0,120.0,2.924839,90.0,90.0,120.0,0.5,0.990476,184.6255,1.176906,267.5,267.5,800.0,257.5,800.0,257.5,2.859813,2.5,10.0,2.859813,2.5,10.0,1,0,2.8284271247461903,2.8284271247461903,0.0,8.000000000000002,0.5,0.5,1.4142135623730951,1.4142135623730951,0.0,1.5,1.0000000000000002,0.5,0.5,0.0,0.0,0.0,0.0,1.0,0.0,8.000000000000004,0.0,0.25,0.0,0.0,0.0,0.0,0.0,2.0000000000000004,640000.0,66306.25,71556.25,2.000000000000001,2.8284271247461903,-1.776356839400251e-15,1.0,1.0,9.000000000000004,0.0,0.25000000000000006,2.0000000000000004,0.0,2.0000000000000004,0.0
0.103448,20.0,720.0,300.0,0.8934,88.5,0.00151,32.5,0.0,0.00525,1.0,2.0,1.0,1.0,2.924839,90.0,90.0,120.0,2.924839,90.0,90.0,120.0,0.5,0.990476,184.6255,1.176906,267.5,267.5,800.0,257.5,800.0,257.5,2.859813,2.5,10.0,2.859813,2.5,10.0,1,0,2.8284271247461903,2.8284271247461903,0.0,8.000000000000002,0.5,0.5,1.4142135623730951,1.4142135623730951,0.0,1.5,1.0000000000000002,0.5,0.5,0.0,0.0,0.0,0.0,1.0,0.0,8.000000000000004,0.0,0.25,0.0,0.0,0.0,0.0,0.0,2.0000000000000004,640000.0,66306.25,71556.25,2.000000000000001,2.8284271247461903,-1.776356839400251e-15,1.0,1.0,9.000000000000004,0.0,0.25000000000000006,2.0000000000000004,0.0,2.0000000000000004,0.0
0.096774,20.0,720.0,25.0,6.668,3.8,0.007775,1.5,0.0,0.000198,0.0,2.0,1.0,1.0,2.924839,90.0,90.0,120.0,2.924839,90.0,90.0,120.0,0.5,0.990476,184.6255,1.176906,267.5,267.5,800.0,257.5,800.0,257.5,2.859813,2.5,10.0,2.859813,2.5,10.0,1,0,2.8284271247461903,2.8284271247461903,0.0,8.000000000000002,0.5,0.5,1.4142135623730951,1.4142135623730951,0.0,1.5,1.0000000000000002,0.5,0.5,0.0,0.0,0.0,0.0,1.0,0.0,8.000000000000004,0.0,0.25,0.0,0.0,0.0,0.0,0.0,2.0000000000000004,640000.0,66306.25,71556.25,2.000000000000001,2.8284271247461903,-1.776356839400251e-15,1.0,1.0,9.000000000000004,0.0,0.25000000000000006,2.0000000000000004,0.0,2.0000000000000004,0.0
0.096774,20.0,720.0,25.0,6.668,3.8,0.005655,12.0,0.0,0.000198,0.0,2.0,1.0,1.0,2.924839,90.0,90.0,120.0,2.924839,90.0,90.0,120.0,0.5,0.990476,184.6255,1.176906,267.5,267.5,800.0,257.5,800.0,257.5,2.859813,2.5,10.0,2.859813,2.5,10.0,1,0,2.8284271247461903,2.8284271247461903,0.0,8.000000000000002,0.5,0.5,1.4142135623730951,1.4142135623730951,0.0,1.5,1.0000000000000002,0.5,0.5,0.0,0.0,0.0,0.0,1.0,0.0,8.000000000000004,0.0,0.25,0.0,0.0,0.0,0.0,0.0,2.0000000000000004,640000.0,66306.25,71556.25,2.000000000000001,2.8284271247461903,-1.776356839400251e-15,1.0,1.0,9.000000000000004,0.0,0.25000000000000006,2.0000000000000004,0.0,2.0000000000000004,0.0
0.096774,20.0,720.0,2.0,15.1,6.5,5.6e-05,15.5,0.0,0.000119,1.0,2.0,1.0,1.0,2.924839,90.0,90.0,120.0,2.924839,90.0,90.0,120.0,0.5,0.990476,184.6255,1.176906,267.5,267.5,800.0,257.5,800.0,257.5,2.859813,2.5,10.0,2.859813,2.5,10.0,1,0,2.8284271247461903,2.8284271247461903,0.0,8.000000000000002,0.5,0.5,1.4142135623730951,1.4142135623730951,0.0,1.5,1.0000000000000002,0.5,0.5,0.0,0.0,0.0,0.0,1.0,0.0,8.000000000000004,0.0,0.25,0.0,0.0,0.0,0.0,0.0,2.0000000000000004,640000.0,66306.25,71556.25,2.000000000000001,2.8284271247461903,-1.776356839400251e-15,1.0,1.0,9.000000000000004,0.0,0.25000000000000006,2.0000000000000004,0.0,2.0000000000000004,0.0
0.096774,20.0,720.0,50.0,12.752,14.0,0.000135,11.0,0.0,0.000109,1.0,2.0,1.0,1.0,2.924839,90.0,90.0,120.0,2.924839,90.0,90.0,120.0,0.5,0.990476,184.6255,1.176906,267.5,267.5,800.0,257.5,800.0,257.5,2.859813,2.5,10.0,2.859813,2.5,10.0,1,0,2.8284271247461903,2.8284271247461903,0.0,8.000000000000002,0.5,0.5,1.4142135623730951,1.4142135623730951,0.0,1.5,1.0000000000000002,0.5,0.5,0.0,0.0,0.0,0.0,1.0,0.0,8.000000000000004,0.0,0.25,0.0,0.0,0.0,0.0,0.0,2.0000000000000004,640000.0,66306.25,71556.25,2.000000000000001,2.8284271247461903,-1.776356839400251e-15,1.0,1.0,9.000000000000004,0.0,0.25000000000000006,2.0000000000000004,0.0,2.0000000000000004,0.0
0.096774,20.0,720.0,100.0,12.752,35.0,0.000104,11.0,0.0,0.000332,1.0,2.0,1.0,1.0,2.924839,90.0,90.0,120.0,2.924839,90.0,90.0,120.0,0.5,0.990476,184.6255,1.176906,267.5,267.5,800.0,257.5,800.0,257.5,2.859813,2.5,10.0,2.859813,2.5,10.0,1,0,2.8284271247461903,2.8284271247461903,0.0,8.000000000000002,0.5,0.5,1.4142135623730951,1.4142135623730951,0.0,1.5,1.0000000000000002,0.5,0.5,0.0,0.0,0.0,0.0,1.0,0.0,8.000000000000004,0.0,0.25,0.0,0.0,0.0,0.0,0.0,2.0000000000000004,640000.0,66306.25,71556.25,2.000000000000001,2.8284271247461903,-1.776356839400251e-15,1.0,1.0,9.000000000000004,0.0,0.25000000000000006,2.0000000000000004,0.0,2.0000000000000004,0.0
0.096774,20.0,720.0,200.0,1.64,36.0,7.5e-05,7.0,0.0,0.000364,1.0,2.0,1.0,1.0,2.924839,90.0,90.0,120.0,2.924839,90.0,90.0,120.0,0.5,0.990476,184.6255,1.176906,267.5,267.5,800.0,257.5,800.0,257.5,2.859813,2.5,10.0,2.859813,2.5,10.0,1,0,2.8284271247461903,2.8284271247461903,0.0,8.000000000000002,0.5,0.5,1.4142135623730951,1.4142135623730951,0.0,1.5,1.0000000000000002,0.5,0.5,0.0,0.0,0.0,0.0,1.0,0.0,8.000000000000004,0.0,0.25,0.0,0.0,0.0,0.0,0.0,2.0000000000000004,640000.0,66306.25,71556.25,2.000000000000001,2.8284271247461903,-1.776356839400251e-15,1.0,1.0,9.000000000000004,0.0,0.25000000000000006,2.0000000000000004,0.0,2.0000000000000004,0.0
0.096774,20.0,720.0,300.0,17.8,12.0,8.9e-05,2.0,1.0,2e-05,0.0,2.0,1.0,1.0,2.924839,90.0,90.0,120.0,2.924839,90.0,90.0,120.0,0.5,0.990476,184.6255,1.176906,267.5,267.5,800.0,257.5,800.0,257.5,2.859813,2.5,10.0,2.859813,2.5,10.0,1,0,2.8284271247461903,2.8284271247461903,0.0,8.000000000000002,0.5,0.5,1.4142135623730951,1.4142135623730951,0.0,1.5,1.0000000000000002,0.5,0.5,0.0,0.0,0.0,0.0,1.0,0.0,8.000000000000004,0.0,0.25,0.0,0.0,0.0,0.0,0.0,2.0000000000000004,640000.0,66306.25,71556.25,2.000000000000001,2.8284271247461903,-1.776356839400251e-15,1.0,1.0,9.000000000000004,0.0,0.25000000000000006,2.0000000000000004,0.0,2.0000000000000004,0.0
0.055556,20.0,720.0,25.0,10.146,24528.0,0.00125,3.0,0.0,0.000208,0.0,2.0,1.0,1.0,2.924839,90.0,90.0,120.0,2.924839,90.0,90.0,120.0,0.5,0.990476,184.6255,1.176906,267.5,267.5,800.0,257.5,800.0,257.5,2.859813,2.5,10.0,2.859813,2.5,10.0,1,0,2.8284271247461903,2.8284271247461903,0.0,8.000000000000002,0.5,0.5,1.4142135623730951,1.4142135623730951,0.0,1.5,1.0000000000000002,0.5,0.5,0.0,0.0,0.0,0.0,1.0,0.0,8.000000000000004,0.0,0.25,0.0,0.0,0.0,0.0,0.0,2.0000000000000004,640000.0,66306.25,71556.25,2.000000000000001,2.8284271247461903,-1.776356839400251e-15,1.0,1.0,9.000000000000004,0.0,0.25000000000000006,2.0000000000000004,0.0,2.0000000000000004,0.0
0.055556,20.0,720.0,25.0,23.6,16981.0,9e-05,3.0,1.0,0.0,1.0,2.0,1.0,1.0,2.924839,90.0,90.0,120.0,2.924839,90.0,90.0,120.0,0.5,0.990476,184.6255,1.176906,267.5,267.5,800.0,257.5,800.0,257.5,2.859813,2.5,10.0,2.859813,2.5,10.0,1,0,2.8284271247461903,2.8284271247461903,0.0,8.000000000000002,0.5,0.5,1.4142135623730951,1.4142135623730951,0.0,1.5,1.0000000000000002,0.5,0.5,0.0,0.0,0.0,0.0,1.0,0.0,8.000000000000004,0.0,0.25,0.0,0.0,0.0,0.0,0.0,2.0000000000000004,640000.0,66306.25,71556.25,2.000000000000001,2.8284271247461903,-1.776356839400251e-15,1.0,1.0,9.000000000000004,0.0,0.25000000000000006,2.0000000000000004,0.0,2.0000000000000004,0.0
0.055556,20.0,720.0,2.0,17.8,8.5,3.4e-05,7.5,0.0,3.1e-05,0.0,2.0,1.0,1.0,2.924839,90.0,90.0,120.0,2.924839,90.0,90.0,120.0,0.5,0.990476,184.6255,1.176906,267.5,267.5,800.0,257.5,800.0,257.5,2.859813,2.5,10.0,2.859813,2.5,10.0,1,0,2.8284271247461903,2.8284271247461903,0.0,8.000000000000002,0.5,0.5,1.4142135623730951,1.4142135623730951,0.0,1.5,1.0000000000000002,0.5,0.5,0.0,0.0,0.0,0.0,1.0,0.0,8.000000000000004,0.0,0.25,0.0,0.0,0.0,0.0,0.0,2.0000000000000004,640000.0,66306.25,71556.25,2.000000000000001,2.8284271247461903,-1.776356839400251e-15,1.0,1.0,9.000000000000004,0.0,0.25000000000000006,2.0000000000000004,0.0,2.0000000000000004,0.0
0.055556,20.0,720.0,50.0,12.7,17.0,7.6e-05,7.0,0.0,3.5e-05,0.0,2.0,1.0,1.0,2.924839,90.0,90.0,120.0,2.924839,90.0,90.0,120.0,0.5,0.990476,184.6255,1.176906,267.5,267.5,800.0,257.5,800.0,257.5,2.859813,2.5,10.0,2.859813,2.5,10.0,1,0,2.8284271247461903,2.8284271247461903,0.0,8.000000000000002,0.5,0.5,1.4142135623730951,1.4142135623730951,0.0,1.5,1.0000000000000002,0.5,0.5,0.0,0.0,0.0,0.0,1.0,0.0,8.000000000000004,0.0,0.25,0.0,0.0,0.0,0.0,0.0,2.0000000000000004,640000.0,66306.25,71556.25,2.000000000000001,2.8284271247461903,-1.776356839400251e-15,1.0,1.0,9.000000000000004,0.0,0.25000000000000006,2.0000000000000004,0.0,2.0000000000000004,0.0
0.055556,20.0,720.0,100.0,7.09,21.0,4.3e-05,5.0,0.0,1.4e-05,0.0,2.0,1.0,1.0,2.924839,90.0,90.0,120.0,2.924839,90.0,90.0,120.0,0.5,0.990476,184.6255,1.176906,267.5,267.5,800.0,257.5,800.0,257.5,2.859813,2.5,10.0,2.859813,2.5,10.0,1,0,2.8284271247461903,2.8284271247461903,0.0,8.000000000000002,0.5,0.5,1.4142135623730951,1.4142135623730951,0.0,1.5,1.0000000000000002,0.5,0.5,0.0,0.0,0.0,0.0,1.0,0.0,8.000000000000004,0.0,0.25,0.0,0.0,0.0,0.0,0.0,2.0000000000000004,640000.0,66306.25,71556.25,2.000000000000001,2.8284271247461903,-1.776356839400251e-15,1.0,1.0,9.000000000000004,0.0,0.25000000000000006,2.0000000000000004,0.0,2.0000000000000004,0.0
0.055556,20.0,720.0,200.0,32.3,18.0,7.8e-05,5.0,1.0,2.5e-05,1.0,2.0,1.0,1.0,2.924839,90.0,90.0,120.0,2.924839,90.0,90.0,120.0,0.5,0.990476,184.6255,1.176906,267.5,267.5,800.0,257.5,800.0,257.5,2.859813,2.5,10.0,2.859813,2.5,10.0,1,0,2.8284271247461903,2.8284271247461903,0.0,8.000000000000002,0.5,0.5,1.4142135623730951,1.4142135623730951,0.0,1.5,1.0000000000000002,0.5,0.5,0.0,0.0,0.0,0.0,1.0,0.0,8.000000000000004,0.0,0.25,0.0,0.0,0.0,0.0,0.0,2.0000000000000004,640000.0,66306.25,71556.25,2.000000000000001,2.8284271247461903,-1.776356839400251e-15,1.0,1.0,9.000000000000004,0.0,0.25000000000000006,2.0000000000000004,0.0,2.0000000000000004,0.0
0.055556,20.0,720.0,300.0,32.2,22.5,8.5e-05,4.5,1.0,9.7e-06,1.0,2.0,1.0,1.0,2.924839,90.0,90.0,120.0,2.924839,90.0,90.0,120.0,0.5,0.990476,184.6255,1.176906,267.5,267.5,800.0,257.5,800.0,257.5,2.859813,2.5,10.0,2.859813,2.5,10.0,1,0,2.8284271247461903,2.8284271247461903,0.0,8.000000000000002,0.5,0.5,1.4142135623730951,1.4142135623730951,0.0,1.5,1.0000000000000002,0.5,0.5,0.0,0.0,0.0,0.0,1.0,0.0,8.000000000000004,0.0,0.25,0.0,0.0,0.0,0.0,0.0,2.0000000000000004,640000.0,66306.25,71556.25,2.000000000000001,2.8284271247461903,-1.776356839400251e-15,1.0,1.0,9.000000000000004,0.0,0.25000000000000006,2.0000000000000004,0.0,2.0000000000000004,0.0
0.202703,25.0,850.0,5.0,24.6,7412.0,19.8,168.0,0.0,0.0,1.0,0.005,1.0,1.0,3.011828,107.295,89.50258,120.0378,5.996281,60.0,60.0,60.0,0.444444,0.689655,53.15795,1.757954,266.0,276.1429,750.0,250.0,714.2857,207.8571,2.932331,2.0,10.0,2.838877,2.039608,11.56632,1,0,3.350705235476804,3.420013513551952,0.0693082780751481,11.459457185259945,0.5,0.4285714285714285,1.675352617738402,1.4657200772365508,0.5976143046671968,1.2857142857142856,0.87831006565368,0.5,0.4285714285714285,0.0,0.0,0.0714285714285714,0.0,0.9797345017504007,0.020472945469891438,10.064956592741197,6.848335537632634,0.21428571428571425,0.0,0.042686736047656895,0.0,0.0,0.0,2.455597968269988,535714.275,51964.275,73454.0114,2.156776412730256,3.385359374514378,1.394500592518748,0.9285714285714285,1.0,10.161604754223813,0.004950591291082005,0.18820929978293138,2.4555979682699878,0.0,2.455597968269988,0.2096325405018511
0.165746,25.0,850.0,5.0,10.4,6052.0,9.1,520.0,0.0,0.0,1.0,0.005,1.0,1.0,3.011828,107.295,89.50258,120.0378,5.996281,60.0,60.0,60.0,0.444444,0.687586,53.15795,1.757954,266.0,276.1429,750.0,250.0,714.2857,207.8571,2.932331,2.0,10.0,2.838877,2.039608,11.56632,1,0,3.350705235476804,3.420013513551952,0.0693082780751481,11.459457185259945,0.5,0.4285714285714285,1.675352617738402,1.4657200772365508,0.5976143046671968,1.2857142857142856,0.87831006565368,0.5,0.4285714285714285,0.0,0.0,0.0714285714285714,0.0,0.9797345017504007,0.020472945469891438,10.064956592741197,6.848335537632634,0.21428571428571425,0.0,0.042686736047656895,0.0,0.0,0.0,2.455597968269988,535714.275,51964.275,73454.0114,2.156776412730256,3.385359374514378,1.394500592518748,0.9285714285714285,1.0,10.161604754223813,0.004950591291082005,0.18820929978293138,2.4555979682699878,0.0,2.455597968269988,0.2096325405018511
0.24,25.0,850.0,5.0,8.3,9624.0,7.9,632.0,0.0,0.0,1.0,0.005,1.0,1.0,3.011828,107.295,89.50258,120.0378,5.996281,60.0,60.0,60.0,0.444444,0.486897,53.15795,1.757954,266.0,276.1429,750.0,250.0,714.2857,207.8571,2.932331,2.0,10.0,2.838877,2.039608,11.56632,1,0,3.350705235476804,3.420013513551952,0.0693082780751481,11.459457185259945,0.5,0.4285714285714285,1.675352617738402,1.4657200772365508,0.5976143046671968,1.2857142857142856,0.87831006565368,0.5,0.4285714285714285,0.0,0.0,0.0714285714285714,0.0,0.9797345017504007,0.020472945469891438,10.064956592741197,6.848335537632634,0.21428571428571425,0.0,0.042686736047656895,0.0,0.0,0.0,2.455597968269988,535714.275,51964.275,73454.0114,2.156776412730256,3.385359374514378,1.394500592518748,0.9285714285714285,1.0,10.161604754223813,0.004950591291082005,0.18820929978293138,2.4555979682699878,0.0,2.455597968269988,0.2096325405018511
0.75,80.0,720.0,5.0,5.74,2482.75,0.295,827.586,0.0,0.11,1.0,8.0,1.0,1.0,2.924839,90.0,90.0,120.0,0.0,0.0,0.0,0.0,0.5,0.990476,369.251,1.176906,267.5,0.0,800.0,257.5,0.0,0.0,2.859813,2.5,10.0,0.0,-2.22e-16,0.0,0,0,2.8284271247461903,0.0,2.8284271247461903,0.0,0.5,0.0,1.4142135623730951,0.0,1.224744871391589,0.0,0.0,0.5,0.0,0.0,0.0,0.5,0.0,282842713.47461903,1.9999999858578645,0.0,0.0,0.0,0.0,0.6123724356957945,0.0,0.0,0.0,0.0,0.0,0.0,0.0,0.0,1.4142135623730951,0.0,0.5,1.0,0.0,1.4142135623730951,0.0,0.0,0.0,0.0,1.4142135623730951
0.5,80.0,720.0,5.0,4.6,2711.86,0.2,1355.93,0.0,0.104,1.0,8.0,1.0,1.0,2.924839,90.0,90.0,120.0,0.0,0.0,0.0,0.0,0.5,0.990476,369.251,1.176906,267.5,0.0,800.0,257.5,0.0,0.0,2.859813,2.5,10.0,0.0,-2.22e-16,0.0,0,0,2.8284271247461903,0.0,2.8284271247461903,0.0,0.5,0.0,1.4142135623730951,0.0,1.224744871391589,0.0,0.0,0.5,0.0,0.0,0.0,0.5,0.0,282842713.47461903,1.9999999858578645,0.0,0.0,0.0,0.0,0.6123724356957945,0.0,0.0,0.0,0.0,0.0,0.0,0.0,0.0,1.4142135623730951,0.0,0.5,1.0,0.0,1.4142135623730951,0.0,0.0,0.0,0.0,1.4142135623730951
0.333333,90.0,720.0,5.0,37.815,411.1,2.61,22.2,0.0,1.239,1.0,0.5,1.0,1.0,2.416394,109.4712,109.4712,109.4712,2.924839,90.0,90.0,120.0,0.666667,0.924623,184.6255,1.0,191.0,267.5,1000.0,515.0,800.0,257.5,0.0,0.0,0.0,2.859813,2.5,10.0,1,0,2.8284271247461903,2.8284271247461903,0.0,8.000000000000002,1.0,0.5,2.8284271247461903,1.4142135623730951,0.7071067811865476,1.5,0.8660254037844388,1.0,0.5,0.0,0.0,0.5,0.0,1.0,0.0,6.928203230275512,5.6568542494923815,0.5,0.0,0.3535533905932738,0.0,0.0,0.0,4.000000000000001,800000.0,132612.5,51092.5,3.464101615137756,2.8284271247461903,1.0717967697244897,0.5,1.0,3.8971143170299753,0.0,0.4330127018922194,4.000000000000001,0.0,4.000000000000001,1.4142135623730951
0.3,90.0,720.0,5.0,36.97,512.95,4.21,24.05,0.0,0.0,1.0,0.5,1.0,1.0,2.416394,109.4712,109.4712,109.4712,2.924839,90.0,90.0,120.0,0.666667,0.924623,184.6255,1.0,191.0,267.5,1000.0,515.0,800.0,257.5,0.0,0.0,0.0,2.859813,2.5,10.0,1,0,2.8284271247461903,2.8284271247461903,0.0,8.000000000000002,1.0,0.5,2.8284271247461903,1.4142135623730951,0.7071067811865476,1.5,0.8660254037844388,1.0,0.5,0.0,0.0,0.5,0.0,1.0,0.0,6.928203230275512,5.6568542494923815,0.5,0.0,0.3535533905932738,0.0,0.0,0.0,4.000000000000001,800000.0,132612.5,51092.5,3.464101615137756,2.8284271247461903,1.0717967697244897,0.5,1.0,3.8971143170299753,0.0,0.4330127018922194,4.000000000000001,0.0,4.000000000000001,1.4142135623730951
0.272727,90.0,720.0,5.0,36.13,637.02,6.31,40.779,0.0,0.0,1.0,0.5,1.0,1.0,2.416394,109.4712,109.4712,109.4712,2.924839,90.0,90.0,120.0,0.666667,0.924623,184.6255,1.0,191.0,267.5,1000.0,515.0,800.0,257.5,0.0,0.0,0.0,2.859813,2.5,10.0,1,0,2.8284271247461903,2.8284271247461903,0.0,8.000000000000002,1.0,0.5,2.8284271247461903,1.4142135623730951,0.7071067811865476,1.5,0.8660254037844388,1.0,0.5,0.0,0.0,0.5,0.0,1.0,0.0,6.928203230275512,5.6568542494923815,0.5,0.0,0.3535533905932738,0.0,0.0,0.0,4.000000000000001,800000.0,132612.5,51092.5,3.464101615137756,2.8284271247461903,1.0717967697244897,0.5,1.0,3.8971143170299753,0.0,0.4330127018922194,4.000000000000001,0.0,4.000000000000001,1.4142135623730951
0.1875,90.0,720.0,5.0,50.4,538.876,13.11,57.4,0.0,0.0,1.0,0.5,1.0,1.0,2.416394,109.4712,109.4712,109.4712,2.924839,90.0,90.0,120.0,0.666667,0.924623,184.6255,1.0,191.0,267.5,1000.0,515.0,800.0,257.5,0.0,0.0,0.0,2.859813,2.5,10.0,1,0,2.8284271247461903,2.8284271247461903,0.0,8.000000000000002,1.0,0.5,2.8284271247461903,1.4142135623730951,0.7071067811865476,1.5,0.8660254037844388,1.0,0.5,0.0,0.0,0.5,0.0,1.0,0.0,6.928203230275512,5.6568542494923815,0.5,0.0,0.3535533905932738,0.0,0.0,0.0,4.000000000000001,800000.0,132612.5,51092.5,3.464101615137756,2.8284271247461903,1.0717967697244897,0.5,1.0,3.8971143170299753,0.0,0.4330127018922194,4.000000000000001,0.0,4.000000000000001,1.4142135623730951
0.130435,90.0,720.0,5.0,53.78,559.24,20.51,40.76,0.0,0.0,1.0,0.5,1.0,1.0,2.416394,109.4712,109.4712,109.4712,2.924839,90.0,90.0,120.0,0.666667,0.924623,184.6255,1.0,191.0,267.5,1000.0,515.0,800.0,257.5,0.0,0.0,0.0,2.859813,2.5,10.0,1,0,2.8284271247461903,2.8284271247461903,0.0,8.000000000000002,1.0,0.5,2.8284271247461903,1.4142135623730951,0.7071067811865476,1.5,0.8660254037844388,1.0,0.5,0.0,0.0,0.5,0.0,1.0,0.0,6.928203230275512,5.6568542494923815,0.5,0.0,0.3535533905932738,0.0,0.0,0.0,4.000000000000001,800000.0,132612.5,51092.5,3.464101615137756,2.8284271247461903,1.0717967697244897,0.5,1.0,3.8971143170299753,0.0,0.4330127018922194,4.000000000000001,0.0,4.000000000000001,1.4142135623730951
1.25,20.0,577.0,300.0,39.07,171.2,2.06156,0.17,1.0,0.0,1.0,0.0,0.516643,1.0,6.055896,59.84436,59.34137,60.17588,0.0,0.0,0.0,0.0,0.428571,0.945299,47.23848,1.000956,271.0,0.0,671.4286,192.8571,0.0,0.0,3.126748,1.311577,11.58685,0.0,-2.22e-16,0.0,0,0,3.861106750459584,0.0,3.861106750459584,0.0,0.4285714285714285,0.0,1.6547600359112502,0.0,1.1952286093343936,0.0,0.0,0.4285714285714285,0.0,0.0,0.0,0.4285714285714285,0.0,386110676.0459584,1.9999999896402763,0.0,0.0,0.0,0.0,0.5122408325718829,0.0,0.0,0.0,0.0,0.0,0.0,0.0,0.0,1.930553375229792,0.0,0.5714285714285715,1.0,0.0,1.65476003591125,0.0,0.0,0.0,0.0,1.6547600359112502
0.741758,20.0,858.0,25.0,70.4,210.526,12.5,5.3,0.0,0.0,1.0,1.0,0.516643,1.0,6.055896,59.84436,59.34137,60.17588,5.142692,74.87634,90.0,90.0,0.428571,0.891456,70.12524,1.000956,271.0,275.0,671.4286,192.8571,685.7143,201.4286,3.126748,1.311577,11.58685,2.897249,1.443376,11.54701,1,0,3.861106750459584,3.7158067079548327,0.1453000425047514,14.347126363487408,0.4285714285714285,0.4285714285714285,1.6547600359112502,1.5924885891234997,0.2020305089104421,1.4489795918367343,0.9864917755186928,0.4285714285714285,0.4285714285714285,0.0,0.0,0.0,0.0,1.03910322940175,0.03835335929826603,14.15332215990774,2.898557240617782,0.18367346938775503,0.0,0.0,0.0,0.0,0.0,2.6351864749262583,460408.19244897994,38846.93565306,74525.0,2.5995897844728493,3.7884567292072084,0.19380420357966818,1.0,1.0,15.139813935426433,0.0,0.18119236693200474,2.6351864749262575,0.0,2.6351864749262583,0.06227144678775054
0.630841,20.0,858.0,200.0,69.9,1.24,0.0794,1.022,1.0,2.06,1.0,3.0,0.516643,1.0,6.055896,59.84436,59.34137,60.17588,5.142692,74.87634,90.0,90.0,0.428571,0.891456,70.12524,1.000956,271.0,275.0,671.4286,192.8571,685.7143,201.4286,3.126748,1.311577,11.58685,2.897249,1.443376,11.54701,1,0,3.861106750459584,3.7158067079548327,0.1453000425047514,14.347126363487408,0.4285714285714285,0.4285714285714285,1.6547600359112502,1.5924885891234997,0.2020305089104421,1.4489795918367343,0.9864917755186928,0.4285714285714285,0.4285714285714285,0.0,0.0,0.0,0.0,1.03910322940175,0.03835335929826603,14.15332215990774,2.898557240617782,0.18367346938775503,0.0,0.0,0.0,0.0,0.0,2.6351864749262583,460408.19244897994,38846.93565306,74525.0,2.5995897844728493,3.7884567292072084,0.19380420357966818,1.0,1.0,15.139813935426433,0.0,0.18119236693200474,2.6351864749262575,0.0,2.6351864749262583,0.06227144678775054
0.250836,2.0,668.0,5.0,13.4,170.0,5.4,22.0,0.0,0.0,1.0,0.2,1.0,1.0,2.416394,109.4712,109.4712,109.4712,2.924839,90.0,90.0,120.0,0.666667,0.333333,171.2915,1.0,191.0,267.5,1000.0,515.0,800.0,257.5,0.0,0.0,0.0,2.859813,2.5,10.0,1,0,2.8284271247461903,2.8284271247461903,0.0,8.000000000000002,1.0,0.5,2.8284271247461903,1.4142135623730951,0.7071067811865476,1.5,0.8660254037844388,1.0,0.5,0.0,0.0,0.5,0.0,1.0,0.0,6.928203230275512,5.6568542494923815,0.5,0.0,0.3535533905932738,0.0,0.0,0.0,4.000000000000001,800000.0,132612.5,51092.5,3.464101615137756,2.8284271247461903,1.0717967697244897,0.5,1.0,3.8971143170299753,0.0,0.4330127018922194,4.000000000000001,0.0,4.000000000000001,1.4142135623730951
0.233463,2.0,668.0,5.0,12.9,230.0,6.9,45.0,0.0,0.0,1.0,0.2,1.0,1.0,2.416394,109.4712,109.4712,109.4712,2.924839,90.0,90.0,120.0,0.666667,0.333333,171.2915,1.0,191.0,267.5,1000.0,515.0,800.0,257.5,0.0,0.0,0.0,2.859813,2.5,10.0,1,0,2.8284271247461903,2.8284271247461903,0.0,8.000000000000002,1.0,0.5,2.8284271247461903,1.4142135623730951,0.7071067811865476,1.5,0.8660254037844388,1.0,0.5,0.0,0.0,0.5,0.0,1.0,0.0,6.928203230275512,5.6568542494923815,0.5,0.0,0.3535533905932738,0.0,0.0,0.0,4.000000000000001,800000.0,132612.5,51092.5,3.464101615137756,2.8284271247461903,1.0717967697244897,0.5,1.0,3.8971143170299753,0.0,0.4330127018922194,4.000000000000001,0.0,4.000000000000001,1.4142135623730951
0.208623,2.0,668.0,5.0,17.6,250.0,9.9,43.0,0.0,0.0,1.0,0.2,1.0,1.0,2.416394,109.4712,109.4712,109.4712,2.924839,90.0,90.0,120.0,0.666667,0.333333,171.2915,1.0,191.0,267.5,1000.0,515.0,800.0,257.5,0.0,0.0,0.0,2.859813,2.5,10.0,1,0,2.8284271247461903,2.8284271247461903,0.0,8.000000000000002,1.0,0.5,2.8284271247461903,1.4142135623730951,0.7071067811865476,1.5,0.8660254037844388,1.0,0.5,0.0,0.0,0.5,0.0,1.0,0.0,6.928203230275512,5.6568542494923815,0.5,0.0,0.3535533905932738,0.0,0.0,0.0,4.000000000000001,800000.0,132612.5,51092.5,3.464101615137756,2.8284271247461903,1.0717967697244897,0.5,1.0,3.8971143170299753,0.0,0.4330127018922194,4.000000000000001,0.0,4.000000000000001,1.4142135623730951
0.185071,2.0,668.0,5.0,21.6,230.0,8.4,62.0,0.0,1.92,1.0,0.2,1.0,1.0,2.416394,109.4712,109.4712,109.4712,2.924839,90.0,90.0,120.0,0.666667,0.333333,171.2915,1.0,191.0,267.5,1000.0,515.0,800.0,257.5,0.0,0.0,0.0,2.859813,2.5,10.0,1,0,2.8284271247461903,2.8284271247461903,0.0,8.000000000000002,1.0,0.5,2.8284271247461903,1.4142135623730951,0.7071067811865476,1.5,0.8660254037844388,1.0,0.5,0.0,0.0,0.5,0.0,1.0,0.0,6.928203230275512,5.6568542494923815,0.5,0.0,0.3535533905932738,0.0,0.0,0.0,4.000000000000001,800000.0,132612.5,51092.5,3.464101615137756,2.8284271247461903,1.0717967697244897,0.5,1.0,3.8971143170299753,0.0,0.4330127018922194,4.000000000000001,0.0,4.000000000000001,1.4142135623730951
0.162426,2.0,668.0,5.0,31.5,440.0,16.2,250.0,0.0,2.69,1.0,0.2,1.0,1.0,2.416394,109.4712,109.4712,109.4712,2.924839,90.0,90.0,120.0,0.666667,0.333333,171.2915,1.0,191.0,267.5,1000.0,515.0,800.0,257.5,0.0,0.0,0.0,2.859813,2.5,10.0,1,0,2.8284271247461903,2.8284271247461903,0.0,8.000000000000002,1.0,0.5,2.8284271247461903,1.4142135623730951,0.7071067811865476,1.5,0.8660254037844388,1.0,0.5,0.0,0.0,0.5,0.0,1.0,0.0,6.928203230275512,5.6568542494923815,0.5,0.0,0.3535533905932738,0.0,0.0,0.0,4.000000000000001,800000.0,132612.5,51092.5,3.464101615137756,2.8284271247461903,1.0717967697244897,0.5,1.0,3.8971143170299753,0.0,0.4330127018922194,4.000000000000001,0.0,4.000000000000001,1.4142135623730951
0.142248,2.0,668.0,5.0,16.1,420.0,7.1,310.0,0.0,5.38,1.0,0.2,1.0,1.0,2.416394,109.4712,109.4712,109.4712,2.924839,90.0,90.0,120.0,0.666667,0.333333,171.2915,1.0,191.0,267.5,1000.0,515.0,800.0,257.5,0.0,0.0,0.0,2.859813,2.5,10.0,1,0,2.8284271247461903,2.8284271247461903,0.0,8.000000000000002,1.0,0.5,2.8284271247461903,1.4142135623730951,0.7071067811865476,1.5,0.8660254037844388,1.0,0.5,0.0,0.0,0.5,0.0,1.0,0.0,6.928203230275512,5.6568542494923815,0.5,0.0,0.3535533905932738,0.0,0.0,0.0,4.000000000000001,800000.0,132612.5,51092.5,3.464101615137756,2.8284271247461903,1.0717967697244897,0.5,1.0,3.8971143170299753,0.0,0.4330127018922194,4.000000000000001,0.0,4.000000000000001,1.4142135623730951
0.178891,2.0,668.0,5.0,14.9,550.0,6.2,570.0,0.0,6.923,1.0,0.2,1.0,1.0,2.416394,109.4712,109.4712,109.4712,2.924839,90.0,90.0,120.0,0.666667,0.333333,171.2915,1.0,191.0,267.5,1000.0,515.0,800.0,257.5,0.0,0.0,0.0,2.859813,2.5,10.0,1,0,2.8284271247461903,2.8284271247461903,0.0,8.000000000000002,1.0,0.5,2.8284271247461903,1.4142135623730951,0.7071067811865476,1.5,0.8660254037844388,1.0,0.5,0.0,0.0,0.5,0.0,1.0,0.0,6.928203230275512,5.6568542494923815,0.5,0.0,0.3535533905932738,0.0,0.0,0.0,4.000000000000001,800000.0,132612.5,51092.5,3.464101615137756,2.8284271247461903,1.0717967697244897,0.5,1.0,3.8971143170299753,0.0,0.4330127018922194,4.000000000000001,0.0,4.000000000000001,1.4142135623730951
0.125,30.0,703.0,60.0,0.3547,391.3,0.0275,173.9,1.0,0.00458,0.0,2.0,1.0,1.0,5.388094,122.2099,142.6878,47.91918,0.0,0.0,0.0,0.0,0.2,0.945568,124.5735,0.628658,243.0,0.0,520.0,94.0,0.0,0.0,3.403618,2.686808,19.49359,0.0,-2.22e-16,0.0,0,0,3.4514488412024686,0.0,3.4514488412024686,0.0,0.2,0.0,0.6902897682404938,0.0,1.2328828005937953,0.0,0.0,0.4,0.0,0.2,0.0,0.4,0.2,345144885.1202468,1.9999999884106643,0.0,0.0,0.0,0.0,0.4931531202375181,0.24657656011875906,0.0,0.0,0.0,0.0,0.0,0.0,0.0,1.7257244206012343,0.0,0.6,0.8,0.0,1.3805795364809876,0.0,0.0,0.0,0.0,0.6902897682404938
0.096774,30.0,300.0,60.0,0.375,593.4,0.018367,902.0,1.0,0.0102,0.0,2.0,1.0,1.0,4.480463,93.41725,100.5376,81.58384,0.0,0.0,0.0,0.0,0.22,0.822812,135.3247,0.958256,243.0,0.0,520.0,94.0,0.0,0.0,3.403618,2.686808,19.49359,0.0,-2.22e-16,0.0,0,0,3.4086301904296974,0.0,3.4086301904296974,0.0,0.2,0.0,0.6817260380859396,0.0,1.2237646832622684,0.0,0.0,0.4,0.0,0.18,0.0,0.4,0.18,340863020.0429697,1.999999988265081,0.0,0.0,0.0,0.0,0.48950587330490736,0.2202776429872083,0.0,0.0,0.0,0.0,0.0,0.0,0.0,1.7043150952148487,0.0,0.6,0.8200000000000001,0.0,1.3634520761718791,0.0,0.0,0.0,0.0,0.6817260380859396
0.125,30.0,703.0,60.0,0.3698,391.3,0.0275,173.9,0.0,0.00458,1.0,2.0,1.0,1.0,5.388094,122.2099,142.6878,47.91918,0.0,0.0,0.0,0.0,0.2,0.945568,124.5735,0.628658,243.0,0.0,520.0,94.0,0.0,0.0,3.403618,2.686808,19.49359,0.0,-2.22e-16,0.0,0,0,3.4514488412024686,0.0,3.4514488412024686,0.0,0.2,0.0,0.6902897682404938,0.0,1.2328828005937953,0.0,0.0,0.4,0.0,0.2,0.0,0.4,0.2,345144885.1202468,1.9999999884106643,0.0,0.0,0.0,0.0,0.4931531202375181,0.24657656011875906,0.0,0.0,0.0,0.0,0.0,0.0,0.0,1.7257244206012343,0.0,0.6,0.8,0.0,1.3805795364809876,0.0,0.0,0.0,0.0,0.6902897682404938
0.096774,30.0,300.0,60.0,0.408,593.4,0.018367,902.0,0.0,0.0102,1.0,2.0,1.0,1.0,5.050553,96.44198,100.5376,81.58384,0.0,0.0,0.0,0.0,0.22,0.904688,140.9241,1.344867,243.0,0.0,520.0,94.0,0.0,0.0,3.403618,2.686808,19.49359,0.0,-2.22e-16,0.0,0,0,3.4086301904296974,0.0,3.4086301904296974,0.0,0.2,0.0,0.6817260380859396,0.0,1.2237646832622684,0.0,0.0,0.4,0.0,0.18,0.0,0.4,0.18,340863020.0429697,1.999999988265081,0.0,0.0,0.0,0.0,0.48950587330490736,0.2202776429872083,0.0,0.0,0.0,0.0,0.0,0.0,0.0,1.7043150952148487,0.0,0.6,0.8200000000000001,0.0,1.3634520761718791,0.0,0.0,0.0,0.0,0.6817260380859396
0.076923,20.0,822.2,300.0,2.42,200.0,0.25,10.86,0.0,0.0,1.0,0.0,1.0,1.0,4.416362,90.0,90.0,90.0,0.0,0.0,0.0,0.0,0.38,0.88608,138.2874,1.493699,243.0,0.0,520.0,94.0,0.0,0.0,3.403618,2.686808,19.49359,0.0,-2.22e-16,0.0,0,0,3.636128146287078,0.0,3.636128146287078,0.0,0.4,0.0,1.4544512585148313,0.0,1.1969962405956,0.0,0.0,0.2,0.0,0.1999999999999999,0.0,0.2,0.1999999999999999,363612815.62870777,1.9999999889992877,0.0,0.0,0.0,0.0,0.23939924811912003,0.2393992481191199,0.0,0.0,0.0,0.0,0.0,0.0,0.0,1.818064073143539,0.0,0.8,0.8,0.0,0.7272256292574156,0.0,0.0,0.0,0.0,1.4544512585148313
0.964286,10.0,803.0,5.0,39.07,3340.43,13.30882,254.052,0.0,0.656,1.0,1.0,0.516643,1.0,5.932914,120.4948,120.2024,89.39748,0.0,0.0,0.0,0.0,0.428571,0.552809,67.67332,1.0,275.7143,0.0,700.0,205.7143,0.0,0.0,2.860376,1.707469,11.55577,0.0,-2.22e-16,0.0,0,0,3.569235830903556,0.0,3.569235830903556,0.0,0.4285714285714285,0.0,1.5296724989586663,0.0,1.1952286093343936,0.0,0.0,0.4285714285714285,0.0,0.0,0.0,0.4285714285714285,0.0,356923584.0903556,1.9999999887931195,0.0,0.0,0.0,0.0,0.5122408325718829,0.0,0.0,0.0,0.0,0.0,0.0,0.0,0.0,1.784617915451778,0.0,0.5714285714285715,1.0,0.0,1.5296724989586665,0.0,0.0,0.0,0.0,1.5296724989586663
0.482143,10.0,825.0,25.0,90.278,1728.159,45.8,21.84,1.0,0.7,0.0,3.0,0.516643,1.0,5.932914,120.4948,120.2024,89.39748,5.142692,74.87634,90.0,90.0,0.428571,-0.04167,67.42812,1.0,275.7143,275.0,700.0,205.7143,685.7143,201.4286,2.860376,1.707469,11.55577,2.897249,1.443376,11.54701,1,0,3.569235830903556,3.7158067079548327,0.146570877051277,13.262590442744171,0.4285714285714285,0.4285714285714285,1.5296724989586663,1.5924885891234997,0.2020305089104421,1.4489795918367343,0.9864917755186928,0.4285714285714285,0.4285714285714285,0.0,0.0,0.0,0.0,0.9605547628882192,0.040238852653798514,13.083436393839945,2.679447896618371,0.18367346938775503,0.0,0.0,0.0,0.0,0.0,2.4359859996877047,480000.01,41436.74344898,75821.4325,2.4030801539706013,3.6425212694291944,0.17915404890422737,1.0,1.0,14.069928169358636,0.0,0.18119236693200474,2.435985999687704,0.0,2.4359859996877047,0.06281609016483336
0.482143,10.0,825.0,300.0,51.862,17.45,1.45,0.85,1.0,0.09,1.0,3.0,0.516643,1.0,5.932914,120.4948,120.2024,89.39748,5.142692,74.87634,90.0,90.0,0.428571,-0.04167,67.42812,1.0,275.7143,275.0,700.0,205.7143,685.7143,201.4286,2.860376,1.707469,11.55577,2.897249,1.443376,11.54701,1,0,3.569235830903556,3.7158067079548327,0.146570877051277,13.262590442744171,0.4285714285714285,0.4285714285714285,1.5296724989586663,1.5924885891234997,0.2020305089104421,1.4489795918367343,0.9864917755186928,0.4285714285714285,0.4285714285714285,0.0,0.0,0.0,0.0,0.9605547628882192,0.040238852653798514,13.083436393839945,2.679447896618371,0.18367346938775503,0.0,0.0,0.0,0.0,0.0,2.4359859996877047,480000.01,41436.74344898,75821.4325,2.4030801539706013,3.6425212694291944,0.17915404890422737,1.0,1.0,14.069928169358636,0.0,0.18119236693200474,2.435985999687704,0.0,2.4359859996877047,0.06281609016483336
0.519231,10.0,825.0,5.0,74.4,2155.09,48.815,86.0,0.0,1.72,1.0,2.0,0.516643,1.0,5.932914,120.4948,120.2024,89.39748,5.142692,74.87634,90.0,90.0,0.428571,-0.04167,67.42812,1.0,275.7143,275.0,700.0,205.7143,685.7143,201.4286,2.860376,1.707469,11.55577,2.897249,1.443376,11.54701,1,0,3.569235830903556,3.7158067079548327,0.146570877051277,13.262590442744171,0.4285714285714285,0.4285714285714285,1.5296724989586663,1.5924885891234997,0.2020305089104421,1.4489795918367343,0.9864917755186928,0.4285714285714285,0.4285714285714285,0.0,0.0,0.0,0.0,0.9605547628882192,0.040238852653798514,13.083436393839945,2.679447896618371,0.18367346938775503,0.0,0.0,0.0,0.0,0.0,2.4359859996877047,480000.01,41436.74344898,75821.4325,2.4030801539706013,3.6425212694291944,0.17915404890422737,1.0,1.0,14.069928169358636,0.0,0.18119236693200474,2.435985999687704,0.0,2.4359859996877047,0.06281609016483336
0.519231,10.0,825.0,25.0,74.6,1928.8,46.985,10.8,0.0,2.26,1.0,2.0,0.516643,1.0,5.932914,120.4948,120.2024,89.39748,5.142692,74.87634,90.0,90.0,0.428571,-0.04167,67.42812,1.0,275.7143,275.0,700.0,205.7143,685.7143,201.4286,2.860376,1.707469,11.55577,2.897249,1.443376,11.54701,1,0,3.569235830903556,3.7158067079548327,0.146570877051277,13.262590442744171,0.4285714285714285,0.4285714285714285,1.5296724989586663,1.5924885891234997,0.2020305089104421,1.4489795918367343,0.9864917755186928,0.4285714285714285,0.4285714285714285,0.0,0.0,0.0,0.0,0.9605547628882192,0.040238852653798514,13.083436393839945,2.679447896618371,0.18367346938775503,0.0,0.0,0.0,0.0,0.0,2.4359859996877047,480000.01,41436.74344898,75821.4325,2.4030801539706013,3.6425212694291944,0.17915404890422737,1.0,1.0,14.069928169358636,0.0,0.18119236693200474,2.435985999687704,0.0,2.4359859996877047,0.06281609016483336
0.519231,10.0,825.0,50.0,73.97,1540.929,43.4385,10.7,0.0,2.8,1.0,2.0,0.516643,1.0,5.932914,120.4948,120.2024,89.39748,5.142692,74.87634,90.0,90.0,0.428571,-0.04167,67.42812,1.0,275.7143,275.0,700.0,205.7143,685.7143,201.4286,2.860376,1.707469,11.55577,2.897249,1.443376,11.54701,1,0,3.569235830903556,3.7158067079548327,0.146570877051277,13.262590442744171,0.4285714285714285,0.4285714285714285,1.5296724989586663,1.5924885891234997,0.2020305089104421,1.4489795918367343,0.9864917755186928,0.4285714285714285,0.4285714285714285,0.0,0.0,0.0,0.0,0.9605547628882192,0.040238852653798514,13.083436393839945,2.679447896618371,0.18367346938775503,0.0,0.0,0.0,0.0,0.0,2.4359859996877047,480000.01,41436.74344898,75821.4325,2.4030801539706013,3.6425212694291944,0.17915404890422737,1.0,1.0,14.069928169358636,0.0,0.18119236693200474,2.435985999687704,0.0,2.4359859996877047,0.06281609016483336
0.519231,10.0,825.0,100.0,75.48,678.85,31.396,32.33,0.0,3.86,1.0,2.0,0.516643,1.0,5.932914,120.4948,120.2024,89.39748,5.142692,74.87634,90.0,90.0,0.428571,-0.04167,67.42812,1.0,275.7143,275.0,700.0,205.7143,685.7143,201.4286,2.860376,1.707469,11.55577,2.897249,1.443376,11.54701,1,0,3.569235830903556,3.7158067079548327,0.146570877051277,13.262590442744171,0.4285714285714285,0.4285714285714285,1.5296724989586663,1.5924885891234997,0.2020305089104421,1.4489795918367343,0.9864917755186928,0.4285714285714285,0.4285714285714285,0.0,0.0,0.0,0.0,0.9605547628882192,0.040238852653798514,13.083436393839945,2.679447896618371,0.18367346938775503,0.0,0.0,0.0,0.0,0.0,2.4359859996877047,480000.01,41436.74344898,75821.4325,2.4030801539706013,3.6425212694291944,0.17915404890422737,1.0,1.0,14.069928169358636,0.0,0.18119236693200474,2.435985999687704,0.0,2.4359859996877047,0.06281609016483336
0.519231,10.0,825.0,200.0,74.83,1024.748,13.7352,6.0916,0.0,1.202,1.0,2.0,0.516643,1.0,5.932914,120.4948,120.2024,89.39748,5.142692,74.87634,90.0,90.0,0.428571,-0.04167,67.42812,1.0,275.7143,275.0,700.0,205.7143,685.7143,201.4286,2.860376,1.707469,11.55577,2.897249,1.443376,11.54701,1,0,3.569235830903556,3.7158067079548327,0.146570877051277,13.262590442744171,0.4285714285714285,0.4285714285714285,1.5296724989586663,1.5924885891234997,0.2020305089104421,1.4489795918367343,0.9864917755186928,0.4285714285714285,0.4285714285714285,0.0,0.0,0.0,0.0,0.9605547628882192,0.040238852653798514,13.083436393839945,2.679447896618371,0.18367346938775503,0.0,0.0,0.0,0.0,0.0,2.4359859996877047,480000.01,41436.74344898,75821.4325,2.4030801539706013,3.6425212694291944,0.17915404890422737,1.0,1.0,14.069928169358636,0.0,0.18119236693200474,2.435985999687704,0.0,2.4359859996877047,0.06281609016483336
0.519231,10.0,825.0,300.0,69.97,642.89,1.529,1.5744,1.0,0.43,1.0,2.0,0.516643,1.0,5.932914,120.4948,120.2024,89.39748,5.142692,74.87634,90.0,90.0,0.428571,-0.04167,67.42812,1.0,275.7143,275.0,700.0,205.7143,685.7143,201.4286,2.860376,1.707469,11.55577,2.897249,1.443376,11.54701,1,0,3.569235830903556,3.7158067079548327,0.146570877051277,13.262590442744171,0.4285714285714285,0.4285714285714285,1.5296724989586663,1.5924885891234997,0.2020305089104421,1.4489795918367343,0.9864917755186928,0.4285714285714285,0.4285714285714285,0.0,0.0,0.0,0.0,0.9605547628882192,0.040238852653798514,13.083436393839945,2.679447896618371,0.18367346938775503,0.0,0.0,0.0,0.0,0.0,2.4359859996877047,480000.01,41436.74344898,75821.4325,2.4030801539706013,3.6425212694291944,0.17915404890422737,1.0,1.0,14.069928169358636,0.0,0.18119236693200474,2.435985999687704,0.0,2.4359859996877047,0.06281609016483336
0.164835,10.0,825.0,5.0,45.1,943.658,33.7389,70.342,0.0,3.835,1.0,2.0,1.0,1.0,5.932914,120.4948,120.2024,89.39748,5.142692,74.87634,90.0,90.0,0.428571,-0.04167,67.42812,1.0,275.7143,275.0,700.0,205.7143,685.7143,201.4286,2.860376,1.707469,11.55577,2.897249,1.443376,11.54701,1,0,3.569235830903556,3.7158067079548327,0.146570877051277,13.262590442744171,0.4285714285714285,0.4285714285714285,1.5296724989586663,1.5924885891234997,0.2020305089104421,1.4489795918367343,0.9864917755186928,0.4285714285714285,0.4285714285714285,0.0,0.0,0.0,0.0,0.9605547628882192,0.040238852653798514,13.083436393839945,2.679447896618371,0.18367346938775503,0.0,0.0,0.0,0.0,0.0,2.4359859996877047,480000.01,41436.74344898,75821.4325,2.4030801539706013,3.6425212694291944,0.17915404890422737,1.0,1.0,14.069928169358636,0.0,0.18119236693200474,2.435985999687704,0.0,2.4359859996877047,0.06281609016483336
0.164835,10.0,825.0,25.0,43.4,957.76,39.9269,85.63,0.0,5.535,1.0,2.0,1.0,1.0,5.932914,120.4948,120.2024,89.39748,5.142692,74.87634,90.0,90.0,0.428571,-0.04167,67.42812,1.0,275.7143,275.0,700.0,205.7143,685.7143,201.4286,2.860376,1.707469,11.55577,2.897249,1.443376,11.54701,1,0,3.569235830903556,3.7158067079548327,0.146570877051277,13.262590442744171,0.4285714285714285,0.4285714285714285,1.5296724989586663,1.5924885891234997,0.2020305089104421,1.4489795918367343,0.9864917755186928,0.4285714285714285,0.4285714285714285,0.0,0.0,0.0,0.0,0.9605547628882192,0.040238852653798514,13.083436393839945,2.679447896618371,0.18367346938775503,0.0,0.0,0.0,0.0,0.0,2.4359859996877047,480000.01,41436.74344898,75821.4325,2.4030801539706013,3.6425212694291944,0.17915404890422737,1.0,1.0,14.069928169358636,0.0,0.18119236693200474,2.435985999687704,0.0,2.4359859996877047,0.06281609016483336
0.164835,10.0,825.0,50.0,40.0,880.0,34.2181,77.74,0.0,4.255,1.0,2.0,1.0,1.0,5.932914,120.4948,120.2024,89.39748,5.142692,74.87634,90.0,90.0,0.428571,-0.04167,67.42812,1.0,275.7143,275.0,700.0,205.7143,685.7143,201.4286,2.860376,1.707469,11.55577,2.897249,1.443376,11.54701,1,0,3.569235830903556,3.7158067079548327,0.146570877051277,13.262590442744171,0.4285714285714285,0.4285714285714285,1.5296724989586663,1.5924885891234997,0.2020305089104421,1.4489795918367343,0.9864917755186928,0.4285714285714285,0.4285714285714285,0.0,0.0,0.0,0.0,0.9605547628882192,0.040238852653798514,13.083436393839945,2.679447896618371,0.18367346938775503,0.0,0.0,0.0,0.0,0.0,2.4359859996877047,480000.01,41436.74344898,75821.4325,2.4030801539706013,3.6425212694291944,0.17915404890422737,1.0,1.0,14.069928169358636,0.0,0.18119236693200474,2.435985999687704,0.0,2.4359859996877047,0.06281609016483336
0.164835,10.0,825.0,100.0,25.74,408.44,39.9269,112.875,0.0,6.6,1.0,2.0,1.0,1.0,5.932914,120.4948,120.2024,89.39748,5.142692,74.87634,90.0,90.0,0.428571,-0.04167,67.42812,1.0,275.7143,275.0,700.0,205.7143,685.7143,201.4286,2.860376,1.707469,11.55577,2.897249,1.443376,11.54701,1,0,3.569235830903556,3.7158067079548327,0.146570877051277,13.262590442744171,0.4285714285714285,0.4285714285714285,1.5296724989586663,1.5924885891234997,0.2020305089104421,1.4489795918367343,0.9864917755186928,0.4285714285714285,0.4285714285714285,0.0,0.0,0.0,0.0,0.9605547628882192,0.040238852653798514,13.083436393839945,2.679447896618371,0.18367346938775503,0.0,0.0,0.0,0.0,0.0,2.4359859996877047,480000.01,41436.74344898,75821.4325,2.4030801539706013,3.6425212694291944,0.17915404890422737,1.0,1.0,14.069928169358636,0.0,0.18119236693200474,2.435985999687704,0.0,2.4359859996877047,0.06281609016483336
0.164835,10.0,825.0,200.0,58.004,747.3437,14.97898,22.575,0.0,1.32,1.0,2.0,1.0,1.0,5.932914,120.4948,120.2024,89.39748,5.142692,74.87634,90.0,90.0,0.428571,-0.04167,67.42812,1.0,275.7143,275.0,700.0,205.7143,685.7143,201.4286,2.860376,1.707469,11.55577,2.897249,1.443376,11.54701,1,0,3.569235830903556,3.7158067079548327,0.146570877051277,13.262590442744171,0.4285714285714285,0.4285714285714285,1.5296724989586663,1.5924885891234997,0.2020305089104421,1.4489795918367343,0.9864917755186928,0.4285714285714285,0.4285714285714285,0.0,0.0,0.0,0.0,0.9605547628882192,0.040238852653798514,13.083436393839945,2.679447896618371,0.18367346938775503,0.0,0.0,0.0,0.0,0.0,2.4359859996877047,480000.01,41436.74344898,75821.4325,2.4030801539706013,3.6425212694291944,0.17915404890422737,1.0,1.0,14.069928169358636,0.0,0.18119236693200474,2.435985999687704,0.0,2.4359859996877047,0.06281609016483336
0.081081,60.0,332.0,10.0,44.946,47.826,0.6353,30.0,0.0,0.039029,0.0,6.0,1.0,1.0,4.295578,90.0,90.0,90.0,0.0,0.0,0.0,0.0,0.375,0.063898,143.5676,1.110909,255.0,0.0,500.0,110.375,0.0,0.0,3.331228,1.870829,16.9602,0.0,-2.22e-16,0.0,0,0,3.599718183039876,0.0,3.599718183039876,0.0,0.375,0.0,1.3498943186399537,0.0,1.103970108290981,0.0,0.0,0.25,0.0,0.125,0.0,0.25,0.125,359971819.30398756,1.999999988888019,0.0,0.0,0.0,0.0,0.27599252707274524,0.13799626353637262,0.0,0.0,0.0,0.0,0.0,0.0,0.0,1.799859091519938,0.0,0.75,0.875,0.0,0.899929545759969,0.0,0.0,0.0,0.0,1.3498943186399537
0.081081,60.0,332.0,10.0,44.946,35.5,0.6353,130.0,0.0,0.039029,0.0,6.0,1.0,1.0,4.295578,90.0,90.0,90.0,0.0,0.0,0.0,0.0,0.375,0.063898,143.5676,1.110909,255.0,0.0,500.0,110.375,0.0,0.0,3.331228,1.870829,16.9602,0.0,-2.22e-16,0.0,0,0,3.599718183039876,0.0,3.599718183039876,0.0,0.375,0.0,1.3498943186399537,0.0,1.103970108290981,0.0,0.0,0.25,0.0,0.125,0.0,0.25,0.125,359971819.30398756,1.999999988888019,0.0,0.0,0.0,0.0,0.27599252707274524,0.13799626353637262,0.0,0.0,0.0,0.0,0.0,0.0,0.0,1.799859091519938,0.0,0.75,0.875,0.0,0.899929545759969,0.0,0.0,0.0,0.0,1.3498943186399537
0.10352,8.0,1661.0,4.0,30.68,1840.0,22.4,848.0,0.0,0.0,1.0,1.0,1.0,1.0,2.48976,60.0,60.0,60.0,3.011828,107.295,89.50258,120.0378,0.666667,0.64476,411.9435,1.0,188.0,266.0,900.0,500.0,750.0,250.0,0.0,0.0,0.0,2.932331,2.0,10.0,1,0,3.872983346207417,3.350705235476804,0.5222781107306131,12.977225575051664,1.0,0.5,3.872983346207417,1.675352617738402,0.7071067811865476,1.5,0.8660254037844388,1.0,0.5,0.0,0.0,0.5,0.0,1.1558710995052903,0.14460150195534252,11.238607018635863,9.176284205106526,0.5,0.0,0.3535533905932738,0.0,0.0,0.0,6.488612787525832,675000.0,125000.0,50008.0,5.619303509317931,3.6118442908421104,1.7386185564158003,0.5,1.0,6.052316211210151,0.26113905536530657,0.4330127018922194,6.488612787525832,0.0,6.488612787525832,2.197630728469015
0.10352,8.0,1661.0,4.0,27.55,1793.0,9.75,800.0,0.0,0.0,1.0,1.0,1.0,1.0,2.48976,60.0,60.0,60.0,3.011828,107.295,89.50258,120.0378,0.666667,0.64476,411.9435,1.0,188.0,266.0,900.0,500.0,750.0,250.0,0.0,0.0,0.0,2.932331,2.0,10.0,1,0,3.872983346207417,3.350705235476804,0.5222781107306131,12.977225575051664,1.0,0.5,3.872983346207417,1.675352617738402,0.7071067811865476,1.5,0.8660254037844388,1.0,0.5,0.0,0.0,0.5,0.0,1.1558710995052903,0.14460150195534252,11.238607018635863,9.176284205106526,0.5,0.0,0.3535533905932738,0.0,0.0,0.0,6.488612787525832,675000.0,125000.0,50008.0,5.619303509317931,3.6118442908421104,1.7386185564158003,0.5,1.0,6.052316211210151,0.26113905536530657,0.4330127018922194,6.488612787525832,0.0,6.488612787525832,2.197630728469015
0.10352,8.0,1661.0,4.0,30.11,1600.0,9.9,784.0,0.0,0.0,1.0,1.0,1.0,1.0,2.48976,60.0,60.0,60.0,3.011828,107.295,89.50258,120.0378,0.666667,0.64476,411.9435,1.0,188.0,266.0,900.0,500.0,750.0,250.0,0.0,0.0,0.0,2.932331,2.0,10.0,1,0,3.872983346207417,3.350705235476804,0.5222781107306131,12.977225575051664,1.0,0.5,3.872983346207417,1.675352617738402,0.7071067811865476,1.5,0.8660254037844388,1.0,0.5,0.0,0.0,0.5,0.0,1.1558710995052903,0.14460150195534252,11.238607018635863,9.176284205106526,0.5,0.0,0.3535533905932738,0.0,0.0,0.0,6.488612787525832,675000.0,125000.0,50008.0,5.619303509317931,3.6118442908421104,1.7386185564158003,0.5,1.0,6.052316211210151,0.26113905536530657,0.4330127018922194,6.488612787525832,0.0,6.488612787525832,2.197630728469015
0.0998,8.0,1661.0,4.0,33.06,1520.0,9.629,720.0,0.0,0.0,1.0,1.0,1.0,1.0,2.48976,60.0,60.0,60.0,3.011828,107.295,89.50258,120.0378,0.666667,0.64476,411.9435,1.0,188.0,266.0,900.0,500.0,750.0,250.0,0.0,0.0,0.0,2.932331,2.0,10.0,1,0,3.872983346207417,3.350705235476804,0.5222781107306131,12.977225575051664,1.0,0.5,3.872983346207417,1.675352617738402,0.7071067811865476,1.5,0.8660254037844388,1.0,0.5,0.0,0.0,0.5,0.0,1.1558710995052903,0.14460150195534252,11.238607018635863,9.176284205106526,0.5,0.0,0.3535533905932738,0.0,0.0,0.0,6.488612787525832,675000.0,125000.0,50008.0,5.619303509317931,3.6118442908421104,1.7386185564158003,0.5,1.0,6.052316211210151,0.26113905536530657,0.4330127018922194,6.488612787525832,0.0,6.488612787525832,2.197630728469015
0.0998,8.0,1661.0,4.0,35.4,1440.0,10.2439,640.0,0.0,0.0,1.0,1.0,1.0,1.0,2.48976,60.0,60.0,60.0,3.011828,107.295,89.50258,120.0378,0.666667,0.64476,411.9435,1.0,188.0,266.0,900.0,500.0,750.0,250.0,0.0,0.0,0.0,2.932331,2.0,10.0,1,0,3.872983346207417,3.350705235476804,0.5222781107306131,12.977225575051664,1.0,0.5,3.872983346207417,1.675352617738402,0.7071067811865476,1.5,0.8660254037844388,1.0,0.5,0.0,0.0,0.5,0.0,1.1558710995052903,0.14460150195534252,11.238607018635863,9.176284205106526,0.5,0.0,0.3535533905932738,0.0,0.0,0.0,6.488612787525832,675000.0,125000.0,50008.0,5.619303509317931,3.6118442908421104,1.7386185564158003,0.5,1.0,6.052316211210151,0.26113905536530657,0.4330127018922194,6.488612787525832,0.0,6.488612787525832,2.197630728469015
0.0998,8.0,1661.0,4.0,37.8,1440.0,9.268,640.0,0.0,0.0,1.0,1.0,1.0,1.0,2.48976,60.0,60.0,60.0,3.011828,107.295,89.50258,120.0378,0.666667,0.64476,411.9435,1.0,188.0,266.0,900.0,500.0,750.0,250.0,0.0,0.0,0.0,2.932331,2.0,10.0,1,0,3.872983346207417,3.350705235476804,0.5222781107306131,12.977225575051664,1.0,0.5,3.872983346207417,1.675352617738402,0.7071067811865476,1.5,0.8660254037844388,1.0,0.5,0.0,0.0,0.5,0.0,1.1558710995052903,0.14460150195534252,11.238607018635863,9.176284205106526,0.5,0.0,0.3535533905932738,0.0,0.0,0.0,6.488612787525832,675000.0,125000.0,50008.0,5.619303509317931,3.6118442908421104,1.7386185564158003,0.5,1.0,6.052316211210151,0.26113905536530657,0.4330127018922194,6.488612787525832,0.0,6.488612787525832,2.197630728469015
0.0998,8.0,1661.0,4.0,59.78,1360.0,10.3448,480.0,0.0,0.0,1.0,1.0,1.0,1.0,2.48976,60.0,60.0,60.0,3.011828,107.295,89.50258,120.0378,0.666667,0.64476,411.9435,1.0,188.0,266.0,900.0,500.0,750.0,250.0,0.0,0.0,0.0,2.932331,2.0,10.0,1,0,3.872983346207417,3.350705235476804,0.5222781107306131,12.977225575051664,1.0,0.5,3.872983346207417,1.675352617738402,0.7071067811865476,1.5,0.8660254037844388,1.0,0.5,0.0,0.0,0.5,0.0,1.1558710995052903,0.14460150195534252,11.238607018635863,9.176284205106526,0.5,0.0,0.3535533905932738,0.0,0.0,0.0,6.488612787525832,675000.0,125000.0,50008.0,5.619303509317931,3.6118442908421104,1.7386185564158003,0.5,1.0,6.052316211210151,0.26113905536530657,0.4330127018922194,6.488612787525832,0.0,6.488612787525832,2.197630728469015
0.0998,8.0,1661.0,4.0,112.416,1191.0,17.78,473.0,0.0,0.0,1.0,1.0,1.0,1.0,2.48976,60.0,60.0,60.0,3.011828,107.295,89.50258,120.0378,0.666667,0.64476,411.9435,1.0,188.0,266.0,900.0,500.0,750.0,250.0,0.0,0.0,0.0,2.932331,2.0,10.0,1,0,3.872983346207417,3.350705235476804,0.5222781107306131,12.977225575051664,1.0,0.5,3.872983346207417,1.675352617738402,0.7071067811865476,1.5,0.8660254037844388,1.0,0.5,0.0,0.0,0.5,0.0,1.1558710995052903,0.14460150195534252,11.238607018635863,9.176284205106526,0.5,0.0,0.3535533905932738,0.0,0.0,0.0,6.488612787525832,675000.0,125000.0,50008.0,5.619303509317931,3.6118442908421104,1.7386185564158003,0.5,1.0,6.052316211210151,0.26113905536530657,0.4330127018922194,6.488612787525832,0.0,6.488612787525832,2.197630728469015
0.0998,40.0,1661.0,5.0,37.17,1448.97,7.62872,601.796,0.0,1.498,1.0,1.0,1.0,1.0,2.48976,60.0,60.0,60.0,3.011828,107.295,89.50258,120.0378,0.666667,0.64476,411.9435,1.0,188.0,266.0,900.0,500.0,750.0,250.0,0.0,0.0,0.0,2.932331,2.0,10.0,1,0,3.872983346207417,3.350705235476804,0.5222781107306131,12.977225575051664,1.0,0.5,3.872983346207417,1.675352617738402,0.7071067811865476,1.5,0.8660254037844388,1.0,0.5,0.0,0.0,0.5,0.0,1.1558710995052903,0.14460150195534252,11.238607018635863,9.176284205106526,0.5,0.0,0.3535533905932738,0.0,0.0,0.0,6.488612787525832,675000.0,125000.0,50008.0,5.619303509317931,3.6118442908421104,1.7386185564158003,0.5,1.0,6.052316211210151,0.26113905536530657,0.4330127018922194,6.488612787525832,0.0,6.488612787525832,2.197630728469015
0.0998,40.0,1661.0,50.0,33.385,1443.868,8.9995,433.7,0.0,0.68,1.0,1.0,1.0,1.0,2.48976,60.0,60.0,60.0,3.011828,107.295,89.50258,120.0378,0.666667,0.64476,411.9435,1.0,188.0,266.0,900.0,500.0,750.0,250.0,0.0,0.0,0.0,2.932331,2.0,10.0,1,0,3.872983346207417,3.350705235476804,0.5222781107306131,12.977225575051664,1.0,0.5,3.872983346207417,1.675352617738402,0.7071067811865476,1.5,0.8660254037844388,1.0,0.5,0.0,0.0,0.5,0.0,1.1558710995052903,0.14460150195534252,11.238607018635863,9.176284205106526,0.5,0.0,0.3535533905932738,0.0,0.0,0.0,6.488612787525832,675000.0,125000.0,50008.0,5.619303509317931,3.6118442908421104,1.7386185564158003,0.5,1.0,6.052316211210151,0.26113905536530657,0.4330127018922194,6.488612787525832,0.0,6.488612787525832,2.197630728469015
0.0998,40.0,1661.0,100.0,29.735,1153.0,8.9,683.824,0.0,1.9,1.0,1.0,1.0,1.0,2.48976,60.0,60.0,60.0,3.011828,107.295,89.50258,120.0378,0.666667,0.64476,411.9435,1.0,188.0,266.0,900.0,500.0,750.0,250.0,0.0,0.0,0.0,2.932331,2.0,10.0,1,0,3.872983346207417,3.350705235476804,0.5222781107306131,12.977225575051664,1.0,0.5,3.872983346207417,1.675352617738402,0.7071067811865476,1.5,0.8660254037844388,1.0,0.5,0.0,0.0,0.5,0.0,1.1558710995052903,0.14460150195534252,11.238607018635863,9.176284205106526,0.5,0.0,0.3535533905932738,0.0,0.0,0.0,6.488612787525832,675000.0,125000.0,50008.0,5.619303509317931,3.6118442908421104,1.7386185564158003,0.5,1.0,6.052316211210151,0.26113905536530657,0.4330127018922194,6.488612787525832,0.0,6.488612787525832,2.197630728469015
0.0998,40.0,1661.0,150.0,27.26,918.412,7.87,234.671,0.0,1.5,1.0,1.0,1.0,1.0,2.48976,60.0,60.0,60.0,3.011828,107.295,89.50258,120.0378,0.666667,0.64476,411.9435,1.0,188.0,266.0,900.0,500.0,750.0,250.0,0.0,0.0,0.0,2.932331,2.0,10.0,1,0,3.872983346207417,3.350705235476804,0.5222781107306131,12.977225575051664,1.0,0.5,3.872983346207417,1.675352617738402,0.7071067811865476,1.5,0.8660254037844388,1.0,0.5,0.0,0.0,0.5,0.0,1.1558710995052903,0.14460150195534252,11.238607018635863,9.176284205106526,0.5,0.0,0.3535533905932738,0.0,0.0,0.0,6.488612787525832,675000.0,125000.0,50008.0,5.619303509317931,3.6118442908421104,1.7386185564158003,0.5,1.0,6.052316211210151,0.26113905536530657,0.4330127018922194,6.488612787525832,0.0,6.488612787525832,2.197630728469015
0.0998,40.0,1661.0,200.0,24.128,663.335,5.726,91.665,0.0,0.749,1.0,1.0,1.0,1.0,2.48976,60.0,60.0,60.0,3.011828,107.295,89.50258,120.0378,0.666667,0.64476,411.9435,1.0,188.0,266.0,900.0,500.0,750.0,250.0,0.0,0.0,0.0,2.932331,2.0,10.0,1,0,3.872983346207417,3.350705235476804,0.5222781107306131,12.977225575051664,1.0,0.5,3.872983346207417,1.675352617738402,0.7071067811865476,1.5,0.8660254037844388,1.0,0.5,0.0,0.0,0.5,0.0,1.1558710995052903,0.14460150195534252,11.238607018635863,9.176284205106526,0.5,0.0,0.3535533905932738,0.0,0.0,0.0,6.488612787525832,675000.0,125000.0,50008.0,5.619303509317931,3.6118442908421104,1.7386185564158003,0.5,1.0,6.052316211210151,0.26113905536530657,0.4330127018922194,6.488612787525832,0.0,6.488612787525832,2.197630728469015
0.0998,40.0,1661.0,250.0,21.5,443.872,4.58,56.0,0.0,0.58,1.0,1.0,1.0,1.0,2.48976,60.0,60.0,60.0,3.011828,107.295,89.50258,120.0378,0.666667,0.64476,411.9435,1.0,188.0,266.0,900.0,500.0,750.0,250.0,0.0,0.0,0.0,2.932331,2.0,10.0,1,0,3.872983346207417,3.350705235476804,0.5222781107306131,12.977225575051664,1.0,0.5,3.872983346207417,1.675352617738402,0.7071067811865476,1.5,0.8660254037844388,1.0,0.5,0.0,0.0,0.5,0.0,1.1558710995052903,0.14460150195534252,11.238607018635863,9.176284205106526,0.5,0.0,0.3535533905932738,0.0,0.0,0.0,6.488612787525832,675000.0,125000.0,50008.0,5.619303509317931,3.6118442908421104,1.7386185564158003,0.5,1.0,6.052316211210151,0.26113905536530657,0.4330127018922194,6.488612787525832,0.0,6.488612787525832,2.197630728469015
0.0998,29.8,1661.0,4.0,56.1102,676.67,11.45314,60.146,0.0,1.637,1.0,0.02,1.0,1.0,2.48976,60.0,60.0,60.0,3.011828,107.295,89.50258,120.0378,0.666667,0.64476,411.9435,1.0,188.0,266.0,900.0,500.0,750.0,250.0,0.0,0.0,0.0,2.932331,2.0,10.0,1,0,3.872983346207417,3.350705235476804,0.5222781107306131,12.977225575051664,1.0,0.5,3.872983346207417,1.675352617738402,0.7071067811865476,1.5,0.8660254037844388,1.0,0.5,0.0,0.0,0.5,0.0,1.1558710995052903,0.14460150195534252,11.238607018635863,9.176284205106526,0.5,0.0,0.3535533905932738,0.0,0.0,0.0,6.488612787525832,675000.0,125000.0,50008.0,5.619303509317931,3.6118442908421104,1.7386185564158003,0.5,1.0,6.052316211210151,0.26113905536530657,0.4330127018922194,6.488612787525832,0.0,6.488612787525832,2.197630728469015
0.0998,29.8,1661.0,4.0,56.1102,721.784,11.45314,180.446,0.0,1.637,1.0,0.05,1.0,1.0,2.48976,60.0,60.0,60.0,3.011828,107.295,89.50258,120.0378,0.666667,0.64476,411.9435,1.0,188.0,266.0,900.0,500.0,750.0,250.0,0.0,0.0,0.0,2.932331,2.0,10.0,1,0,3.872983346207417,3.350705235476804,0.5222781107306131,12.977225575051664,1.0,0.5,3.872983346207417,1.675352617738402,0.7071067811865476,1.5,0.8660254037844388,1.0,0.5,0.0,0.0,0.5,0.0,1.1558710995052903,0.14460150195534252,11.238607018635863,9.176284205106526,0.5,0.0,0.3535533905932738,0.0,0.0,0.0,6.488612787525832,675000.0,125000.0,50008.0,5.619303509317931,3.6118442908421104,1.7386185564158003,0.5,1.0,6.052316211210151,0.26113905536530657,0.4330127018922194,6.488612787525832,0.0,6.488612787525832,2.197630728469015
0.0998,11.24,1661.0,4.0,55.6912,1030.184,11.45314,533.957,0.0,0.0,1.0,0.5,1.0,1.0,2.48976,60.0,60.0,60.0,3.011828,107.295,89.50258,120.0378,0.666667,0.64476,411.9435,1.0,188.0,266.0,900.0,500.0,750.0,250.0,0.0,0.0,0.0,2.932331,2.0,10.0,1,0,3.872983346207417,3.350705235476804,0.5222781107306131,12.977225575051664,1.0,0.5,3.872983346207417,1.675352617738402,0.7071067811865476,1.5,0.8660254037844388,1.0,0.5,0.0,0.0,0.5,0.0,1.1558710995052903,0.14460150195534252,11.238607018635863,9.176284205106526,0.5,0.0,0.3535533905932738,0.0,0.0,0.0,6.488612787525832,675000.0,125000.0,50008.0,5.619303509317931,3.6118442908421104,1.7386185564158003,0.5,1.0,6.052316211210151,0.26113905536530657,0.4330127018922194,6.488612787525832,0.0,6.488612787525832,2.197630728469015
0.0998,46.0,1661.0,4.0,34.402,1075.184,21.7824,578.9,0.0,1.8438,1.0,5.0,1.0,1.0,2.48976,60.0,60.0,60.0,3.011828,107.295,89.50258,120.0378,0.666667,0.64476,411.9435,1.0,188.0,266.0,900.0,500.0,750.0,250.0,0.0,0.0,0.0,2.932331,2.0,10.0,1,0,3.872983346207417,3.350705235476804,0.5222781107306131,12.977225575051664,1.0,0.5,3.872983346207417,1.675352617738402,0.7071067811865476,1.5,0.8660254037844388,1.0,0.5,0.0,0.0,0.5,0.0,1.1558710995052903,0.14460150195534252,11.238607018635863,9.176284205106526,0.5,0.0,0.3535533905932738,0.0,0.0,0.0,6.488612787525832,675000.0,125000.0,50008.0,5.619303509317931,3.6118442908421104,1.7386185564158003,0.5,1.0,6.052316211210151,0.26113905536530657,0.4330127018922194,6.488612787525832,0.0,6.488612787525832,2.197630728469015
0.078947,80.0,484.8,2.0,101.25,260.4,1.24,81.11,1.0,0.44,0.0,7.0,1.0,1.0,8.59,90.0,90.0,90.0,0.0,0.0,0.0,0.0,0.375,-4.37714,32.53691,0.77651,270.0,0.0,537.5,149.125,0.0,0.0,3.565765,2.067022,13.1616,0.0,-2.22e-16,0.0,0,0,4.105379736093976,0.0,4.105379736093976,0.0,0.375,0.0,1.539517401035241,0.0,1.1110243021644486,0.0,0.0,0.375,0.0,0.125,0.0,0.375,0.125,410537974.6093976,1.999999990256687,0.0,0.0,0.0,0.0,0.4166341133116682,0.13887803777055607,0.0,0.0,0.0,0.0,0.0,0.0,0.0,2.052689868046988,0.0,0.625,0.875,0.0,1.539517401035241,0.0,0.0,0.0,0.0,1.539517401035241
0.078947,80.0,484.8,10.0,80.0,268.92,0.56,79.292,1.0,0.16,0.0,7.0,1.0,1.0,8.59,90.0,90.0,90.0,0.0,0.0,0.0,0.0,0.375,-4.37714,32.53691,0.77651,270.0,0.0,537.5,149.125,0.0,0.0,3.565765,2.067022,13.1616,0.0,-2.22e-16,0.0,0,0,4.105379736093976,0.0,4.105379736093976,0.0,0.375,0.0,1.539517401035241,0.0,1.1110243021644486,0.0,0.0,0.375,0.0,0.125,0.0,0.375,0.125,410537974.6093976,1.999999990256687,0.0,0.0,0.0,0.0,0.4166341133116682,0.13887803777055607,0.0,0.0,0.0,0.0,0.0,0.0,0.0,2.052689868046988,0.0,0.625,0.875,0.0,1.539517401035241,0.0,0.0,0.0,0.0,1.539517401035241
0.078947,80.0,484.8,50.0,30.0,234.4,0.06,113.716,1.0,0.12,0.0,7.0,1.0,1.0,8.59,90.0,90.0,90.0,0.0,0.0,0.0,0.0,0.375,-4.37714,32.53691,0.77651,270.0,0.0,537.5,149.125,0.0,0.0,3.565765,2.067022,13.1616,0.0,-2.22e-16,0.0,0,0,4.105379736093976,0.0,4.105379736093976,0.0,0.375,0.0,1.539517401035241,0.0,1.1110243021644486,0.0,0.0,0.375,0.0,0.125,0.0,0.375,0.125,410537974.6093976,1.999999990256687,0.0,0.0,0.0,0.0,0.4166341133116682,0.13887803777055607,0.0,0.0,0.0,0.0,0.0,0.0,0.0,2.052689868046988,0.0,0.625,0.875,0.0,1.539517401035241,0.0,0.0,0.0,0.0,1.539517401035241
0.252738,25.0,65.0,5.0,3.295,577.7,0.49,871.02,0.0,0.677,1.0,0.01,1.0,1.0,2.924839,90.0,90.0,120.0,5.7935,62.45887,62.22212,90.00004,0.444444,0.353234,4.1967,1.176906,267.5,267.7143,800.0,257.5,671.4286,188.5714,2.859813,2.5,10.0,3.312259,1.534277,11.64057,1,0,2.8284271247461903,3.859835915913058,1.0314087911668683,10.91726460163805,0.5,0.4285714285714285,1.4142135623730951,1.6542153925341678,0.5976143046671968,1.2857142857142856,0.87831006565368,0.5,0.4285714285714285,0.0,0.0,0.0714285714285714,0.0,0.7327842916217003,0.30842351199780843,9.588743389023312,6.524313493775725,0.21428571428571425,0.0,0.042686736047656895,0.0,0.0,0.0,2.3394138432081535,537142.88,48557.135500000004,71613.57525,2.054730726219281,3.3441315203296242,1.328521212614738,0.9285714285714285,1.0,9.71940677934292,0.07367205651191913,0.18820929978293138,2.3394138432081535,0.0,2.3394138432081535,0.24000183016107268
0.145278,25.0,65.0,5.0,1.278,3467.27,0.59,1480.01,0.0,0.156,1.0,0.01,1.0,1.0,2.924839,90.0,90.0,120.0,5.7935,62.45887,62.22212,90.00004,0.444444,0.665008,4.1967,1.176906,267.5,267.7143,800.0,257.5,671.4286,188.5714,2.859813,2.5,10.0,3.312259,1.534277,11.64057,1,0,2.8284271247461903,3.859835915913058,1.0314087911668683,10.91726460163805,0.5,0.4285714285714285,1.4142135623730951,1.6542153925341678,0.5976143046671968,1.2857142857142856,0.87831006565368,0.5,0.4285714285714285,0.0,0.0,0.0714285714285714,0.0,0.7327842916217003,0.30842351199780843,9.588743389023312,6.524313493775725,0.21428571428571425,0.0,0.042686736047656895,0.0,0.0,0.0,2.3394138432081535,537142.88,48557.135500000004,71613.57525,2.054730726219281,3.3441315203296242,1.328521212614738,0.9285714285714285,1.0,9.71940677934292,0.07367205651191913,0.18820929978293138,2.3394138432081535,0.0,2.3394138432081535,0.24000183016107268
0.118859,25.0,65.0,5.0,2.26,229.74,0.3,159.24,0.0,0.115,1.0,0.01,1.0,1.0,2.924839,90.0,90.0,120.0,5.7935,62.45887,62.22212,90.00004,0.444444,0.544942,4.1967,1.176906,267.5,267.7143,800.0,257.5,671.4286,188.5714,2.859813,2.5,10.0,3.312259,1.534277,11.64057,1,0,2.8284271247461903,3.859835915913058,1.0314087911668683,10.91726460163805,0.5,0.4285714285714285,1.4142135623730951,1.6542153925341678,0.5976143046671968,1.2857142857142856,0.87831006565368,0.5,0.4285714285714285,0.0,0.0,0.0714285714285714,0.0,0.7327842916217003,0.30842351199780843,9.588743389023312,6.524313493775725,0.21428571428571425,0.0,0.042686736047656895,0.0,0.0,0.0,2.3394138432081535,537142.88,48557.135500000004,71613.57525,2.054730726219281,3.3441315203296242,1.328521212614738,0.9285714285714285,1.0,9.71940677934292,0.07367205651191913,0.18820929978293138,2.3394138432081535,0.0,2.3394138432081535,0.24000183016107268
0.114416,25.0,65.0,5.0,1.72,2215.15,0.83,473.62,0.0,0.167,1.0,0.01,1.0,1.0,2.924839,90.0,90.0,120.0,5.7935,62.45887,62.22212,90.00004,0.444444,0.343284,4.1967,1.176906,267.5,267.7143,800.0,257.5,671.4286,188.5714,2.859813,2.5,10.0,3.312259,1.534277,11.64057,1,0,2.8284271247461903,3.859835915913058,1.0314087911668683,10.91726460163805,0.5,0.4285714285714285,1.4142135623730951,1.6542153925341678,0.5976143046671968,1.2857142857142856,0.87831006565368,0.5,0.4285714285714285,0.0,0.0,0.0714285714285714,0.0,0.7327842916217003,0.30842351199780843,9.588743389023312,6.524313493775725,0.21428571428571425,0.0,0.042686736047656895,0.0,0.0,0.0,2.3394138432081535,537142.88,48557.135500000004,71613.57525,2.054730726219281,3.3441315203296242,1.328521212614738,0.9285714285714285,1.0,9.71940677934292,0.07367205651191913,0.18820929978293138,2.3394138432081535,0.0,2.3394138432081535,0.24000183016107268
0.245902,80.0,500.0,300.0,65.82,919.2,18.7128,50.0,1.0,0.0,1.0,0.0,1.0,1.0,3.788512,90.0,90.0,90.0,0.0,0.0,0.0,0.0,0.4,0.779894,98.98345,1.0,279.6,0.0,680.0,188.0,0.0,0.0,2.820943,1.440876,12.24745,0.0,-2.22e-16,0.0,0,0,3.656648069074256,0.0,3.656648069074256,0.0,0.4,0.0,1.4626592276297026,0.0,1.2328828005937953,0.0,0.0,0.4,0.0,0.0,0.0,0.4,0.0,365664807.9074256,1.99999998906102,0.0,0.0,0.0,0.0,0.4931531202375181,0.0,0.0,0.0,0.0,0.0,0.0,0.0,0.0,1.828324034537128,0.0,0.6,1.0,0.0,1.4626592276297026,0.0,0.0,0.0,0.0,1.4626592276297026
0.3,80.0,500.0,300.0,66.72,821.583,18.7128,50.0,1.0,0.0,1.0,0.0,1.0,1.0,3.788512,90.0,90.0,90.0,0.0,0.0,0.0,0.0,0.4,0.779894,98.98345,1.0,279.6,0.0,680.0,188.0,0.0,0.0,2.820943,1.440876,12.24745,0.0,-2.22e-16,0.0,0,0,3.656648069074256,0.0,3.656648069074256,0.0,0.4,0.0,1.4626592276297026,0.0,1.2328828005937953,0.0,0.0,0.4,0.0,0.0,0.0,0.4,0.0,365664807.9074256,1.99999998906102,0.0,0.0,0.0,0.0,0.4931531202375181,0.0,0.0,0.0,0.0,0.0,0.0,0.0,0.0,1.828324034537128,0.0,0.6,1.0,0.0,1.4626592276297026,0.0,0.0,0.0,0.0,1.4626592276297026
0.340909,80.0,500.0,300.0,51.22,681.9,18.7128,50.0,1.0,0.0,1.0,0.0,1.0,1.0,3.788512,90.0,90.0,90.0,0.0,0.0,0.0,0.0,0.4,0.779894,98.98345,1.0,279.6,0.0,680.0,188.0,0.0,0.0,2.820943,1.440876,12.24745,0.0,-2.22e-16,0.0,0,0,3.656648069074256,0.0,3.656648069074256,0.0,0.4,0.0,1.4626592276297026,0.0,1.2328828005937953,0.0,0.0,0.4,0.0,0.0,0.0,0.4,0.0,365664807.9074256,1.99999998906102,0.0,0.0,0.0,0.0,0.4931531202375181,0.0,0.0,0.0,0.0,0.0,0.0,0.0,0.0,1.828324034537128,0.0,0.6,1.0,0.0,1.4626592276297026,0.0,0.0,0.0,0.0,1.4626592276297026
0.27027,80.0,500.0,300.0,54.42,620.483,18.7128,50.0,1.0,0.0,1.0,0.0,1.0,1.0,3.788512,90.0,90.0,90.0,0.0,0.0,0.0,0.0,0.4,0.779894,98.98345,1.0,279.6,0.0,680.0,188.0,0.0,0.0,2.820943,1.440876,12.24745,0.0,-2.22e-16,0.0,0,0,3.656648069074256,0.0,3.656648069074256,0.0,0.4,0.0,1.4626592276297026,0.0,1.2328828005937953,0.0,0.0,0.4,0.0,0.0,0.0,0.4,0.0,365664807.9074256,1.99999998906102,0.0,0.0,0.0,0.0,0.4931531202375181,0.0,0.0,0.0,0.0,0.0,0.0,0.0,0.0,1.828324034537128,0.0,0.6,1.0,0.0,1.4626592276297026,0.0,0.0,0.0,0.0,1.4626592276297026
0.217391,80.0,500.0,300.0,58.91,751.664,18.7128,50.0,1.0,0.0,1.0,0.0,1.0,1.0,3.788512,90.0,90.0,90.0,0.0,0.0,0.0,0.0,0.4,0.779894,98.98345,1.0,279.6,0.0,680.0,188.0,0.0,0.0,2.820943,1.440876,12.24745,0.0,-2.22e-16,0.0,0,0,3.656648069074256,0.0,3.656648069074256,0.0,0.4,0.0,1.4626592276297026,0.0,1.2328828005937953,0.0,0.0,0.4,0.0,0.0,0.0,0.4,0.0,365664807.9074256,1.99999998906102,0.0,0.0,0.0,0.0,0.4931531202375181,0.0,0.0,0.0,0.0,0.0,0.0,0.0,0.0,1.828324034537128,0.0,0.6,1.0,0.0,1.4626592276297026,0.0,0.0,0.0,0.0,1.4626592276297026
0.25641,80.0,500.0,300.0,45.92,771.36,18.7128,50.0,1.0,0.0,1.0,0.0,1.0,1.0,3.788512,90.0,90.0,90.0,0.0,0.0,0.0,0.0,0.4,0.779894,98.98345,1.0,279.6,0.0,680.0,188.0,0.0,0.0,2.820943,1.440876,12.24745,0.0,-2.22e-16,0.0,0,0,3.656648069074256,0.0,3.656648069074256,0.0,0.4,0.0,1.4626592276297026,0.0,1.2328828005937953,0.0,0.0,0.4,0.0,0.0,0.0,0.4,0.0,365664807.9074256,1.99999998906102,0.0,0.0,0.0,0.0,0.4931531202375181,0.0,0.0,0.0,0.0,0.0,0.0,0.0,0.0,1.828324034537128,0.0,0.6,1.0,0.0,1.4626592276297026,0.0,0.0,0.0,0.0,1.4626592276297026
0.397059,30.0,729.6,4.0,28.07734,1571.0,2.594767,204.0,0.0,0.34788,1.0,2.0,0.516643,1.0,6.016811,90.0,90.0,120.0,5.142692,74.87634,90.0,90.0,0.384615,0.816667,23.85239,3.904954,272.875,275.0,656.25,176.25,685.7143,201.4286,2.846377,1.495174,12.78834,2.897249,1.443376,11.54701,1,0,3.516495912405434,3.7158067079548327,0.1993107955493989,13.06661909981186,0.375,0.4285714285714285,1.3186859671520377,1.5924885891234997,0.0580357142857142,1.5,0.9988946217776752,0.375,0.4285714285714285,0.0,0.0,0.0535714285714285,0.0,0.9463613662717368,0.05511682944160382,13.052175543619514,0.7583305727569372,0.1607142857142857,0.0,0.0031090561224489705,0.0,0.0,0.0,2.099992355326906,450000.00937499997,35501.79075,75040.625,2.097671069510279,3.6161513101801335,0.014443556192345513,0.9464285714285715,1.0,13.298334263679484,0.010677364047289212,0.16053663564284065,2.099992355326906,0.0,2.099992355326906,0.273802621971462
0.519231,30.0,729.6,4.0,0.2087,974.0,0.1027,254.0,0.0,0.0194,1.0,2.0,0.516643,1.0,6.016811,90.0,90.0,120.0,5.142692,74.87634,90.0,90.0,0.384615,0.762682,23.85239,3.904954,272.875,275.0,656.25,176.25,685.7143,201.4286,2.846377,1.495174,12.78834,2.897249,1.443376,11.54701,1,0,3.516495912405434,3.7158067079548327,0.1993107955493989,13.06661909981186,0.375,0.4285714285714285,1.3186859671520377,1.5924885891234997,0.0580357142857142,1.5,0.9988946217776752,0.375,0.4285714285714285,0.0,0.0,0.0535714285714285,0.0,0.9463613662717368,0.05511682944160382,13.052175543619514,0.7583305727569372,0.1607142857142857,0.0,0.0031090561224489705,0.0,0.0,0.0,2.099992355326906,450000.00937499997,35501.79075,75040.625,2.097671069510279,3.6161513101801335,0.014443556192345513,0.9464285714285715,1.0,13.298334263679484,0.010677364047289212,0.16053663564284065,2.099992355326906,0.0,2.099992355326906,0.273802621971462
0.082327,15.0,858.0,60.0,49.5,95.69,6.8544,329.43,0.0,0.0,1.0,1.3,1.0,1.0,5.142692,74.87634,90.0,90.0,2.924839,90.0,90.0,120.0,0.444444,0.636935,110.006,1.708366,275.0,267.5,685.7143,201.4286,800.0,257.5,2.897249,1.443376,11.54701,2.859813,2.5,10.0,1,0,3.7158067079548327,2.8284271247461903,0.8873795832086424,10.509888483093292,0.4285714285714285,0.5,1.5924885891234997,1.4142135623730951,0.662401321106836,1.2857142857142856,0.8542421961772493,0.4285714285714285,0.5,0.0,0.0,0.0714285714285714,0.0,1.3137360592774372,0.2711943378497672,8.977990219375593,6.9617640158865175,0.21428571428571425,0.0,0.04731438007905969,0.0,0.0,0.0,2.2521189606628487,548571.44,51867.864499999996,73562.5,1.9238550470090554,3.2721169163505115,1.5318982637176992,0.9285714285714285,1.0,9.129930100156209,0.06338425594347442,0.18305189918083908,2.252118960662848,0.0,2.2521189606628487,0.17827502675040452
0.094488,15.0,860.0,60.0,33.75,145.18,6.251633,145.18,1.0,0.0,1.0,1.2,1.0,1.0,2.924839,90.0,90.0,120.0,5.142692,74.87634,90.0,90.0,0.444444,0.707429,105.4331,1.176906,267.5,275.0,800.0,257.5,685.7143,201.4286,2.859813,2.5,10.0,2.897249,1.443376,11.54701,1,0,2.8284271247461903,3.7158067079548327,0.8873795832086424,10.509888483093292,0.5,0.4285714285714285,1.4142135623730951,1.5924885891234997,0.662401321106836,1.2857142857142856,0.8542421961772493,0.5,0.4285714285714285,0.0,0.0,0.0714285714285714,0.0,0.7611879060014582,0.2711943378497672,8.977990219375593,6.9617640158865175,0.21428571428571425,0.0,0.04731438007905969,0.0,0.0,0.0,2.2521189606628487,548571.44,51867.864499999996,73562.5,1.9238550470090554,3.2721169163505115,1.5318982637176992,0.9285714285714285,1.0,9.129930100156209,0.06338425594347442,0.18305189918083908,2.252118960662848,0.0,2.2521189606628487,0.17827502675040452
0.375,60.0,538.0,5.0,48.0,12180.0,38.148,135.0,0.0,0.0,1.0,5.0,1.0,1.0,5.996281,60.0,60.0,60.0,3.011828,107.295,89.50258,120.0378,0.444444,0.536082,66.71451,1.0,276.1429,266.0,714.2857,207.8571,750.0,250.0,2.838877,2.039608,11.56632,2.932331,2.0,10.0,1,0,3.420013513551952,3.350705235476804,0.0693082780751481,11.459457185259945,0.4285714285714285,0.5,1.4657200772365508,1.675352617738402,0.5976143046671968,1.2857142857142856,0.87831006565368,0.4285714285714285,0.5,0.0,0.0,0.0714285714285714,0.0,1.0206846836703136,0.020472945469891438,10.064956592741197,6.848335537632634,0.21428571428571425,0.0,0.042686736047656895,0.0,0.0,0.0,2.455597968269988,535714.275,51964.275,73454.0114,2.156776412730256,3.385359374514378,1.394500592518748,0.9285714285714285,1.0,10.161604754223813,0.004950591291082005,0.18820929978293138,2.4555979682699878,0.0,2.455597968269988,0.2096325405018511
0.272727,60.0,538.0,5.0,16.5,12110.0,12.592,161.0,0.0,0.0,1.0,5.0,1.0,1.0,5.996281,60.0,60.0,60.0,3.011828,107.295,89.50258,120.0378,0.444444,0.536082,66.71451,1.0,276.1429,266.0,714.2857,207.8571,750.0,250.0,2.838877,2.039608,11.56632,2.932331,2.0,10.0,1,0,3.420013513551952,3.350705235476804,0.0693082780751481,11.459457185259945,0.4285714285714285,0.5,1.4657200772365508,1.675352617738402,0.5976143046671968,1.2857142857142856,0.87831006565368,0.4285714285714285,0.5,0.0,0.0,0.0714285714285714,0.0,1.0206846836703136,0.020472945469891438,10.064956592741197,6.848335537632634,0.21428571428571425,0.0,0.042686736047656895,0.0,0.0,0.0,2.455597968269988,535714.275,51964.275,73454.0114,2.156776412730256,3.385359374514378,1.394500592518748,0.9285714285714285,1.0,10.161604754223813,0.004950591291082005,0.18820929978293138,2.4555979682699878,0.0,2.455597968269988,0.2096325405018511
0.25,60.0,538.0,5.0,19.0,12040.0,14.81,143.0,0.0,0.0,1.0,5.0,1.0,1.0,5.996281,60.0,60.0,60.0,3.011828,107.295,89.50258,120.0378,0.444444,0.536082,66.71451,1.0,276.1429,266.0,714.2857,207.8571,750.0,250.0,2.838877,2.039608,11.56632,2.932331,2.0,10.0,1,0,3.420013513551952,3.350705235476804,0.0693082780751481,11.459457185259945,0.4285714285714285,0.5,1.4657200772365508,1.675352617738402,0.5976143046671968,1.2857142857142856,0.87831006565368,0.4285714285714285,0.5,0.0,0.0,0.0714285714285714,0.0,1.0206846836703136,0.020472945469891438,10.064956592741197,6.848335537632634,0.21428571428571425,0.0,0.042686736047656895,0.0,0.0,0.0,2.455597968269988,535714.275,51964.275,73454.0114,2.156776412730256,3.385359374514378,1.394500592518748,0.9285714285714285,1.0,10.161604754223813,0.004950591291082005,0.18820929978293138,2.4555979682699878,0.0,2.455597968269988,0.2096325405018511
0.00375,6.0,1388.0,5.0,16.6078,504.0,7.6124,182.0,0.0,0.0,1.0,1.0,1.0,1.0,2.48976,60.0,60.0,60.0,3.011828,107.295,89.50258,120.0378,0.666667,0.638225,344.237,1.0,188.0,266.0,900.0,500.0,750.0,250.0,0.0,0.0,0.0,2.932331,2.0,10.0,1,0,3.872983346207417,3.350705235476804,0.5222781107306131,12.977225575051664,1.0,0.5,3.872983346207417,1.675352617738402,0.7071067811865476,1.5,0.8660254037844388,1.0,0.5,0.0,0.0,0.5,0.0,1.1558710995052903,0.14460150195534252,11.238607018635863,9.176284205106526,0.5,0.0,0.3535533905932738,0.0,0.0,0.0,6.488612787525832,675000.0,125000.0,50008.0,5.619303509317931,3.6118442908421104,1.7386185564158003,0.5,1.0,6.052316211210151,0.26113905536530657,0.4330127018922194,6.488612787525832,0.0,6.488612787525832,2.197630728469015
0.00375,6.0,1388.0,5.0,16.6078,446.0,7.6124,126.0,0.0,0.0,1.0,1.0,1.0,1.0,2.48976,60.0,60.0,60.0,3.011828,107.295,89.50258,120.0378,0.666667,0.638225,344.237,1.0,188.0,266.0,900.0,500.0,750.0,250.0,0.0,0.0,0.0,2.932331,2.0,10.0,1,0,3.872983346207417,3.350705235476804,0.5222781107306131,12.977225575051664,1.0,0.5,3.872983346207417,1.675352617738402,0.7071067811865476,1.5,0.8660254037844388,1.0,0.5,0.0,0.0,0.5,0.0,1.1558710995052903,0.14460150195534252,11.238607018635863,9.176284205106526,0.5,0.0,0.3535533905932738,0.0,0.0,0.0,6.488612787525832,675000.0,125000.0,50008.0,5.619303509317931,3.6118442908421104,1.7386185564158003,0.5,1.0,6.052316211210151,0.26113905536530657,0.4330127018922194,6.488612787525832,0.0,6.488612787525832,2.197630728469015
0.00375,6.0,1388.0,5.0,16.6078,318.0,7.6124,374.0,0.0,0.0,1.0,1.0,1.0,1.0,2.48976,60.0,60.0,60.0,3.011828,107.295,89.50258,120.0378,0.666667,0.638225,344.237,1.0,188.0,266.0,900.0,500.0,750.0,250.0,0.0,0.0,0.0,2.932331,2.0,10.0,1,0,3.872983346207417,3.350705235476804,0.5222781107306131,12.977225575051664,1.0,0.5,3.872983346207417,1.675352617738402,0.7071067811865476,1.5,0.8660254037844388,1.0,0.5,0.0,0.0,0.5,0.0,1.1558710995052903,0.14460150195534252,11.238607018635863,9.176284205106526,0.5,0.0,0.3535533905932738,0.0,0.0,0.0,6.488612787525832,675000.0,125000.0,50008.0,5.619303509317931,3.6118442908421104,1.7386185564158003,0.5,1.0,6.052316211210151,0.26113905536530657,0.4330127018922194,6.488612787525832,0.0,6.488612787525832,2.197630728469015
0.00375,6.0,1388.0,5.0,16.6078,357.0,7.6124,685.0,0.0,0.0,1.0,1.0,1.0,1.0,2.48976,60.0,60.0,60.0,3.011828,107.295,89.50258,120.0378,0.666667,0.638225,344.237,1.0,188.0,266.0,900.0,500.0,750.0,250.0,0.0,0.0,0.0,2.932331,2.0,10.0,1,0,3.872983346207417,3.350705235476804,0.5222781107306131,12.977225575051664,1.0,0.5,3.872983346207417,1.675352617738402,0.7071067811865476,1.5,0.8660254037844388,1.0,0.5,0.0,0.0,0.5,0.0,1.1558710995052903,0.14460150195534252,11.238607018635863,9.176284205106526,0.5,0.0,0.3535533905932738,0.0,0.0,0.0,6.488612787525832,675000.0,125000.0,50008.0,5.619303509317931,3.6118442908421104,1.7386185564158003,0.5,1.0,6.052316211210151,0.26113905536530657,0.4330127018922194,6.488612787525832,0.0,6.488612787525832,2.197630728469015
0.00375,6.0,1388.0,5.0,16.6078,504.0,7.6124,182.0,0.0,0.0,1.0,1.0,1.0,1.0,2.48976,60.0,60.0,60.0,3.011828,107.295,89.50258,120.0378,0.666667,0.638225,344.237,1.0,188.0,266.0,900.0,500.0,750.0,250.0,0.0,0.0,0.0,2.932331,2.0,10.0,1,0,3.872983346207417,3.350705235476804,0.5222781107306131,12.977225575051664,1.0,0.5,3.872983346207417,1.675352617738402,0.7071067811865476,1.5,0.8660254037844388,1.0,0.5,0.0,0.0,0.5,0.0,1.1558710995052903,0.14460150195534252,11.238607018635863,9.176284205106526,0.5,0.0,0.3535533905932738,0.0,0.0,0.0,6.488612787525832,675000.0,125000.0,50008.0,5.619303509317931,3.6118442908421104,1.7386185564158003,0.5,1.0,6.052316211210151,0.26113905536530657,0.4330127018922194,6.488612787525832,0.0,6.488612787525832,2.197630728469015
0.00375,6.0,1388.0,5.0,16.6078,332.0,7.6124,94.0,0.0,0.0,1.0,1.0,1.0,1.0,2.48976,60.0,60.0,60.0,3.011828,107.295,89.50258,120.0378,0.666667,0.638225,344.237,1.0,188.0,266.0,900.0,500.0,750.0,250.0,0.0,0.0,0.0,2.932331,2.0,10.0,1,0,3.872983346207417,3.350705235476804,0.5222781107306131,12.977225575051664,1.0,0.5,3.872983346207417,1.675352617738402,0.7071067811865476,1.5,0.8660254037844388,1.0,0.5,0.0,0.0,0.5,0.0,1.1558710995052903,0.14460150195534252,11.238607018635863,9.176284205106526,0.5,0.0,0.3535533905932738,0.0,0.0,0.0,6.488612787525832,675000.0,125000.0,50008.0,5.619303509317931,3.6118442908421104,1.7386185564158003,0.5,1.0,6.052316211210151,0.26113905536530657,0.4330127018922194,6.488612787525832,0.0,6.488612787525832,2.197630728469015
0.00375,6.0,1388.0,5.0,16.6078,218.0,7.6124,314.0,0.0,0.0,1.0,1.0,1.0,1.0,2.48976,60.0,60.0,60.0,3.011828,107.295,89.50258,120.0378,0.666667,0.638225,344.237,1.0,188.0,266.0,900.0,500.0,750.0,250.0,0.0,0.0,0.0,2.932331,2.0,10.0,1,0,3.872983346207417,3.350705235476804,0.5222781107306131,12.977225575051664,1.0,0.5,3.872983346207417,1.675352617738402,0.7071067811865476,1.5,0.8660254037844388,1.0,0.5,0.0,0.0,0.5,0.0,1.1558710995052903,0.14460150195534252,11.238607018635863,9.176284205106526,0.5,0.0,0.3535533905932738,0.0,0.0,0.0,6.488612787525832,675000.0,125000.0,50008.0,5.619303509317931,3.6118442908421104,1.7386185564158003,0.5,1.0,6.052316211210151,0.26113905536530657,0.4330127018922194,6.488612787525832,0.0,6.488612787525832,2.197630728469015
0.00375,6.0,1388.0,5.0,16.6078,354.0,7.6124,685.0,0.0,0.0,1.0,1.0,1.0,1.0,2.48976,60.0,60.0,60.0,3.011828,107.295,89.50258,120.0378,0.666667,0.638225,344.237,1.0,188.0,266.0,900.0,500.0,750.0,250.0,0.0,0.0,0.0,2.932331,2.0,10.0,1,0,3.872983346207417,3.350705235476804,0.5222781107306131,12.977225575051664,1.0,0.5,3.872983346207417,1.675352617738402,0.7071067811865476,1.5,0.8660254037844388,1.0,0.5,0.0,0.0,0.5,0.0,1.1558710995052903,0.14460150195534252,11.238607018635863,9.176284205106526,0.5,0.0,0.3535533905932738,0.0,0.0,0.0,6.488612787525832,675000.0,125000.0,50008.0,5.619303509317931,3.6118442908421104,1.7386185564158003,0.5,1.0,6.052316211210151,0.26113905536530657,0.4330127018922194,6.488612787525832,0.0,6.488612787525832,2.197630728469015
0.489898,80.0,93.0,2.0,6.2,9130.43,2.3944,1304.348,0.0,0.0,1.0,3.5,0.671139,1.0,5.988303,89.99998,120.0,59.99995,0.0,0.0,0.0,0.0,0.428571,0.21875,7.765148,0.999999,270.8571,0.0,642.8571,200.0,0.0,0.0,3.128237,1.632993,11.57275,0.0,-2.22e-16,0.0,0,0,4.1490140436776,0.0,4.1490140436776,0.0,0.4285714285714285,0.0,1.7781488758618282,0.0,1.0101525445522106,0.0,0.0,0.4285714285714285,0.0,0.0,0.0,0.4285714285714285,0.0,414901405.36776,1.9999999903591554,0.0,0.0,0.0,0.0,0.43292251909380447,0.0,0.0,0.0,0.0,0.0,0.0,0.0,0.0,2.0745070218388,0.0,0.5714285714285715,1.0,0.0,1.7781488758618285,0.0,0.0,0.0,0.0,1.7781488758618282
0.489898,80.0,93.0,2.0,6.2,8478.26,2.11,1195.65,1.0,0.0,1.0,3.5,0.671139,1.0,5.988303,89.99998,120.0,59.99995,0.0,0.0,0.0,0.0,0.428571,0.21875,7.765148,0.999999,270.8571,0.0,642.8571,200.0,0.0,0.0,3.128237,1.632993,11.57275,0.0,-2.22e-16,0.0,0,0,4.1490140436776,0.0,4.1490140436776,0.0,0.4285714285714285,0.0,1.7781488758618282,0.0,1.0101525445522106,0.0,0.0,0.4285714285714285,0.0,0.0,0.0,0.4285714285714285,0.0,414901405.36776,1.9999999903591554,0.0,0.0,0.0,0.0,0.43292251909380447,0.0,0.0,0.0,0.0,0.0,0.0,0.0,0.0,2.0745070218388,0.0,0.5714285714285715,1.0,0.0,1.7781488758618285,0.0,0.0,0.0,0.0,1.7781488758618282
0.489898,80.0,93.0,2.0,5.79,10000.0,2.2456,763.0,0.0,0.0,1.0,1.0,0.671139,1.0,5.988303,89.99998,120.0,59.99995,0.0,0.0,0.0,0.0,0.428571,0.21875,7.765148,0.999999,270.8571,0.0,642.8571,200.0,0.0,0.0,3.128237,1.632993,11.57275,0.0,-2.22e-16,0.0,0,0,4.1490140436776,0.0,4.1490140436776,0.0,0.4285714285714285,0.0,1.7781488758618282,0.0,1.0101525445522106,0.0,0.0,0.4285714285714285,0.0,0.0,0.0,0.4285714285714285,0.0,414901405.36776,1.9999999903591554,0.0,0.0,0.0,0.0,0.43292251909380447,0.0,0.0,0.0,0.0,0.0,0.0,0.0,0.0,2.0745070218388,0.0,0.5714285714285715,1.0,0.0,1.7781488758618285,0.0,0.0,0.0,0.0,1.7781488758618282
0.489898,80.0,93.0,8.0,5.75,9812.5,2.175,506.0,0.0,0.0,1.0,1.0,0.671139,1.0,5.988303,89.99998,120.0,59.99995,0.0,0.0,0.0,0.0,0.428571,0.21875,7.765148,0.999999,270.8571,0.0,642.8571,200.0,0.0,0.0,3.128237,1.632993,11.57275,0.0,-2.22e-16,0.0,0,0,4.1490140436776,0.0,4.1490140436776,0.0,0.4285714285714285,0.0,1.7781488758618282,0.0,1.0101525445522106,0.0,0.0,0.4285714285714285,0.0,0.0,0.0,0.4285714285714285,0.0,414901405.36776,1.9999999903591554,0.0,0.0,0.0,0.0,0.43292251909380447,0.0,0.0,0.0,0.0,0.0,0.0,0.0,0.0,2.0745070218388,0.0,0.5714285714285715,1.0,0.0,1.7781488758618285,0.0,0.0,0.0,0.0,1.7781488758618282
0.489898,80.0,93.0,10.0,5.75,9687.5,2.175,379.0,0.0,0.0,1.0,1.0,0.671139,1.0,5.988303,89.99998,120.0,59.99995,0.0,0.0,0.0,0.0,0.428571,0.21875,7.765148,0.999999,270.8571,0.0,642.8571,200.0,0.0,0.0,3.128237,1.632993,11.57275,0.0,-2.22e-16,0.0,0,0,4.1490140436776,0.0,4.1490140436776,0.0,0.4285714285714285,0.0,1.7781488758618282,0.0,1.0101525445522106,0.0,0.0,0.4285714285714285,0.0,0.0,0.0,0.4285714285714285,0.0,414901405.36776,1.9999999903591554,0.0,0.0,0.0,0.0,0.43292251909380447,0.0,0.0,0.0,0.0,0.0,0.0,0.0,0.0,2.0745070218388,0.0,0.5714285714285715,1.0,0.0,1.7781488758618285,0.0,0.0,0.0,0.0,1.7781488758618282
0.489898,80.0,93.0,15.0,6.0,8189.5,2.133,340.5,0.0,0.0,1.0,1.0,0.671139,1.0,5.988303,89.99998,120.0,59.99995,0.0,0.0,0.0,0.0,0.428571,0.21875,7.765148,0.999999,270.8571,0.0,642.8571,200.0,0.0,0.0,3.128237,1.632993,11.57275,0.0,-2.22e-16,0.0,0,0,4.1490140436776,0.0,4.1490140436776,0.0,0.4285714285714285,0.0,1.7781488758618282,0.0,1.0101525445522106,0.0,0.0,0.4285714285714285,0.0,0.0,0.0,0.4285714285714285,0.0,414901405.36776,1.9999999903591554,0.0,0.0,0.0,0.0,0.43292251909380447,0.0,0.0,0.0,0.0,0.0,0.0,0.0,0.0,2.0745070218388,0.0,0.5714285714285715,1.0,0.0,1.7781488758618285,0.0,0.0,0.0,0.0,1.7781488758618282
0.489898,80.0,93.0,20.0,5.979,7920.689,2.1,178.869,0.0,0.0,1.0,1.0,0.671139,1.0,5.988303,89.99998,120.0,59.99995,0.0,0.0,0.0,0.0,0.428571,0.21875,7.765148,0.999999,270.8571,0.0,642.8571,200.0,0.0,0.0,3.128237,1.632993,11.57275,0.0,-2.22e-16,0.0,0,0,4.1490140436776,0.0,4.1490140436776,0.0,0.4285714285714285,0.0,1.7781488758618282,0.0,1.0101525445522106,0.0,0.0,0.4285714285714285,0.0,0.0,0.0,0.4285714285714285,0.0,414901405.36776,1.9999999903591554,0.0,0.0,0.0,0.0,0.43292251909380447,0.0,0.0,0.0,0.0,0.0,0.0,0.0,0.0,2.0745070218388,0.0,0.5714285714285715,1.0,0.0,1.7781488758618285,0.0,0.0,0.0,0.0,1.7781488758618282
0.489898,80.0,93.0,25.0,6.2,7508.612,2.0,124.743,0.0,0.0,1.0,1.0,0.671139,1.0,5.988303,89.99998,120.0,59.99995,0.0,0.0,0.0,0.0,0.428571,0.21875,7.765148,0.999999,270.8571,0.0,642.8571,200.0,0.0,0.0,3.128237,1.632993,11.57275,0.0,-2.22e-16,0.0,0,0,4.1490140436776,0.0,4.1490140436776,0.0,0.4285714285714285,0.0,1.7781488758618282,0.0,1.0101525445522106,0.0,0.0,0.4285714285714285,0.0,0.0,0.0,0.4285714285714285,0.0,414901405.36776,1.9999999903591554,0.0,0.0,0.0,0.0,0.43292251909380447,0.0,0.0,0.0,0.0,0.0,0.0,0.0,0.0,2.0745070218388,0.0,0.5714285714285715,1.0,0.0,1.7781488758618285,0.0,0.0,0.0,0.0,1.7781488758618282
0.489898,80.0,93.0,30.0,5.9,7705.647,1.967,179.2,0.0,0.0,1.0,1.0,0.671139,1.0,5.988303,89.99998,120.0,59.99995,0.0,0.0,0.0,0.0,0.428571,0.21875,7.765148,0.999999,270.8571,0.0,642.8571,200.0,0.0,0.0,3.128237,1.632993,11.57275,0.0,-2.22e-16,0.0,0,0,4.1490140436776,0.0,4.1490140436776,0.0,0.4285714285714285,0.0,1.7781488758618282,0.0,1.0101525445522106,0.0,0.0,0.4285714285714285,0.0,0.0,0.0,0.4285714285714285,0.0,414901405.36776,1.9999999903591554,0.0,0.0,0.0,0.0,0.43292251909380447,0.0,0.0,0.0,0.0,0.0,0.0,0.0,0.0,2.0745070218388,0.0,0.5714285714285715,1.0,0.0,1.7781488758618285,0.0,0.0,0.0,0.0,1.7781488758618282
0.489898,80.0,93.0,40.0,6.151,6289.985,2.3,18.0,0.0,0.0,1.0,1.0,0.671139,1.0,5.988303,89.99998,120.0,59.99995,0.0,0.0,0.0,0.0,0.428571,0.21875,7.765148,0.999999,270.8571,0.0,642.8571,200.0,0.0,0.0,3.128237,1.632993,11.57275,0.0,-2.22e-16,0.0,0,0,4.1490140436776,0.0,4.1490140436776,0.0,0.4285714285714285,0.0,1.7781488758618282,0.0,1.0101525445522106,0.0,0.0,0.4285714285714285,0.0,0.0,0.0,0.4285714285714285,0.0,414901405.36776,1.9999999903591554,0.0,0.0,0.0,0.0,0.43292251909380447,0.0,0.0,0.0,0.0,0.0,0.0,0.0,0.0,2.0745070218388,0.0,0.5714285714285715,1.0,0.0,1.7781488758618285,0.0,0.0,0.0,0.0,1.7781488758618282
0.489898,80.0,93.0,60.0,7.6,3512.753,2.994,108.706,0.0,0.0,1.0,1.0,0.671139,1.0,5.988303,89.99998,120.0,59.99995,0.0,0.0,0.0,0.0,0.428571,0.21875,7.765148,0.999999,270.8571,0.0,642.8571,200.0,0.0,0.0,3.128237,1.632993,11.57275,0.0,-2.22e-16,0.0,0,0,4.1490140436776,0.0,4.1490140436776,0.0,0.4285714285714285,0.0,1.7781488758618282,0.0,1.0101525445522106,0.0,0.0,0.4285714285714285,0.0,0.0,0.0,0.4285714285714285,0.0,414901405.36776,1.9999999903591554,0.0,0.0,0.0,0.0,0.43292251909380447,0.0,0.0,0.0,0.0,0.0,0.0,0.0,0.0,2.0745070218388,0.0,0.5714285714285715,1.0,0.0,1.7781488758618285,0.0,0.0,0.0,0.0,1.7781488758618282
0.489898,80.0,93.0,80.0,8.0,1397.769,3.0,35.3685,0.0,0.0,1.0,1.0,0.671139,1.0,5.988303,89.99998,120.0,59.99995,0.0,0.0,0.0,0.0,0.428571,0.21875,7.765148,0.999999,270.8571,0.0,642.8571,200.0,0.0,0.0,3.128237,1.632993,11.57275,0.0,-2.22e-16,0.0,0,0,4.1490140436776,0.0,4.1490140436776,0.0,0.4285714285714285,0.0,1.7781488758618282,0.0,1.0101525445522106,0.0,0.0,0.4285714285714285,0.0,0.0,0.0,0.4285714285714285,0.0,414901405.36776,1.9999999903591554,0.0,0.0,0.0,0.0,0.43292251909380447,0.0,0.0,0.0,0.0,0.0,0.0,0.0,0.0,2.0745070218388,0.0,0.5714285714285715,1.0,0.0,1.7781488758618285,0.0,0.0,0.0,0.0,1.7781488758618282
0.142857,30.0,823.0,50.0,96.0,141.0,8.4,14.0,1.0,0.0,1.0,3.0,1.0,1.0,2.447573,90.0,90.0,108.0944,0.0,0.0,0.0,0.0,1.0,0.576663,252.1886,1.613553,187.0,0.0,900.0,492.5,0.0,0.0,0.213904,1.111111,0.456853,0.0,-2.22e-16,0.0,0,0,3.863703305156273,0.0,3.863703305156273,0.0,1.0,0.0,3.863703305156273,0.0,1.224744871391589,0.0,0.0,1.0,0.0,0.0,0.0,1.0,0.0,386370331.51562726,1.9999999896472382,0.0,0.0,0.0,0.0,1.224744871391589,0.0,0.0,0.0,0.0,0.0,0.0,0.0,0.0,1.9318516525781364,0.0,0.0,1.0,0.0,3.863703305156273,0.0,0.0,0.0,0.0,3.863703305156273
0.882353,60.0,797.0,5.0,3.367,1484.0,0.123,1217.0,0.0,0.0923,1.0,5.0,1.0,1.0,2.4816,60.0,60.0,60.0,6.348074,117.493,89.99976,117.6525,0.5,-0.25285,50.91445,1.0,155.0,263.0,700.0,410.0,642.8571,175.7143,0.0,0.0,0.0,3.556302,0.7698,11.54701,1,0,5.916079783099616,4.151706835469087,1.7643729476305294,24.561828874675147,1.0,0.4285714285714285,5.916079783099616,1.7793029294867513,0.8081220356417685,1.4285714285714286,0.8219949365267865,1.0,0.4285714285714285,0.0,0.0,0.5714285714285714,0.0,1.4249753205855697,0.35049867681370794,20.189698966820387,19.84895514928725,0.4285714285714285,0.0,0.46178402036672483,0.0,0.0,0.0,10.526498089146491,449999.97,72042.863,40765.0,8.652728128637307,5.033893309284352,4.372129907854759,0.4285714285714285,1.0,9.005011672863073,1.008213112931731,0.3522835442257656,10.52649808914649,0.0,10.526498089146491,4.136776853612865
0.230769,6.0,858.0,5.0,5.625,8649.5,1.5625,909.0,0.0,1.125,1.0,5.0,1.0,1.0,5.142692,74.87634,90.0,90.0,3.433963,89.99989,60.03562,59.97819,0.444444,0.457627,93.75796,1.708366,275.0,249.5,685.7143,201.4286,650.0,205.0,2.897249,1.443376,11.54701,3.787575,0.769231,10.0,1,0,3.7158067079548327,4.372253453922903,0.6564467459680707,16.24644871296541,0.4285714285714285,0.5,1.5924885891234997,2.186126726961452,0.662401321106836,1.2857142857142856,0.8542421961772493,0.4285714285714285,0.5,0.0,0.0,0.0714285714285714,0.0,0.8498607751392598,0.16232489155778487,13.878402028644617,10.761669090762744,0.21428571428571425,0.0,0.04731438007905969,0.0,0.0,0.0,3.4813818670640173,445714.295,41292.863,68612.5,2.973943291852417,4.044030080938868,2.368046684320793,0.9285714285714285,1.0,13.680312494477446,0.0468890532834336,0.18305189918083908,3.481381867064016,0.0,3.4813818670640173,0.5936381378379525
0.075,6.0,858.0,5.0,5.625,6995.0,1.5625,727.0,1.0,1.5,1.0,5.0,1.0,1.0,5.142692,74.87634,90.0,90.0,3.433963,89.99989,60.03562,59.97819,0.444444,0.457627,93.75796,1.708366,275.0,249.5,685.7143,201.4286,650.0,205.0,2.897249,1.443376,11.54701,3.787575,0.769231,10.0,1,0,3.7158067079548327,4.372253453922903,0.6564467459680707,16.24644871296541,0.4285714285714285,0.5,1.5924885891234997,2.186126726961452,0.662401321106836,1.2857142857142856,0.8542421961772493,0.4285714285714285,0.5,0.0,0.0,0.0714285714285714,0.0,0.8498607751392598,0.16232489155778487,13.878402028644617,10.761669090762744,0.21428571428571425,0.0,0.04731438007905969,0.0,0.0,0.0,3.4813818670640173,445714.295,41292.863,68612.5,2.973943291852417,4.044030080938868,2.368046684320793,0.9285714285714285,1.0,13.680312494477446,0.0468890532834336,0.18305189918083908,3.481381867064016,0.0,3.4813818670640173,0.5936381378379525
0.054545,40.0,658.0,5.0,17.7,4263.0,11.0,104.0,0.0,0.0,1.0,5.0,0.232722,7.272727,5.932914,120.4948,120.2024,89.39748,2.924839,90.0,90.0,120.0,0.444444,0.619048,84.36361,1.0,275.7143,267.5,700.0,205.7143,800.0,257.5,2.860376,1.707469,11.55577,2.859813,2.5,10.0,1,0,3.569235830903556,2.8284271247461903,0.7408087061573654,10.095323438743623,0.4285714285714285,0.5,1.5296724989586663,1.4142135623730951,0.5976143046671968,1.2857142857142856,0.87831006565368,0.4285714285714285,0.5,0.0,0.0,0.0714285714285714,0.0,1.261915428916942,0.23158728710060844,8.866824192278045,6.033109697235225,0.21428571428571425,0.0,0.042686736047656895,0.0,0.0,0.0,2.16328359401649,560000.0,52971.432250000005,73753.57525,1.9000337554881521,3.198831477824873,1.2284992464655773,0.9285714285714285,1.0,9.04905323950803,0.05291490758266893,0.18820929978293138,2.1632835940164905,0.0,2.16328359401649,0.11545893658557116
0.054545,40.0,658.0,5.0,30.0,6315.0,22.4,183.0,0.0,0.0,1.0,5.0,0.232722,7.272727,5.932914,120.4948,120.2024,89.39748,2.924839,90.0,90.0,120.0,0.444444,0.619048,84.36361,1.0,275.7143,267.5,700.0,205.7143,800.0,257.5,2.860376,1.707469,11.55577,2.859813,2.5,10.0,1,0,3.569235830903556,2.8284271247461903,0.7408087061573654,10.095323438743623,0.4285714285714285,0.5,1.5296724989586663,1.4142135623730951,0.5976143046671968,1.2857142857142856,0.87831006565368,0.4285714285714285,0.5,0.0,0.0,0.0714285714285714,0.0,1.261915428916942,0.23158728710060844,8.866824192278045,6.033109697235225,0.21428571428571425,0.0,0.042686736047656895,0.0,0.0,0.0,2.16328359401649,560000.0,52971.432250000005,73753.57525,1.9000337554881521,3.198831477824873,1.2284992464655773,0.9285714285714285,1.0,9.04905323950803,0.05291490758266893,0.18820929978293138,2.1632835940164905,0.0,2.16328359401649,0.11545893658557116
0.054545,40.0,658.0,5.0,34.5,12334.0,22.5,612.0,0.0,0.0,1.0,5.0,0.232722,7.272727,5.932914,120.4948,120.2024,89.39748,2.924839,90.0,90.0,120.0,0.444444,0.619048,84.36361,1.0,275.7143,267.5,700.0,205.7143,800.0,257.5,2.860376,1.707469,11.55577,2.859813,2.5,10.0,1,0,3.569235830903556,2.8284271247461903,0.7408087061573654,10.095323438743623,0.4285714285714285,0.5,1.5296724989586663,1.4142135623730951,0.5976143046671968,1.2857142857142856,0.87831006565368,0.4285714285714285,0.5,0.0,0.0,0.0714285714285714,0.0,1.261915428916942,0.23158728710060844,8.866824192278045,6.033109697235225,0.21428571428571425,0.0,0.042686736047656895,0.0,0.0,0.0,2.16328359401649,560000.0,52971.432250000005,73753.57525,1.9000337554881521,3.198831477824873,1.2284992464655773,0.9285714285714285,1.0,9.04905323950803,0.05291490758266893,0.18820929978293138,2.1632835940164905,0.0,2.16328359401649,0.11545893658557116
0.054545,40.0,658.0,5.0,47.2,12653.0,32.7,758.0,0.0,0.0,1.0,5.0,0.232722,7.272727,5.932914,120.4948,120.2024,89.39748,2.924839,90.0,90.0,120.0,0.444444,0.619048,84.36361,1.0,275.7143,267.5,700.0,205.7143,800.0,257.5,2.860376,1.707469,11.55577,2.859813,2.5,10.0,1,0,3.569235830903556,2.8284271247461903,0.7408087061573654,10.095323438743623,0.4285714285714285,0.5,1.5296724989586663,1.4142135623730951,0.5976143046671968,1.2857142857142856,0.87831006565368,0.4285714285714285,0.5,0.0,0.0,0.0714285714285714,0.0,1.261915428916942,0.23158728710060844,8.866824192278045,6.033109697235225,0.21428571428571425,0.0,0.042686736047656895,0.0,0.0,0.0,2.16328359401649,560000.0,52971.432250000005,73753.57525,1.9000337554881521,3.198831477824873,1.2284992464655773,0.9285714285714285,1.0,9.04905323950803,0.05291490758266893,0.18820929978293138,2.1632835940164905,0.0,2.16328359401649,0.11545893658557116
0.054545,40.0,658.0,5.0,41.0,7820.0,33.5,584.0,0.0,0.0,1.0,5.0,0.232722,7.272727,5.932914,120.4948,120.2024,89.39748,2.924839,90.0,90.0,120.0,0.444444,0.619048,84.36361,1.0,275.7143,267.5,700.0,205.7143,800.0,257.5,2.860376,1.707469,11.55577,2.859813,2.5,10.0,1,0,3.569235830903556,2.8284271247461903,0.7408087061573654,10.095323438743623,0.4285714285714285,0.5,1.5296724989586663,1.4142135623730951,0.5976143046671968,1.2857142857142856,0.87831006565368,0.4285714285714285,0.5,0.0,0.0,0.0714285714285714,0.0,1.261915428916942,0.23158728710060844,8.866824192278045,6.033109697235225,0.21428571428571425,0.0,0.042686736047656895,0.0,0.0,0.0,2.16328359401649,560000.0,52971.432250000005,73753.57525,1.9000337554881521,3.198831477824873,1.2284992464655773,0.9285714285714285,1.0,9.04905323950803,0.05291490758266893,0.18820929978293138,2.1632835940164905,0.0,2.16328359401649,0.11545893658557116
0.25,20.0,858.0,5.0,38.4,5491.0,12.549,50.0,0.0,0.0,1.0,5.0,0.805996,1.0,5.142692,74.87634,90.0,90.0,3.009789,60.0,60.0,60.0,0.333333,0.202941,142.5349,1.708366,275.0,237.5,685.7143,201.4286,400.0,183.0,2.897249,1.443376,11.54701,4.484211,5.0,10.0,1,0,3.7158067079548327,1.4142135623730951,2.3015931455817373,5.254944241546647,0.4285714285714285,0.0,1.5924885891234997,0.0,0.4344830378784442,1.2857142857142856,0.9357754408380654,0.4285714285714285,0.0,0.0,0.0,0.4285714285714285,0.0,2.6274721092653577,0.8973037201903978,4.917447764212767,2.283184137949024,0.0,0.0,0.1862070162336189,0.0,0.0,0.0,0.0,274285.72,36861.4338,65312.5,0.0,2.565010135163964,0.3374964773338801,0.5714285714285715,1.0,3.3446989743147615,0.986397062392173,0.0,0.0,0.0,0.0,1.5924885891234997
0.25,20.0,858.0,25.0,30.17,5033.95,15.932,101.55,0.0,0.0,1.0,0.0,0.805996,1.0,5.142692,74.87634,90.0,90.0,3.009789,60.0,60.0,60.0,0.333333,0.835976,142.5349,1.708366,275.0,237.5,685.7143,201.4286,400.0,183.0,2.897249,1.443376,11.54701,4.484211,5.0,10.0,1,0,3.7158067079548327,1.4142135623730951,2.3015931455817373,5.254944241546647,0.4285714285714285,0.0,1.5924885891234997,0.0,0.4344830378784442,1.2857142857142856,0.9357754408380654,0.4285714285714285,0.0,0.0,0.0,0.4285714285714285,0.0,2.6274721092653577,0.8973037201903978,4.917447764212767,2.283184137949024,0.0,0.0,0.1862070162336189,0.0,0.0,0.0,0.0,274285.72,36861.4338,65312.5,0.0,2.565010135163964,0.3374964773338801,0.5714285714285715,1.0,3.3446989743147615,0.986397062392173,0.0,0.0,0.0,0.0,1.5924885891234997
0.25,20.0,858.0,50.0,30.5,3534.0,14.9,127.295,0.0,0.0,1.0,0.0,0.805996,1.0,5.142692,74.87634,90.0,90.0,3.009789,60.0,60.0,60.0,0.333333,0.796196,142.5349,1.708366,275.0,237.5,685.7143,201.4286,400.0,183.0,2.897249,1.443376,11.54701,4.484211,5.0,10.0,1,0,3.7158067079548327,1.4142135623730951,2.3015931455817373,5.254944241546647,0.4285714285714285,0.0,1.5924885891234997,0.0,0.4344830378784442,1.2857142857142856,0.9357754408380654,0.4285714285714285,0.0,0.0,0.0,0.4285714285714285,0.0,2.6274721092653577,0.8973037201903978,4.917447764212767,2.283184137949024,0.0,0.0,0.1862070162336189,0.0,0.0,0.0,0.0,274285.72,36861.4338,65312.5,0.0,2.565010135163964,0.3374964773338801,0.5714285714285715,1.0,3.3446989743147615,0.986397062392173,0.0,0.0,0.0,0.0,1.5924885891234997
0.25,20.0,858.0,75.0,30.5,2746.15,13.9,101.65,0.0,0.0,1.0,0.0,0.805996,1.0,5.142692,74.87634,90.0,90.0,3.009789,60.0,60.0,60.0,0.333333,0.796196,142.5349,1.708366,275.0,237.5,685.7143,201.4286,400.0,183.0,2.897249,1.443376,11.54701,4.484211,5.0,10.0,1,0,3.7158067079548327,1.4142135623730951,2.3015931455817373,5.254944241546647,0.4285714285714285,0.0,1.5924885891234997,0.0,0.4344830378784442,1.2857142857142856,0.9357754408380654,0.4285714285714285,0.0,0.0,0.0,0.4285714285714285,0.0,2.6274721092653577,0.8973037201903978,4.917447764212767,2.283184137949024,0.0,0.0,0.1862070162336189,0.0,0.0,0.0,0.0,274285.72,36861.4338,65312.5,0.0,2.565010135163964,0.3374964773338801,0.5714285714285715,1.0,3.3446989743147615,0.986397062392173,0.0,0.0,0.0,0.0,1.5924885891234997
0.25,20.0,858.0,100.0,30.0,2161.55,12.288,76.25,0.0,0.0,1.0,0.0,0.805996,1.0,5.142692,74.87634,90.0,90.0,3.009789,60.0,60.0,60.0,0.333333,0.796196,142.5349,1.708366,275.0,237.5,685.7143,201.4286,400.0,183.0,2.897249,1.443376,11.54701,4.484211,5.0,10.0,1,0,3.7158067079548327,1.4142135623730951,2.3015931455817373,5.254944241546647,0.4285714285714285,0.0,1.5924885891234997,0.0,0.4344830378784442,1.2857142857142856,0.9357754408380654,0.4285714285714285,0.0,0.0,0.0,0.4285714285714285,0.0,2.6274721092653577,0.8973037201903978,4.917447764212767,2.283184137949024,0.0,0.0,0.1862070162336189,0.0,0.0,0.0,0.0,274285.72,36861.4338,65312.5,0.0,2.565010135163964,0.3374964773338801,0.5714285714285715,1.0,3.3446989743147615,0.986397062392173,0.0,0.0,0.0,0.0,1.5924885891234997
0.25,20.0,858.0,125.0,30.25,1525.8,11.61,101.0,0.0,0.0,1.0,0.0,0.805996,1.0,5.142692,74.87634,90.0,90.0,3.009789,60.0,60.0,60.0,0.333333,0.796196,142.5349,1.708366,275.0,237.5,685.7143,201.4286,400.0,183.0,2.897249,1.443376,11.54701,4.484211,5.0,10.0,1,0,3.7158067079548327,1.4142135623730951,2.3015931455817373,5.254944241546647,0.4285714285714285,0.0,1.5924885891234997,0.0,0.4344830378784442,1.2857142857142856,0.9357754408380654,0.4285714285714285,0.0,0.0,0.0,0.4285714285714285,0.0,2.6274721092653577,0.8973037201903978,4.917447764212767,2.283184137949024,0.0,0.0,0.1862070162336189,0.0,0.0,0.0,0.0,274285.72,36861.4338,65312.5,0.0,2.565010135163964,0.3374964773338801,0.5714285714285715,1.0,3.3446989743147615,0.986397062392173,0.0,0.0,0.0,0.0,1.5924885891234997
0.25,20.0,858.0,150.0,30.339,941.295,10.763,76.9,0.0,0.0,1.0,0.0,0.805996,1.0,5.142692,74.87634,90.0,90.0,3.009789,60.0,60.0,60.0,0.333333,0.869565,142.5349,1.708366,275.0,237.5,685.7143,201.4286,400.0,183.0,2.897249,1.443376,11.54701,4.484211,5.0,10.0,1,0,3.7158067079548327,1.4142135623730951,2.3015931455817373,5.254944241546647,0.4285714285714285,0.0,1.5924885891234997,0.0,0.4344830378784442,1.2857142857142856,0.9357754408380654,0.4285714285714285,0.0,0.0,0.0,0.4285714285714285,0.0,2.6274721092653577,0.8973037201903978,4.917447764212767,2.283184137949024,0.0,0.0,0.1862070162336189,0.0,0.0,0.0,0.0,274285.72,36861.4338,65312.5,0.0,2.565010135163964,0.3374964773338801,0.5714285714285715,1.0,3.3446989743147615,0.986397062392173,0.0,0.0,0.0,0.0,1.5924885891234997
0.25,20.0,858.0,200.0,29.32,457.615,9.326,50.845,0.0,0.0,1.0,0.0,0.805996,1.0,5.142692,74.87634,90.0,90.0,3.009789,60.0,60.0,60.0,0.333333,0.887048,142.5349,1.708366,275.0,237.5,685.7143,201.4286,400.0,183.0,2.897249,1.443376,11.54701,4.484211,5.0,10.0,1,0,3.7158067079548327,1.4142135623730951,2.3015931455817373,5.254944241546647,0.4285714285714285,0.0,1.5924885891234997,0.0,0.4344830378784442,1.2857142857142856,0.9357754408380654,0.4285714285714285,0.0,0.0,0.0,0.4285714285714285,0.0,2.6274721092653577,0.8973037201903978,4.917447764212767,2.283184137949024,0.0,0.0,0.1862070162336189,0.0,0.0,0.0,0.0,274285.72,36861.4338,65312.5,0.0,2.565010135163964,0.3374964773338801,0.5714285714285715,1.0,3.3446989743147615,0.986397062392173,0.0,0.0,0.0,0.0,1.5924885891234997
0.25,20.0,858.0,250.0,27.967,951.139,6.5,25.559,0.0,0.0,1.0,0.0,0.805996,1.0,5.142692,74.87634,90.0,90.0,3.009789,60.0,60.0,60.0,0.333333,0.894478,142.5349,1.708366,275.0,237.5,685.7143,201.4286,400.0,183.0,2.897249,1.443376,11.54701,4.484211,5.0,10.0,1,0,3.7158067079548327,1.4142135623730951,2.3015931455817373,5.254944241546647,0.4285714285714285,0.0,1.5924885891234997,0.0,0.4344830378784442,1.2857142857142856,0.9357754408380654,0.4285714285714285,0.0,0.0,0.0,0.4285714285714285,0.0,2.6274721092653577,0.8973037201903978,4.917447764212767,2.283184137949024,0.0,0.0,0.1862070162336189,0.0,0.0,0.0,0.0,274285.72,36861.4338,65312.5,0.0,2.565010135163964,0.3374964773338801,0.5714285714285715,1.0,3.3446989743147615,0.986397062392173,0.0,0.0,0.0,0.0,1.5924885891234997
0.25,20.0,858.0,300.0,26.187,597.2501,6.0,0.199,0.0,0.0,1.0,0.0,0.805996,1.0,5.142692,74.87634,90.0,90.0,3.009789,60.0,60.0,60.0,0.333333,0.894478,142.5349,1.708366,275.0,237.5,685.7143,201.4286,400.0,183.0,2.897249,1.443376,11.54701,4.484211,5.0,10.0,1,0,3.7158067079548327,1.4142135623730951,2.3015931455817373,5.254944241546647,0.4285714285714285,0.0,1.5924885891234997,0.0,0.4344830378784442,1.2857142857142856,0.9357754408380654,0.4285714285714285,0.0,0.0,0.0,0.4285714285714285,0.0,2.6274721092653577,0.8973037201903978,4.917447764212767,2.283184137949024,0.0,0.0,0.1862070162336189,0.0,0.0,0.0,0.0,274285.72,36861.4338,65312.5,0.0,2.565010135163964,0.3374964773338801,0.5714285714285715,1.0,3.3446989743147615,0.986397062392173,0.0,0.0,0.0,0.0,1.5924885891234997
0.206897,20.0,800.0,25.0,30.85,5255.674,20.17,918.639,0.0,0.0,1.0,1.0,0.805996,1.0,5.142692,74.87634,90.0,90.0,5.932914,120.4948,120.2024,89.39748,0.428571,0.652778,33.71025,1.708366,275.0,275.7143,685.7143,201.4286,700.0,205.7143,2.897249,1.443376,11.54701,2.860376,1.707469,11.55577,1,0,3.7158067079548327,3.569235830903556,0.146570877051277,13.262590442744171,0.4285714285714285,0.4285714285714285,1.5924885891234997,1.5296724989586663,0.2020305089104421,1.4489795918367343,0.9864917755186928,0.4285714285714285,0.4285714285714285,0.0,0.0,0.0,0.0,1.0410650580641294,0.040238852653798514,13.083436393839945,2.679447896618371,0.18367346938775503,0.0,0.0,0.0,0.0,0.0,2.4359859996877047,480000.01,41436.74344898,75821.4325,2.4030801539706013,3.6425212694291944,0.17915404890422737,1.0,1.0,14.069928169358636,0.0,0.18119236693200474,2.435985999687704,0.0,2.4359859996877047,0.06281609016483336
0.206897,20.0,800.0,50.0,31.538,3724.686,16.4,407.967,0.0,0.0,1.0,1.0,0.805996,1.0,5.142692,74.87634,90.0,90.0,5.932914,120.4948,120.2024,89.39748,0.428571,0.711277,33.71025,1.708366,275.0,275.7143,685.7143,201.4286,700.0,205.7143,2.897249,1.443376,11.54701,2.860376,1.707469,11.55577,1,0,3.7158067079548327,3.569235830903556,0.146570877051277,13.262590442744171,0.4285714285714285,0.4285714285714285,1.5924885891234997,1.5296724989586663,0.2020305089104421,1.4489795918367343,0.9864917755186928,0.4285714285714285,0.4285714285714285,0.0,0.0,0.0,0.0,1.0410650580641294,0.040238852653798514,13.083436393839945,2.679447896618371,0.18367346938775503,0.0,0.0,0.0,0.0,0.0,2.4359859996877047,480000.01,41436.74344898,75821.4325,2.4030801539706013,3.6425212694291944,0.17915404890422737,1.0,1.0,14.069928169358636,0.0,0.18119236693200474,2.435985999687704,0.0,2.4359859996877047,0.06281609016483336
0.206897,20.0,800.0,75.0,30.427,2882.653,15.213,178.571,0.0,0.0,1.0,5.0,0.805996,1.0,5.142692,74.87634,90.0,90.0,5.932914,120.4948,120.2024,89.39748,0.428571,0.759207,33.71025,1.708366,275.0,275.7143,685.7143,201.4286,700.0,205.7143,2.897249,1.443376,11.54701,2.860376,1.707469,11.55577,1,0,3.7158067079548327,3.569235830903556,0.146570877051277,13.262590442744171,0.4285714285714285,0.4285714285714285,1.5924885891234997,1.5296724989586663,0.2020305089104421,1.4489795918367343,0.9864917755186928,0.4285714285714285,0.4285714285714285,0.0,0.0,0.0,0.0,1.0410650580641294,0.040238852653798514,13.083436393839945,2.679447896618371,0.18367346938775503,0.0,0.0,0.0,0.0,0.0,2.4359859996877047,480000.01,41436.74344898,75821.4325,2.4030801539706013,3.6425212694291944,0.17915404890422737,1.0,1.0,14.069928169358636,0.0,0.18119236693200474,2.435985999687704,0.0,2.4359859996877047,0.06281609016483336
0.206897,20.0,800.0,100.0,30.34,2168.6,13.675,25.2,0.0,0.0,1.0,1.0,0.805996,1.0,5.142692,74.87634,90.0,90.0,5.932914,120.4948,120.2024,89.39748,0.428571,0.711277,33.71025,1.708366,275.0,275.7143,685.7143,201.4286,700.0,205.7143,2.897249,1.443376,11.54701,2.860376,1.707469,11.55577,1,0,3.7158067079548327,3.569235830903556,0.146570877051277,13.262590442744171,0.4285714285714285,0.4285714285714285,1.5924885891234997,1.5296724989586663,0.2020305089104421,1.4489795918367343,0.9864917755186928,0.4285714285714285,0.4285714285714285,0.0,0.0,0.0,0.0,1.0410650580641294,0.040238852653798514,13.083436393839945,2.679447896618371,0.18367346938775503,0.0,0.0,0.0,0.0,0.0,2.4359859996877047,480000.01,41436.74344898,75821.4325,2.4030801539706013,3.6425212694291944,0.17915404890422737,1.0,1.0,14.069928169358636,0.0,0.18119236693200474,2.435985999687704,0.0,2.4359859996877047,0.06281609016483336
0.206897,20.0,800.0,125.0,30.3,1505.05,12.393,76.55,0.0,0.0,1.0,1.0,0.805996,1.0,5.142692,74.87634,90.0,90.0,5.932914,120.4948,120.2024,89.39748,0.428571,0.711277,33.71025,1.708366,275.0,275.7143,685.7143,201.4286,700.0,205.7143,2.897249,1.443376,11.54701,2.860376,1.707469,11.55577,1,0,3.7158067079548327,3.569235830903556,0.146570877051277,13.262590442744171,0.4285714285714285,0.4285714285714285,1.5924885891234997,1.5296724989586663,0.2020305089104421,1.4489795918367343,0.9864917755186928,0.4285714285714285,0.4285714285714285,0.0,0.0,0.0,0.0,1.0410650580641294,0.040238852653798514,13.083436393839945,2.679447896618371,0.18367346938775503,0.0,0.0,0.0,0.0,0.0,2.4359859996877047,480000.01,41436.74344898,75821.4325,2.4030801539706013,3.6425212694291944,0.17915404890422737,1.0,1.0,14.069928169358636,0.0,0.18119236693200474,2.435985999687704,0.0,2.4359859996877047,0.06281609016483336
0.206897,20.0,800.0,150.0,30.17,944.54,11.368,25.46,0.0,0.0,1.0,5.0,0.805996,1.0,5.142692,74.87634,90.0,90.0,5.932914,120.4948,120.2024,89.39748,0.428571,0.716099,33.71025,1.708366,275.0,275.7143,685.7143,201.4286,700.0,205.7143,2.897249,1.443376,11.54701,2.860376,1.707469,11.55577,1,0,3.7158067079548327,3.569235830903556,0.146570877051277,13.262590442744171,0.4285714285714285,0.4285714285714285,1.5924885891234997,1.5296724989586663,0.2020305089104421,1.4489795918367343,0.9864917755186928,0.4285714285714285,0.4285714285714285,0.0,0.0,0.0,0.0,1.0410650580641294,0.040238852653798514,13.083436393839945,2.679447896618371,0.18367346938775503,0.0,0.0,0.0,0.0,0.0,2.4359859996877047,480000.01,41436.74344898,75821.4325,2.4030801539706013,3.6425212694291944,0.17915404890422737,1.0,1.0,14.069928169358636,0.0,0.18119236693200474,2.435985999687704,0.0,2.4359859996877047,0.06281609016483336
0.206897,20.0,800.0,200.0,29.144,433.5,7.752,76.5,0.0,0.0,1.0,5.0,0.805996,1.0,5.142692,74.87634,90.0,90.0,5.932914,120.4948,120.2024,89.39748,0.428571,0.718729,33.71025,1.708366,275.0,275.7143,685.7143,201.4286,700.0,205.7143,2.897249,1.443376,11.54701,2.860376,1.707469,11.55577,1,0,3.7158067079548327,3.569235830903556,0.146570877051277,13.262590442744171,0.4285714285714285,0.4285714285714285,1.5924885891234997,1.5296724989586663,0.2020305089104421,1.4489795918367343,0.9864917755186928,0.4285714285714285,0.4285714285714285,0.0,0.0,0.0,0.0,1.0410650580641294,0.040238852653798514,13.083436393839945,2.679447896618371,0.18367346938775503,0.0,0.0,0.0,0.0,0.0,2.4359859996877047,480000.01,41436.74344898,75821.4325,2.4030801539706013,3.6425212694291944,0.17915404890422737,1.0,1.0,14.069928169358636,0.0,0.18119236693200474,2.435985999687704,0.0,2.4359859996877047,0.06281609016483336
0.206897,20.0,800.0,250.0,27.606,951.139,9.061,25.559,0.0,0.0,1.0,1.0,0.805996,1.0,5.142692,74.87634,90.0,90.0,5.932914,120.4948,120.2024,89.39748,0.428571,0.826034,33.71025,1.708366,275.0,275.7143,685.7143,201.4286,700.0,205.7143,2.897249,1.443376,11.54701,2.860376,1.707469,11.55577,1,0,3.7158067079548327,3.569235830903556,0.146570877051277,13.262590442744171,0.4285714285714285,0.4285714285714285,1.5924885891234997,1.5296724989586663,0.2020305089104421,1.4489795918367343,0.9864917755186928,0.4285714285714285,0.4285714285714285,0.0,0.0,0.0,0.0,1.0410650580641294,0.040238852653798514,13.083436393839945,2.679447896618371,0.18367346938775503,0.0,0.0,0.0,0.0,0.0,2.4359859996877047,480000.01,41436.74344898,75821.4325,2.4030801539706013,3.6425212694291944,0.17915404890422737,1.0,1.0,14.069928169358636,0.0,0.18119236693200474,2.435985999687704,0.0,2.4359859996877047,0.06281609016483336
0.441176,50.0,1003.0,5.0,63.0136,11898.92,26.621,1253.696,0.0,0.0,1.0,5.0,1.0,1.0,3.788512,90.0,90.0,90.0,0.0,0.0,0.0,0.0,0.4,0.779894,198.5608,1.0,279.6,0.0,680.0,188.0,0.0,0.0,2.820943,1.440876,12.24745,0.0,-2.22e-16,0.0,0,0,3.656648069074256,0.0,3.656648069074256,0.0,0.4,0.0,1.4626592276297026,0.0,1.2328828005937953,0.0,0.0,0.4,0.0,0.0,0.0,0.4,0.0,365664807.9074256,1.99999998906102,0.0,0.0,0.0,0.0,0.4931531202375181,0.0,0.0,0.0,0.0,0.0,0.0,0.0,0.0,1.828324034537128,0.0,0.6,1.0,0.0,1.4626592276297026,0.0,0.0,0.0,0.0,1.4626592276297026
0.441176,50.0,986.5,5.0,55.3693,8798.29,26.621,1478.24,0.0,0.0,1.0,5.0,1.0,1.0,2.48976,60.0,60.0,60.0,3.788512,90.0,90.0,90.0,0.5,0.790576,130.1962,1.0,188.0,279.6,900.0,500.0,680.0,188.0,0.0,0.0,0.0,2.820943,1.440876,12.24745,1,0,3.872983346207417,3.656648069074256,0.2163352771331608,14.162137074466102,1.0,0.4,3.872983346207417,1.4626592276297026,1.2328828005937953,1.0,0.5735393346764044,1.0,0.4,0.0,0.0,0.6,0.0,1.0591621814445786,0.057462381523609864,8.12254267528533,17.460255218760988,0.4,0.0,0.7397296803562772,0.0,0.0,0.0,5.664854829786441,612000.0,94000.0,52564.8,3.2490170701141317,3.7648157076408366,6.039594399180774,0.4,1.0,3.4784328039846932,0.1298011662798965,0.22941573387056177,5.664854829786441,0.0,5.664854829786441,2.4103241185777144
0.441176,50.0,986.5,5.0,50.1338,1634.436,25.577,223.87,0.0,0.0,1.0,5.0,1.0,1.0,2.48976,60.0,60.0,60.0,3.788512,90.0,90.0,90.0,0.5,0.790576,130.1962,1.0,188.0,279.6,900.0,500.0,680.0,188.0,0.0,0.0,0.0,2.820943,1.440876,12.24745,1,0,3.872983346207417,3.656648069074256,0.2163352771331608,14.162137074466102,1.0,0.4,3.872983346207417,1.4626592276297026,1.2328828005937953,1.0,0.5735393346764044,1.0,0.4,0.0,0.0,0.6,0.0,1.0591621814445786,0.057462381523609864,8.12254267528533,17.460255218760988,0.4,0.0,0.7397296803562772,0.0,0.0,0.0,5.664854829786441,612000.0,94000.0,52564.8,3.2490170701141317,3.7648157076408366,6.039594399180774,0.4,1.0,3.4784328039846932,0.1298011662798965,0.22941573387056177,5.664854829786441,0.0,5.664854829786441,2.4103241185777144
0.441176,50.0,986.5,5.0,28.9442,873.4,22.55,13.282,0.0,0.0,1.0,5.0,1.0,1.0,2.48976,60.0,60.0,60.0,3.788512,90.0,90.0,90.0,0.5,0.790576,130.1962,1.0,188.0,279.6,900.0,500.0,680.0,188.0,0.0,0.0,0.0,2.820943,1.440876,12.24745,1,0,3.872983346207417,3.656648069074256,0.2163352771331608,14.162137074466102,1.0,0.4,3.872983346207417,1.4626592276297026,1.2328828005937953,1.0,0.5735393346764044,1.0,0.4,0.0,0.0,0.6,0.0,1.0591621814445786,0.057462381523609864,8.12254267528533,17.460255218760988,0.4,0.0,0.7397296803562772,0.0,0.0,0.0,5.664854829786441,612000.0,94000.0,52564.8,3.2490170701141317,3.7648157076408366,6.039594399180774,0.4,1.0,3.4784328039846932,0.1298011662798965,0.22941573387056177,5.664854829786441,0.0,5.664854829786441,2.4103241185777144
0.416667,75.0,800.0,5.0,67.0,26100.0,35.1206,90.0,0.0,0.0,1.0,7.0,1.0,1.0,5.142692,74.87634,90.0,90.0,5.932914,120.4948,120.2024,89.39748,0.428571,0.684148,33.71025,1.708366,275.0,275.7143,685.7143,201.4286,700.0,205.7143,2.897249,1.443376,11.54701,2.860376,1.707469,11.55577,1,0,3.7158067079548327,3.569235830903556,0.146570877051277,13.262590442744171,0.4285714285714285,0.4285714285714285,1.5924885891234997,1.5296724989586663,0.2020305089104421,1.4489795918367343,0.9864917755186928,0.4285714285714285,0.4285714285714285,0.0,0.0,0.0,0.0,1.0410650580641294,0.040238852653798514,13.083436393839945,2.679447896618371,0.18367346938775503,0.0,0.0,0.0,0.0,0.0,2.4359859996877047,480000.01,41436.74344898,75821.4325,2.4030801539706013,3.6425212694291944,0.17915404890422737,1.0,1.0,14.069928169358636,0.0,0.18119236693200474,2.435985999687704,0.0,2.4359859996877047,0.06281609016483336
0.225564,75.0,800.0,5.0,63.0,21700.0,44.862,50.0,0.0,0.0,1.0,7.0,1.0,1.0,5.142692,74.87634,90.0,90.0,5.932914,120.4948,120.2024,89.39748,0.428571,0.276986,33.71025,1.708366,275.0,275.7143,685.7143,201.4286,700.0,205.7143,2.897249,1.443376,11.54701,2.860376,1.707469,11.55577,1,0,3.7158067079548327,3.569235830903556,0.146570877051277,13.262590442744171,0.4285714285714285,0.4285714285714285,1.5924885891234997,1.5296724989586663,0.2020305089104421,1.4489795918367343,0.9864917755186928,0.4285714285714285,0.4285714285714285,0.0,0.0,0.0,0.0,1.0410650580641294,0.040238852653798514,13.083436393839945,2.679447896618371,0.18367346938775503,0.0,0.0,0.0,0.0,0.0,2.4359859996877047,480000.01,41436.74344898,75821.4325,2.4030801539706013,3.6425212694291944,0.17915404890422737,1.0,1.0,14.069928169358636,0.0,0.18119236693200474,2.435985999687704,0.0,2.4359859996877047,0.06281609016483336
0.434153,50.0,793.0,5.0,98.5,13200.0,46.295,833.0,0.0,0.0,1.0,4.8,1.0,1.0,5.932914,120.4948,120.2024,89.39748,0.0,0.0,0.0,0.0,0.428571,0.552809,66.83057,1.0,275.7143,0.0,700.0,205.7143,0.0,0.0,2.860376,1.707469,11.55577,0.0,-2.22e-16,0.0,0,0,3.569235830903556,0.0,3.569235830903556,0.0,0.4285714285714285,0.0,1.5296724989586663,0.0,1.1952286093343936,0.0,0.0,0.4285714285714285,0.0,0.0,0.0,0.4285714285714285,0.0,356923584.0903556,1.9999999887931195,0.0,0.0,0.0,0.0,0.5122408325718829,0.0,0.0,0.0,0.0,0.0,0.0,0.0,0.0,1.784617915451778,0.0,0.5714285714285715,1.0,0.0,1.5296724989586665,0.0,0.0,0.0,0.0,1.5296724989586663
0.272727,50.0,825.0,5.0,83.3,8310.0,50.8,961.2,0.0,0.0,1.0,3.8,1.0,1.0,5.932914,120.4948,120.2024,89.39748,5.996281,60.0,60.0,60.0,0.428571,0.796729,34.39632,1.0,275.7143,276.1429,700.0,205.7143,714.2857,207.8571,2.860376,1.707469,11.55577,2.838877,2.039608,11.56632,1,0,3.569235830903556,3.420013513551952,0.1492223173516036,12.20683477474399,0.4285714285714285,0.4285714285714285,1.5296724989586663,1.4657200772365508,0.2020305089104421,1.4081632653061225,0.9857142857142858,0.4285714285714285,0.4285714285714285,0.0,0.0,0.0,0.0,1.0436320840031723,0.04270052750170508,12.032451420819077,2.4661530417272104,0.18367346938775503,0.0,0.0,0.0,0.0,0.0,2.242071693320324,499999.99,42759.17782653,76136.54637346999,2.210042097701462,3.4946246722277543,0.17438335392491353,1.0,1.0,13.018165706533363,0.0,0.18104956268221567,2.242071693320324,0.0,2.242071693320324,0.06395242172211546
0.035629,50.0,594.0,5.0,75.3,251.0,15.813,280.8268,0.0,0.0,1.0,2.114,1.0,1.0,5.996281,60.0,60.0,60.0,0.0,0.0,0.0,0.0,0.428571,0.632867,49.5307,1.0,276.1429,0.0,714.2857,207.8571,0.0,0.0,2.838877,2.039608,11.56632,0.0,-2.22e-16,0.0,0,0,3.420013513551952,0.0,3.420013513551952,0.0,0.4285714285714285,0.0,1.4657200772365508,0.0,1.1952286093343936,0.0,0.0,0.4285714285714285,0.0,0.0,0.0,0.4285714285714285,0.0,342001352.35519516,1.99999998830414,0.0,0.0,0.0,0.0,0.5122408325718829,0.0,0.0,0.0,0.0,0.0,0.0,0.0,0.0,1.710006756775976,0.0,0.5714285714285715,1.0,0.0,1.4657200772365506,0.0,0.0,0.0,0.0,1.4657200772365508
0.25,50.0,825.0,5.0,86.3,3010.0,38.835,830.0,0.0,0.0,1.0,5.6,1.0,1.0,5.996281,60.0,60.0,60.0,5.932914,120.4948,120.2024,89.39748,0.428571,0.797897,34.76369,1.0,276.1429,275.7143,714.2857,207.8571,700.0,205.7143,2.838877,2.039608,11.56632,2.860376,1.707469,11.55577,1,0,3.420013513551952,3.569235830903556,0.1492223173516036,12.20683477474399,0.4285714285714285,0.4285714285714285,1.4657200772365508,1.5296724989586663,0.2020305089104421,1.4081632653061225,0.9857142857142858,0.4285714285714285,0.4285714285714285,0.0,0.0,0.0,0.0,0.9581920825624601,0.04270052750170508,12.032451420819077,2.4661530417272104,0.18367346938775503,0.0,0.0,0.0,0.0,0.0,2.242071693320324,499999.99,42759.17782653,76136.54637346999,2.210042097701462,3.4946246722277543,0.17438335392491353,1.0,1.0,13.018165706533363,0.0,0.18104956268221567,2.242071693320324,0.0,2.242071693320324,0.06395242172211546
0.75,50.0,573.0,5.0,6.7,3230.0,2.18,1020.0,0.0,0.845,1.0,5.0,1.0,1.0,6.055896,59.84436,59.34137,60.17588,3.788512,90.0,90.0,90.0,0.416667,0.841561,45.37401,1.000956,271.0,279.6,671.4286,192.8571,680.0,188.0,3.126748,1.311577,11.58685,2.820943,1.440876,12.24745,1,0,3.861106750459584,3.656648069074256,0.2044586813853279,14.118708543557617,0.4285714285714285,0.4,1.6547600359112502,1.4626592276297026,0.1851640199545103,1.457142857142857,0.9888475862700886,0.4285714285714285,0.4,0.0,0.0,0.0285714285714285,0.0,1.055914235377305,0.054393548539288614,13.961250864547827,2.6142768304912174,0.1714285714285714,0.0,0.005290400570128853,0.0,0.0,0.0,2.4203500360384482,456571.448,36257.1348,75771.6,2.3933572910653416,3.75887740976692,0.15745767900978908,0.9714285714285715,1.0,14.522952780794547,0.005841676611009355,0.1695167290748723,2.4203500360384482,0.0,2.4203500360384482,0.19210080828154763
0.6,50.0,573.0,5.0,7.2,3100.0,2.045,1030.0,0.0,0.676,1.0,5.0,1.0,1.0,6.055896,59.84436,59.34137,60.17588,3.788512,90.0,90.0,90.0,0.416667,0.841561,45.37401,1.000956,271.0,279.6,671.4286,192.8571,680.0,188.0,3.126748,1.311577,11.58685,2.820943,1.440876,12.24745,1,0,3.861106750459584,3.656648069074256,0.2044586813853279,14.118708543557617,0.4285714285714285,0.4,1.6547600359112502,1.4626592276297026,0.1851640199545103,1.457142857142857,0.9888475862700886,0.4285714285714285,0.4,0.0,0.0,0.0285714285714285,0.0,1.055914235377305,0.054393548539288614,13.961250864547827,2.6142768304912174,0.1714285714285714,0.0,0.005290400570128853,0.0,0.0,0.0,2.4203500360384482,456571.448,36257.1348,75771.6,2.3933572910653416,3.75887740976692,0.15745767900978908,0.9714285714285715,1.0,14.522952780794547,0.005841676611009355,0.1695167290748723,2.4203500360384482,0.0,2.4203500360384482,0.19210080828154763
0.5,50.0,573.0,5.0,7.5,3370.0,2.45,1110.0,0.0,0.591,1.0,5.0,1.0,1.0,6.055896,59.84436,59.34137,60.17588,3.788512,90.0,90.0,90.0,0.416667,0.841561,45.37401,1.000956,271.0,279.6,671.4286,192.8571,680.0,188.0,3.126748,1.311577,11.58685,2.820943,1.440876,12.24745,1,0,3.861106750459584,3.656648069074256,0.2044586813853279,14.118708543557617,0.4285714285714285,0.4,1.6547600359112502,1.4626592276297026,0.1851640199545103,1.457142857142857,0.9888475862700886,0.4285714285714285,0.4,0.0,0.0,0.0285714285714285,0.0,1.055914235377305,0.054393548539288614,13.961250864547827,2.6142768304912174,0.1714285714285714,0.0,0.005290400570128853,0.0,0.0,0.0,2.4203500360384482,456571.448,36257.1348,75771.6,2.3933572910653416,3.75887740976692,0.15745767900978908,0.9714285714285715,1.0,14.522952780794547,0.005841676611009355,0.1695167290748723,2.4203500360384482,0.0,2.4203500360384482,0.19210080828154763
0.5,50.0,573.0,5.0,8.3,3100.0,3.06,1110.0,0.0,0.92957,1.0,5.0,1.0,1.0,6.055896,59.84436,59.34137,60.17588,3.788512,90.0,90.0,90.0,0.416667,0.841561,45.37401,1.000956,271.0,279.6,671.4286,192.8571,680.0,188.0,3.126748,1.311577,11.58685,2.820943,1.440876,12.24745,1,0,3.861106750459584,3.656648069074256,0.2044586813853279,14.118708543557617,0.4285714285714285,0.4,1.6547600359112502,1.4626592276297026,0.1851640199545103,1.457142857142857,0.9888475862700886,0.4285714285714285,0.4,0.0,0.0,0.0285714285714285,0.0,1.055914235377305,0.054393548539288614,13.961250864547827,2.6142768304912174,0.1714285714285714,0.0,0.005290400570128853,0.0,0.0,0.0,2.4203500360384482,456571.448,36257.1348,75771.6,2.3933572910653416,3.75887740976692,0.15745767900978908,0.9714285714285715,1.0,14.522952780794547,0.005841676611009355,0.1695167290748723,2.4203500360384482,0.0,2.4203500360384482,0.19210080828154763
0.166667,20.0,858.0,5.0,80.88,400.0,19.35,769.0,0.0,0.0,1.0,5.0,1.0,1.0,5.142692,74.87634,90.0,90.0,0.0,0.0,0.0,0.0,0.428571,0.862471,140.2505,1.708366,275.0,0.0,685.7143,201.4286,0.0,0.0,2.897249,1.443376,11.54701,0.0,-2.22e-16,0.0,0,0,3.7158067079548327,0.0,3.7158067079548327,0.0,0.4285714285714285,0.0,1.5924885891234997,0.0,1.228903609577518,0.0,0.0,0.4285714285714285,0.0,0.0,0.0,0.4285714285714285,0.0,371580671.79548323,1.9999999892351776,0.0,0.0,0.0,0.0,0.5266729755332219,0.0,0.0,0.0,0.0,0.0,0.0,0.0,0.0,1.8579033539774163,0.0,0.5714285714285715,1.0,0.0,1.5924885891234994,0.0,0.0,0.0,0.0,1.5924885891234997
0.2,20.0,858.0,5.0,109.0,1700.0,100.0,280.0,0.0,0.0,1.0,5.0,1.0,1.0,6.223665,82.94196,82.94196,42.45986,5.142692,74.87634,90.0,90.0,0.571429,0.815171,52.59393,0.801718,203.5714,275.0,685.7143,478.5714,685.7143,201.4286,1.597782,2.635231,0.283189,2.897249,1.443376,11.54701,1,0,4.3073930967605945,3.7158067079548327,0.5915863888057618,16.00544016274136,0.7142857142857143,0.4285714285714285,3.076709354828996,1.5924885891234997,0.6998542122237652,1.306122448979592,0.8423970023882501,0.7142857142857143,0.4285714285714285,0.0,0.0,0.2857142857142857,0.0,1.1592080626656946,0.14746894050510442,13.482934814997826,11.201474716389965,0.3061224489795918,0.0,0.19995834634964718,0.0,0.0,0.0,4.899624539614701,470204.10122449,96397.96710204,55982.135,4.1274290249993335,4.011599902357713,2.522505347743532,0.7142857142857142,1.0,10.23237986956148,0.16902468251593192,0.25787663338415817,4.899624539614701,0.0,4.899624539614701,1.4842207657054964
0.25,20.0,520.0,5.0,122.8,1400.0,100.0,147.0,0.0,0.0,1.0,5.0,1.0,1.0,6.223665,82.94196,82.94196,42.45986,0.0,0.0,0.0,0.0,0.714286,0.785804,25.06562,0.801718,203.5714,0.0,685.7143,478.5714,0.0,0.0,1.597782,2.635231,0.283189,0.0,-2.22e-16,0.0,0,0,4.3073930967605945,0.0,4.3073930967605945,0.0,0.7142857142857143,0.0,3.076709354828996,0.0,1.261680123761121,0.0,0.0,0.7142857142857143,0.0,0.0,0.0,0.7142857142857143,0.0,430739310.6760594,1.9999999907136408,0.0,0.0,0.0,0.0,0.9012000884008008,0.0,0.0,0.0,0.0,0.0,0.0,0.0,0.0,2.1536965483802972,0.0,0.2857142857142857,1.0,0.0,3.076709354828996,0.0,0.0,0.0,0.0,3.076709354828996
0.206897,30.0,970.0,5.0,94.0,414.0,16.26101,1115.58,0.0,0.0,1.0,3.0,1.0,1.0,4.332798,131.8647,131.8647,70.44275,0.0,0.0,0.0,0.0,1.0,0.716432,83.95267,1.0,189.0,0.0,950.0,503.75,0.0,0.0,0.183286,0.911606,0.38681,0.0,-2.22e-16,0.0,0,0,3.346065214951232,0.0,3.346065214951232,0.0,1.0,0.0,3.346065214951232,0.0,1.274754878398196,0.0,0.0,1.0,0.0,0.0,0.0,1.0,0.0,334606522.4951232,1.9999999880456605,0.0,0.0,0.0,0.0,1.274754878398196,0.0,0.0,0.0,0.0,0.0,0.0,0.0,0.0,1.673032607475616,0.0,0.0,1.0,0.0,3.346065214951232,0.0,0.0,0.0,0.0,3.346065214951232
0.138122,30.0,630.0,5.0,57.0,174.0,0.834612,188.886,0.0,0.0,1.0,3.0,1.0,1.0,4.332798,131.8647,131.8647,70.44275,2.790102,90.0,90.0,120.0,0.8,0.850647,84.67433,1.0,189.0,216.0,950.0,503.75,600.0,460.0,0.183286,0.911606,0.38681,0.0,-2.22e-16,0.0,1,0,3.346065214951232,6.928203230275509,3.582138015324277,23.18221983093764,1.0,1.0,3.346065214951232,6.928203230275509,1.9039432764659767,0.0,0.0,1.0,1.0,0.0,0.0,0.0,0.0,0.48296291389081303,0.6973027865580935,0.0,44.137631580669954,1.0,0.0,0.0,0.0,0.0,0.0,23.18221983093764,570000.0,231725.0,40824.0,0.0,5.137134222613371,23.18221983093764,1.0,1.0,0.0,0.0,0.0,23.18221983093764,0.0,23.18221983093764,3.5821380153242766
0.405405,30.0,723.0,5.0,183.0,742.0,6.864365,300.678,0.0,0.0,1.0,3.0,0.805996,1.0,4.465015,78.36059,88.94563,76.81472,0.0,0.0,0.0,0.0,0.6875,0.343832,146.3517,1.054911,205.5,0.0,675.0,479.375,0.0,0.0,1.623985,2.74674,0.290073,0.0,-2.22e-16,0.0,0,0,4.251931872810054,0.0,4.251931872810054,0.0,0.6875,0.0,2.9232031625569124,0.0,1.253121103485214,0.0,0.0,0.6875,0.0,0.0,0.0,0.6875,0.0,425193188.28100544,1.9999999905925117,0.0,0.0,0.0,0.0,0.8615207586460847,0.0,0.0,0.0,0.0,0.0,0.0,0.0,0.0,2.125965936405027,0.0,0.3125,1.0,0.0,2.9232031625569124,0.0,0.0,0.0,0.0,2.9232031625569124
0.157398,30.0,240.0,300.0,162.0,423.0,0.2267,110.78,0.0,0.0,1.0,0.0,1.0,1.0,4.861035,71.38746,71.38746,77.38746,2.790102,90.0,90.0,120.0,0.647059,0.957019,11.72978,1.021289,205.5,216.0,675.0,479.375,600.0,460.0,1.623985,2.74674,0.290073,0.0,-2.22e-16,0.0,1,0,4.251931872810054,6.928203230275509,2.6762713574654544,29.45824813611401,0.6875,1.0,2.9232031625569124,6.928203230275509,1.889527057228872,0.0,0.0,0.6875,1.0,0.0,0.0,0.3125,0.0,0.6137135033932651,0.4787547427650124,0.0,55.662156911749406,0.6875,0.0,0.5904772053840225,0.0,0.0,0.0,20.252545593578382,405000.0,220512.5,44388.0,0.0,5.590067551542782,29.45824813611401,0.6875,1.0,0.0,0.8363347992079545,0.0,20.252545593578382,0.0,20.252545593578382,4.005000067718596
0.391645,30.0,723.0,5.0,108.0,605.0,6.864365,305.046,0.0,0.0,1.0,3.0,0.805996,1.0,4.465015,78.36059,88.94563,76.81472,0.0,0.0,0.0,0.0,0.6875,0.343832,146.3517,1.054911,205.5,0.0,675.0,479.375,0.0,0.0,1.623985,2.74674,0.290073,0.0,-2.22e-16,0.0,0,0,4.251931872810054,0.0,4.251931872810054,0.0,0.6875,0.0,2.9232031625569124,0.0,1.253121103485214,0.0,0.0,0.6875,0.0,0.0,0.0,0.6875,0.0,425193188.28100544,1.9999999905925117,0.0,0.0,0.0,0.0,0.8615207586460847,0.0,0.0,0.0,0.0,0.0,0.0,0.0,0.0,2.125965936405027,0.0,0.3125,1.0,0.0,2.9232031625569124,0.0,0.0,0.0,0.0,2.9232031625569124
0.206327,30.0,240.0,300.0,97.0,247.0,0.2203,101.809,0.0,0.0,1.0,0.0,1.0,1.0,4.861035,71.38746,71.38746,77.38746,2.790102,90.0,90.0,120.0,0.647059,0.957019,11.72978,1.021289,205.5,216.0,675.0,479.375,600.0,460.0,1.623985,2.74674,0.290073,0.0,-2.22e-16,0.0,1,0,4.251931872810054,6.928203230275509,2.6762713574654544,29.45824813611401,0.6875,1.0,2.9232031625569124,6.928203230275509,1.889527057228872,0.0,0.0,0.6875,1.0,0.0,0.0,0.3125,0.0,0.6137135033932651,0.4787547427650124,0.0,55.662156911749406,0.6875,0.0,0.5904772053840225,0.0,0.0,0.0,20.252545593578382,405000.0,220512.5,44388.0,0.0,5.590067551542782,29.45824813611401,0.6875,1.0,0.0,0.8363347992079545,0.0,20.252545593578382,0.0,20.252545593578382,4.005000067718596
0.25,20.0,1388.0,50.0,116.78,6483.63,86.0,803.95,0.0,4.54,1.0,5.0,1.0,1.0,2.48976,60.0,60.0,60.0,3.011828,107.295,89.50258,120.0378,0.666667,0.317406,344.237,1.0,188.0,266.0,900.0,500.0,750.0,250.0,0.0,0.0,0.0,2.932331,2.0,10.0,1,0,3.872983346207417,3.350705235476804,0.5222781107306131,12.977225575051664,1.0,0.5,3.872983346207417,1.675352617738402,0.7071067811865476,1.5,0.8660254037844388,1.0,0.5,0.0,0.0,0.5,0.0,1.1558710995052903,0.14460150195534252,11.238607018635863,9.176284205106526,0.5,0.0,0.3535533905932738,0.0,0.0,0.0,6.488612787525832,675000.0,125000.0,50008.0,5.619303509317931,3.6118442908421104,1.7386185564158003,0.5,1.0,6.052316211210151,0.26113905536530657,0.4330127018922194,6.488612787525832,0.0,6.488612787525832,2.197630728469015
0.25,20.0,1388.0,100.0,109.0,5296.52,77.67,211.8065,0.0,0.0,1.0,5.0,1.0,1.0,2.48976,60.0,60.0,60.0,3.011828,107.295,89.50258,120.0378,0.666667,0.317406,344.237,1.0,188.0,266.0,900.0,500.0,750.0,250.0,0.0,0.0,0.0,2.932331,2.0,10.0,1,0,3.872983346207417,3.350705235476804,0.5222781107306131,12.977225575051664,1.0,0.5,3.872983346207417,1.675352617738402,0.7071067811865476,1.5,0.8660254037844388,1.0,0.5,0.0,0.0,0.5,0.0,1.1558710995052903,0.14460150195534252,11.238607018635863,9.176284205106526,0.5,0.0,0.3535533905932738,0.0,0.0,0.0,6.488612787525832,675000.0,125000.0,50008.0,5.619303509317931,3.6118442908421104,1.7386185564158003,0.5,1.0,6.052316211210151,0.26113905536530657,0.4330127018922194,6.488612787525832,0.0,6.488612787525832,2.197630728469015
0.25,20.0,1388.0,150.0,110.79,4068.0,69.88,126.63,0.0,0.0,1.0,5.0,1.0,1.0,2.48976,60.0,60.0,60.0,3.011828,107.295,89.50258,120.0378,0.666667,0.317406,344.237,1.0,188.0,266.0,900.0,500.0,750.0,250.0,0.0,0.0,0.0,2.932331,2.0,10.0,1,0,3.872983346207417,3.350705235476804,0.5222781107306131,12.977225575051664,1.0,0.5,3.872983346207417,1.675352617738402,0.7071067811865476,1.5,0.8660254037844388,1.0,0.5,0.0,0.0,0.5,0.0,1.1558710995052903,0.14460150195534252,11.238607018635863,9.176284205106526,0.5,0.0,0.3535533905932738,0.0,0.0,0.0,6.488612787525832,675000.0,125000.0,50008.0,5.619303509317931,3.6118442908421104,1.7386185564158003,0.5,1.0,6.052316211210151,0.26113905536530657,0.4330127018922194,6.488612787525832,0.0,6.488612787525832,2.197630728469015
0.25,20.0,1388.0,200.0,112.49,3262.816,66.47,128.528,0.0,0.0,1.0,5.0,1.0,1.0,2.48976,60.0,60.0,60.0,3.011828,107.295,89.50258,120.0378,0.666667,0.317406,344.237,1.0,188.0,266.0,900.0,500.0,750.0,250.0,0.0,0.0,0.0,2.932331,2.0,10.0,1,0,3.872983346207417,3.350705235476804,0.5222781107306131,12.977225575051664,1.0,0.5,3.872983346207417,1.675352617738402,0.7071067811865476,1.5,0.8660254037844388,1.0,0.5,0.0,0.0,0.5,0.0,1.1558710995052903,0.14460150195534252,11.238607018635863,9.176284205106526,0.5,0.0,0.3535533905932738,0.0,0.0,0.0,6.488612787525832,675000.0,125000.0,50008.0,5.619303509317931,3.6118442908421104,1.7386185564158003,0.5,1.0,6.052316211210151,0.26113905536530657,0.4330127018922194,6.488612787525832,0.0,6.488612787525832,2.197630728469015
0.25,20.0,1388.0,300.0,118.45,1991.5,66.96,43.5,0.0,0.0,1.0,5.0,1.0,1.0,2.48976,60.0,60.0,60.0,3.011828,107.295,89.50258,120.0378,0.666667,0.317406,344.237,1.0,188.0,266.0,900.0,500.0,750.0,250.0,0.0,0.0,0.0,2.932331,2.0,10.0,1,0,3.872983346207417,3.350705235476804,0.5222781107306131,12.977225575051664,1.0,0.5,3.872983346207417,1.675352617738402,0.7071067811865476,1.5,0.8660254037844388,1.0,0.5,0.0,0.0,0.5,0.0,1.1558710995052903,0.14460150195534252,11.238607018635863,9.176284205106526,0.5,0.0,0.3535533905932738,0.0,0.0,0.0,6.488612787525832,675000.0,125000.0,50008.0,5.619303509317931,3.6118442908421104,1.7386185564158003,0.5,1.0,6.052316211210151,0.26113905536530657,0.4330127018922194,6.488612787525832,0.0,6.488612787525832,2.197630728469015
0.06,50.0,1388.0,5.0,63.415,395.247,52.2,50.685,0.0,0.0,1.0,5.0,1.0,1.0,3.011828,107.295,89.50258,120.0378,2.48976,60.0,60.0,60.0,0.666667,0.738144,418.1126,1.757954,266.0,188.0,750.0,250.0,900.0,500.0,2.932331,2.0,10.0,0.0,-2.22e-16,0.0,1,0,3.350705235476804,3.872983346207417,0.5222781107306131,12.977225575051664,0.5,1.0,1.675352617738402,3.872983346207417,0.7071067811865476,1.5,0.8660254037844388,0.5,1.0,0.0,0.0,0.5,0.0,0.8651483720182962,0.14460150195534252,11.238607018635863,9.176284205106526,0.5,0.0,0.3535533905932738,0.0,0.0,0.0,6.488612787525832,675000.0,125000.0,50008.0,5.619303509317931,3.6118442908421104,1.7386185564158003,0.5,1.0,6.052316211210151,0.26113905536530657,0.4330127018922194,6.488612787525832,0.0,6.488612787525832,2.197630728469015
0.048387,50.0,1388.0,5.0,21.14,1111.386,29.26,253.3855,0.0,0.0,1.0,5.0,1.0,1.0,2.48976,60.0,60.0,60.0,3.011828,107.295,89.50258,120.0378,0.666667,0.829352,344.237,1.0,188.0,266.0,900.0,500.0,750.0,250.0,0.0,0.0,0.0,2.932331,2.0,10.0,1,0,3.872983346207417,3.350705235476804,0.5222781107306131,12.977225575051664,1.0,0.5,3.872983346207417,1.675352617738402,0.7071067811865476,1.5,0.8660254037844388,1.0,0.5,0.0,0.0,0.5,0.0,1.1558710995052903,0.14460150195534252,11.238607018635863,9.176284205106526,0.5,0.0,0.3535533905932738,0.0,0.0,0.0,6.488612787525832,675000.0,125000.0,50008.0,5.619303509317931,3.6118442908421104,1.7386185564158003,0.5,1.0,6.052316211210151,0.26113905536530657,0.4330127018922194,6.488612787525832,0.0,6.488612787525832,2.197630728469015
0.042857,50.0,1388.0,5.0,16.9,952.618,6.725,141.772,0.0,0.465,1.0,5.0,1.0,1.0,3.011828,107.295,89.50258,120.0378,2.48976,60.0,60.0,60.0,0.666667,0.828179,418.1126,1.757954,266.0,188.0,750.0,250.0,900.0,500.0,2.932331,2.0,10.0,0.0,-2.22e-16,0.0,1,0,3.350705235476804,3.872983346207417,0.5222781107306131,12.977225575051664,0.5,1.0,1.675352617738402,3.872983346207417,0.7071067811865476,1.5,0.8660254037844388,0.5,1.0,0.0,0.0,0.5,0.0,0.8651483720182962,0.14460150195534252,11.238607018635863,9.176284205106526,0.5,0.0,0.3535533905932738,0.0,0.0,0.0,6.488612787525832,675000.0,125000.0,50008.0,5.619303509317931,3.6118442908421104,1.7386185564158003,0.5,1.0,6.052316211210151,0.26113905536530657,0.4330127018922194,6.488612787525832,0.0,6.488612787525832,2.197630728469015
0.039474,50.0,1388.0,5.0,15.938,1155.295,5.427,175.635,0.0,0.386,1.0,5.0,1.0,1.0,2.48976,60.0,60.0,60.0,3.011828,107.295,89.50258,120.0378,0.666667,0.829352,344.237,1.0,188.0,266.0,900.0,500.0,750.0,250.0,0.0,0.0,0.0,2.932331,2.0,10.0,1,0,3.872983346207417,3.350705235476804,0.5222781107306131,12.977225575051664,1.0,0.5,3.872983346207417,1.675352617738402,0.7071067811865476,1.5,0.8660254037844388,1.0,0.5,0.0,0.0,0.5,0.0,1.1558710995052903,0.14460150195534252,11.238607018635863,9.176284205106526,0.5,0.0,0.3535533905932738,0.0,0.0,0.0,6.488612787525832,675000.0,125000.0,50008.0,5.619303509317931,3.6118442908421104,1.7386185564158003,0.5,1.0,6.052316211210151,0.26113905536530657,0.4330127018922194,6.488612787525832,0.0,6.488612787525832,2.197630728469015
0.036585,50.0,1388.0,5.0,15.0,952.612,4.614,148.635,0.0,0.386,1.0,5.0,1.0,1.0,3.011828,107.295,89.50258,120.0378,2.48976,60.0,60.0,60.0,0.666667,0.725086,418.1126,1.757954,266.0,188.0,750.0,250.0,900.0,500.0,2.932331,2.0,10.0,0.0,-2.22e-16,0.0,1,0,3.350705235476804,3.872983346207417,0.5222781107306131,12.977225575051664,0.5,1.0,1.675352617738402,3.872983346207417,0.7071067811865476,1.5,0.8660254037844388,0.5,1.0,0.0,0.0,0.5,0.0,0.8651483720182962,0.14460150195534252,11.238607018635863,9.176284205106526,0.5,0.0,0.3535533905932738,0.0,0.0,0.0,6.488612787525832,675000.0,125000.0,50008.0,5.619303509317931,3.6118442908421104,1.7386185564158003,0.5,1.0,6.052316211210151,0.26113905536530657,0.4330127018922194,6.488612787525832,0.0,6.488612787525832,2.197630728469015
0.034091,50.0,1388.0,5.0,14.96,986.3925,4.39,162.1195,0.0,0.406,1.0,5.0,1.0,1.0,2.48976,60.0,60.0,60.0,3.011828,107.295,89.50258,120.0378,0.666667,0.726962,344.237,1.0,188.0,266.0,900.0,500.0,750.0,250.0,0.0,0.0,0.0,2.932331,2.0,10.0,1,0,3.872983346207417,3.350705235476804,0.5222781107306131,12.977225575051664,1.0,0.5,3.872983346207417,1.675352617738402,0.7071067811865476,1.5,0.8660254037844388,1.0,0.5,0.0,0.0,0.5,0.0,1.1558710995052903,0.14460150195534252,11.238607018635863,9.176284205106526,0.5,0.0,0.3535533905932738,0.0,0.0,0.0,6.488612787525832,675000.0,125000.0,50008.0,5.619303509317931,3.6118442908421104,1.7386185564158003,0.5,1.0,6.052316211210151,0.26113905536530657,0.4330127018922194,6.488612787525832,0.0,6.488612787525832,2.197630728469015
0.211268,80.0,858.0,100.0,0.5626,1956.331,0.05492,1369.513,0.0,0.0,1.0,2.0,1.0,1.0,5.142692,74.87634,90.0,90.0,3.011828,107.295,89.50258,120.0378,0.444444,0.488889,106.396,1.708366,275.0,266.0,685.7143,201.4286,750.0,250.0,2.897249,1.443376,11.54701,2.932331,2.0,10.0,1,0,3.7158067079548327,3.350705235476804,0.3651014724780288,12.450572990364083,0.4285714285714285,0.5,1.5924885891234997,1.675352617738402,0.662401321106836,1.2857142857142856,0.8542421961772493,0.4285714285714285,0.5,0.0,0.0,0.0714285714285714,0.0,1.1089625752581156,0.10333286757805993,10.635804814953756,8.247275997354258,0.21428571428571425,0.0,0.04731438007905969,0.0,0.0,0.0,2.6679799265065895,514285.725,50357.149999999994,73150.0,2.2791010317758045,3.5332559717158185,1.8147681754103269,0.9285714285714285,1.0,10.66932936747879,0.026078676605573475,0.18305189918083908,2.6679799265065887,0.0,2.6679799265065895,0.08286402861490227
0.139535,80.0,858.0,200.0,9.1118,499.93,16.70509,57.07,0.0,0.0,1.0,2.0,1.0,1.0,5.142692,74.87634,90.0,90.0,3.011828,107.295,89.50258,120.0378,0.444444,0.488889,106.396,1.708366,275.0,266.0,685.7143,201.4286,750.0,250.0,2.897249,1.443376,11.54701,2.932331,2.0,10.0,1,0,3.7158067079548327,3.350705235476804,0.3651014724780288,12.450572990364083,0.4285714285714285,0.5,1.5924885891234997,1.675352617738402,0.662401321106836,1.2857142857142856,0.8542421961772493,0.4285714285714285,0.5,0.0,0.0,0.0714285714285714,0.0,1.1089625752581156,0.10333286757805993,10.635804814953756,8.247275997354258,0.21428571428571425,0.0,0.04731438007905969,0.0,0.0,0.0,2.6679799265065895,514285.725,50357.149999999994,73150.0,2.2791010317758045,3.5332559717158185,1.8147681754103269,0.9285714285714285,1.0,10.66932936747879,0.026078676605573475,0.18305189918083908,2.6679799265065887,0.0,2.6679799265065895,0.08286402861490227
0.102273,80.0,730.0,300.0,0.7025,9025.0,0.057,1375.0,0.0,0.008,1.0,1.0,0.516643,1.0,3.957177,90.0,90.0,90.0,0.0,0.0,0.0,0.0,0.4,0.959459,138.3562,1.0,243.0,0.0,520.0,94.0,0.0,0.0,3.403618,2.686808,19.49359,0.0,-2.22e-16,0.0,0,0,3.0232623334747606,0.0,3.0232623334747606,0.0,0.2,0.0,0.6046524666949522,0.0,1.2,0.0,0.0,0.4,0.0,0.0,0.0,0.4,0.0,302326234.34747607,1.9999999867692595,0.0,0.0,0.0,0.0,0.48,0.0,0.0,0.0,0.0,0.0,0.0,0.0,0.0,1.5116311667373803,0.0,0.6,1.0,0.0,1.2093049333899044,0.0,0.0,0.0,0.0,0.6046524666949522
0.102273,80.0,730.0,300.0,0.6749,8025.0,0.051,1125.0,0.0,0.0,1.0,2.0,0.516643,1.0,3.957177,90.0,90.0,90.0,0.0,0.0,0.0,0.0,0.4,0.959459,138.3562,1.0,243.0,0.0,520.0,94.0,0.0,0.0,3.403618,2.686808,19.49359,0.0,-2.22e-16,0.0,0,0,3.0232623334747606,0.0,3.0232623334747606,0.0,0.2,0.0,0.6046524666949522,0.0,1.2,0.0,0.0,0.4,0.0,0.0,0.0,0.4,0.0,302326234.34747607,1.9999999867692595,0.0,0.0,0.0,0.0,0.48,0.0,0.0,0.0,0.0,0.0,0.0,0.0,0.0,1.5116311667373803,0.0,0.6,1.0,0.0,1.2093049333899044,0.0,0.0,0.0,0.0,0.6046524666949522
0.102273,80.0,730.0,300.0,0.6749,7875.0,0.049,1125.0,0.0,0.002,1.0,3.0,0.516643,1.0,3.957177,90.0,90.0,90.0,0.0,0.0,0.0,0.0,0.4,0.959459,138.3562,1.0,243.0,0.0,520.0,94.0,0.0,0.0,3.403618,2.686808,19.49359,0.0,-2.22e-16,0.0,0,0,3.0232623334747606,0.0,3.0232623334747606,0.0,0.2,0.0,0.6046524666949522,0.0,1.2,0.0,0.0,0.4,0.0,0.0,0.0,0.4,0.0,302326234.34747607,1.9999999867692595,0.0,0.0,0.0,0.0,0.48,0.0,0.0,0.0,0.0,0.0,0.0,0.0,0.0,1.5116311667373803,0.0,0.6,1.0,0.0,1.2093049333899044,0.0,0.0,0.0,0.0,0.6046524666949522
0.102273,80.0,730.0,300.0,0.704,7725.0,0.049,1175.0,0.0,0.002,1.0,4.0,0.516643,1.0,3.957177,90.0,90.0,90.0,0.0,0.0,0.0,0.0,0.4,0.959459,138.3562,1.0,243.0,0.0,520.0,94.0,0.0,0.0,3.403618,2.686808,19.49359,0.0,-2.22e-16,0.0,0,0,3.0232623334747606,0.0,3.0232623334747606,0.0,0.2,0.0,0.6046524666949522,0.0,1.2,0.0,0.0,0.4,0.0,0.0,0.0,0.4,0.0,302326234.34747607,1.9999999867692595,0.0,0.0,0.0,0.0,0.48,0.0,0.0,0.0,0.0,0.0,0.0,0.0,0.0,1.5116311667373803,0.0,0.6,1.0,0.0,1.2093049333899044,0.0,0.0,0.0,0.0,0.6046524666949522
0.102273,80.0,730.0,300.0,0.6749,7550.0,0.047,1000.0,0.0,0.004,1.0,5.0,0.516643,1.0,3.957177,90.0,90.0,90.0,0.0,0.0,0.0,0.0,0.4,0.959459,138.3562,1.0,243.0,0.0,520.0,94.0,0.0,0.0,3.403618,2.686808,19.49359,0.0,-2.22e-16,0.0,0,0,3.0232623334747606,0.0,3.0232623334747606,0.0,0.2,0.0,0.6046524666949522,0.0,1.2,0.0,0.0,0.4,0.0,0.0,0.0,0.4,0.0,302326234.34747607,1.9999999867692595,0.0,0.0,0.0,0.0,0.48,0.0,0.0,0.0,0.0,0.0,0.0,0.0,0.0,1.5116311667373803,0.0,0.6,1.0,0.0,1.2093049333899044,0.0,0.0,0.0,0.0,0.6046524666949522
0.102273,80.0,730.0,300.0,0.708,7300.0,0.0485,1050.0,0.0,0.006,1.0,6.0,0.516643,1.0,3.957177,90.0,90.0,90.0,0.0,0.0,0.0,0.0,0.4,0.959459,138.3562,1.0,243.0,0.0,520.0,94.0,0.0,0.0,3.403618,2.686808,19.49359,0.0,-2.22e-16,0.0,0,0,3.0232623334747606,0.0,3.0232623334747606,0.0,0.2,0.0,0.6046524666949522,0.0,1.2,0.0,0.0,0.4,0.0,0.0,0.0,0.4,0.0,302326234.34747607,1.9999999867692595,0.0,0.0,0.0,0.0,0.48,0.0,0.0,0.0,0.0,0.0,0.0,0.0,0.0,1.5116311667373803,0.0,0.6,1.0,0.0,1.2093049333899044,0.0,0.0,0.0,0.0,0.6046524666949522
0.102273,80.0,730.0,300.0,0.71,9215.75,0.0489,393.25,0.0,0.0028,1.0,6.5,0.516643,1.0,3.957177,90.0,90.0,90.0,0.0,0.0,0.0,0.0,0.4,0.959459,138.3562,1.0,243.0,0.0,520.0,94.0,0.0,0.0,3.403618,2.686808,19.49359,0.0,-2.22e-16,0.0,0,0,3.0232623334747606,0.0,3.0232623334747606,0.0,0.2,0.0,0.6046524666949522,0.0,1.2,0.0,0.0,0.4,0.0,0.0,0.0,0.4,0.0,302326234.34747607,1.9999999867692595,0.0,0.0,0.0,0.0,0.48,0.0,0.0,0.0,0.0,0.0,0.0,0.0,0.0,1.5116311667373803,0.0,0.6,1.0,0.0,1.2093049333899044,0.0,0.0,0.0,0.0,0.6046524666949522
0.102273,50.0,730.0,300.0,0.45,849.26,0.016,213.0,0.0,0.0,1.0,0.0,0.516643,1.0,3.957177,90.0,90.0,90.0,0.0,0.0,0.0,0.0,0.4,0.959459,138.3562,1.0,243.0,0.0,520.0,94.0,0.0,0.0,3.403618,2.686808,19.49359,0.0,-2.22e-16,0.0,0,0,3.0232623334747606,0.0,3.0232623334747606,0.0,0.2,0.0,0.6046524666949522,0.0,1.2,0.0,0.0,0.4,0.0,0.0,0.0,0.4,0.0,302326234.34747607,1.9999999867692595,0.0,0.0,0.0,0.0,0.48,0.0,0.0,0.0,0.0,0.0,0.0,0.0,0.0,1.5116311667373803,0.0,0.6,1.0,0.0,1.2093049333899044,0.0,0.0,0.0,0.0,0.6046524666949522
0.102273,50.0,730.0,300.0,0.55,2754.78,0.028,518.0,0.0,0.067,1.0,1.0,0.516643,1.0,3.957177,90.0,90.0,90.0,0.0,0.0,0.0,0.0,0.4,0.959459,138.3562,1.0,243.0,0.0,520.0,94.0,0.0,0.0,3.403618,2.686808,19.49359,0.0,-2.22e-16,0.0,0,0,3.0232623334747606,0.0,3.0232623334747606,0.0,0.2,0.0,0.6046524666949522,0.0,1.2,0.0,0.0,0.4,0.0,0.0,0.0,0.4,0.0,302326234.34747607,1.9999999867692595,0.0,0.0,0.0,0.0,0.48,0.0,0.0,0.0,0.0,0.0,0.0,0.0,0.0,1.5116311667373803,0.0,0.6,1.0,0.0,1.2093049333899044,0.0,0.0,0.0,0.0,0.6046524666949522
0.697674,20.0,1043.0,10.0,40.991,10778.3,48.9436,1580.0,0.0,3.5438,1.0,5.0,1.0,1.0,4.794962,89.99912,89.99966,90.00034,2.459352,109.4691,109.4671,109.4596,0.5,-2.31026,318.0905,1.43874,61.0,183.0,266.6667,156.6667,800.0,470.0,11.54701,11.54701,11.54701,0.0,-2.22e-16,0.0,1,0,2.787693700234703,4.898979485566356,2.1112857853316527,13.656854249492376,0.3333333333333333,1.0,0.9292312334115675,4.898979485566356,0.9428090415820634,1.3333333333333333,0.7559289460184544,0.3333333333333333,1.0,0.0,0.0,0.6666666666666667,0.0,0.5690355946085516,0.5493366841036732,10.323611438746422,12.875805665989835,0.3333333333333333,0.0,0.628539361054709,0.0,0.0,0.0,4.5522847498307915,213333.36,73633.349,11163.0,3.441203812915474,3.8433365929005294,3.333242810745954,0.33333333333333326,1.0,3.6931801282549577,1.4075238568877686,0.2519763153394848,4.5522847498307915,0.0,4.5522847498307915,3.969748252154788
0.616016,20.0,1043.0,10.0,18.1216,10707.57,16.9119,990.0,0.0,1.632,0.0,70.0,1.0,1.0,4.794962,89.99912,89.99966,90.00034,2.459352,109.4691,109.4671,109.4596,0.5,-1.20256,318.0905,1.43874,61.0,183.0,266.6667,156.6667,800.0,470.0,11.54701,11.54701,11.54701,0.0,-2.22e-16,0.0,1,0,2.787693700234703,4.898979485566356,2.1112857853316527,13.656854249492376,0.3333333333333333,1.0,0.9292312334115675,4.898979485566356,0.9428090415820634,1.3333333333333333,0.7559289460184544,0.3333333333333333,1.0,0.0,0.0,0.6666666666666667,0.0,0.5690355946085516,0.5493366841036732,10.323611438746422,12.875805665989835,0.3333333333333333,0.0,0.628539361054709,0.0,0.0,0.0,4.5522847498307915,213333.36,73633.349,11163.0,3.441203812915474,3.8433365929005294,3.333242810745954,0.33333333333333326,1.0,3.6931801282549577,1.4075238568877686,0.2519763153394848,4.5522847498307915,0.0,4.5522847498307915,3.969748252154788
0.422535,20.0,1659.0,300.0,33.7,1025.62,24.565,153.48,0.0,0.0,1.0,2.0,1.0,1.0,5.072209,90.0,90.0,90.0,0.0,0.0,0.0,0.0,0.5,0.820594,761.2285,1.699306,203.5,0.0,700.0,250.0,0.0,0.0,0.761671,2.857143,10.0,0.0,-2.22e-16,0.0,0,0,3.872983346207417,0.0,3.872983346207417,0.0,0.5,0.0,1.9364916731037085,0.0,1.224744871391589,0.0,0.0,0.5,0.0,0.0,0.0,0.5,0.0,387298335.62074167,1.9999999896720446,0.0,0.0,0.0,0.0,0.6123724356957945,0.0,0.0,0.0,0.0,0.0,0.0,0.0,0.0,1.9364916731037085,0.0,0.5,1.0,0.0,1.9364916731037085,0.0,0.0,0.0,0.0,1.9364916731037085
0.422535,20.0,1659.0,300.0,36.4,1358.528,20.869,75.873,1.0,0.0,1.0,2.0,1.0,1.0,5.072209,90.0,90.0,90.0,0.0,0.0,0.0,0.0,0.5,0.758872,761.2285,1.699306,203.5,0.0,700.0,250.0,0.0,0.0,0.761671,2.857143,10.0,0.0,-2.22e-16,0.0,0,0,3.872983346207417,0.0,3.872983346207417,0.0,0.5,0.0,1.9364916731037085,0.0,1.224744871391589,0.0,0.0,0.5,0.0,0.0,0.0,0.5,0.0,387298335.62074167,1.9999999896720446,0.0,0.0,0.0,0.0,0.6123724356957945,0.0,0.0,0.0,0.0,0.0,0.0,0.0,0.0,1.9364916731037085,0.0,0.5,1.0,0.0,1.9364916731037085,0.0,0.0,0.0,0.0,1.9364916731037085
0.422535,20.0,1659.0,300.0,43.6,9355.89,25.0,76.89,1.0,0.0,1.0,2.0,1.0,1.0,5.072209,90.0,90.0,90.0,0.0,0.0,0.0,0.0,0.5,0.70778,761.2285,1.699306,203.5,0.0,700.0,250.0,0.0,0.0,0.761671,2.857143,10.0,0.0,-2.22e-16,0.0,0,0,3.872983346207417,0.0,3.872983346207417,0.0,0.5,0.0,1.9364916731037085,0.0,1.224744871391589,0.0,0.0,0.5,0.0,0.0,0.0,0.5,0.0,387298335.62074167,1.9999999896720446,0.0,0.0,0.0,0.0,0.6123724356957945,0.0,0.0,0.0,0.0,0.0,0.0,0.0,0.0,1.9364916731037085,0.0,0.5,1.0,0.0,1.9364916731037085,0.0,0.0,0.0,0.0,1.9364916731037085
0.422535,20.0,1659.0,300.0,46.8,14021.06,26.0,487.043,0.0,0.0,1.0,2.0,1.0,1.0,5.072209,90.0,90.0,90.0,0.0,0.0,0.0,0.0,0.5,0.849418,761.2285,1.699306,203.5,0.0,700.0,250.0,0.0,0.0,0.761671,2.857143,10.0,0.0,-2.22e-16,0.0,0,0,3.872983346207417,0.0,3.872983346207417,0.0,0.5,0.0,1.9364916731037085,0.0,1.224744871391589,0.0,0.0,0.5,0.0,0.0,0.0,0.5,0.0,387298335.62074167,1.9999999896720446,0.0,0.0,0.0,0.0,0.6123724356957945,0.0,0.0,0.0,0.0,0.0,0.0,0.0,0.0,1.9364916731037085,0.0,0.5,1.0,0.0,1.9364916731037085,0.0,0.0,0.0,0.0,1.9364916731037085
0.176471,60.0,858.0,5.0,7.45,1875.236,0.767,1662.94,1.0,0.767,1.0,5.0,1.0,1.0,5.142692,74.87634,90.0,90.0,2.924839,90.0,90.0,120.0,0.444444,0.932161,110.006,1.708366,275.0,267.5,685.7143,201.4286,800.0,257.5,2.897249,1.443376,11.54701,2.859813,2.5,10.0,1,0,3.7158067079548327,2.8284271247461903,0.8873795832086424,10.509888483093292,0.4285714285714285,0.5,1.5924885891234997,1.4142135623730951,0.662401321106836,1.2857142857142856,0.8542421961772493,0.4285714285714285,0.5,0.0,0.0,0.0714285714285714,0.0,1.3137360592774372,0.2711943378497672,8.977990219375593,6.9617640158865175,0.21428571428571425,0.0,0.04731438007905969,0.0,0.0,0.0,2.2521189606628487,548571.44,51867.864499999996,73562.5,1.9238550470090554,3.2721169163505115,1.5318982637176992,0.9285714285714285,1.0,9.129930100156209,0.06338425594347442,0.18305189918083908,2.252118960662848,0.0,2.2521189606628487,0.17827502675040452
0.176471,60.0,858.0,5.0,12.4328,1398.6,0.6705,1220.4,1.0,0.6705,1.0,5.0,1.0,1.0,5.142692,74.87634,90.0,90.0,2.924839,90.0,90.0,120.0,0.444444,0.932161,110.006,1.708366,275.0,267.5,685.7143,201.4286,800.0,257.5,2.897249,1.443376,11.54701,2.859813,2.5,10.0,1,0,3.7158067079548327,2.8284271247461903,0.8873795832086424,10.509888483093292,0.4285714285714285,0.5,1.5924885891234997,1.4142135623730951,0.662401321106836,1.2857142857142856,0.8542421961772493,0.4285714285714285,0.5,0.0,0.0,0.0714285714285714,0.0,1.3137360592774372,0.2711943378497672,8.977990219375593,6.9617640158865175,0.21428571428571425,0.0,0.04731438007905969,0.0,0.0,0.0,2.2521189606628487,548571.44,51867.864499999996,73562.5,1.9238550470090554,3.2721169163505115,1.5318982637176992,0.9285714285714285,1.0,9.129930100156209,0.06338425594347442,0.18305189918083908,2.252118960662848,0.0,2.2521189606628487,0.17827502675040452
0.176471,60.0,858.0,5.0,26.7835,1260.329,0.9171,1116.53,1.0,0.5171,1.0,5.0,1.0,1.0,5.142692,74.87634,90.0,90.0,2.924839,90.0,90.0,120.0,0.444444,0.932161,110.006,1.708366,275.0,267.5,685.7143,201.4286,800.0,257.5,2.897249,1.443376,11.54701,2.859813,2.5,10.0,1,0,3.7158067079548327,2.8284271247461903,0.8873795832086424,10.509888483093292,0.4285714285714285,0.5,1.5924885891234997,1.4142135623730951,0.662401321106836,1.2857142857142856,0.8542421961772493,0.4285714285714285,0.5,0.0,0.0,0.0714285714285714,0.0,1.3137360592774372,0.2711943378497672,8.977990219375593,6.9617640158865175,0.21428571428571425,0.0,0.04731438007905969,0.0,0.0,0.0,2.2521189606628487,548571.44,51867.864499999996,73562.5,1.9238550470090554,3.2721169163505115,1.5318982637176992,0.9285714285714285,1.0,9.129930100156209,0.06338425594347442,0.18305189918083908,2.252118960662848,0.0,2.2521189606628487,0.17827502675040452
0.176471,60.0,858.0,5.0,26.7835,1229.76,0.9171,1029.63,1.0,0.5171,1.0,5.0,1.0,1.0,5.142692,74.87634,90.0,90.0,2.924839,90.0,90.0,120.0,0.444444,0.932161,110.006,1.708366,275.0,267.5,685.7143,201.4286,800.0,257.5,2.897249,1.443376,11.54701,2.859813,2.5,10.0,1,0,3.7158067079548327,2.8284271247461903,0.8873795832086424,10.509888483093292,0.4285714285714285,0.5,1.5924885891234997,1.4142135623730951,0.662401321106836,1.2857142857142856,0.8542421961772493,0.4285714285714285,0.5,0.0,0.0,0.0714285714285714,0.0,1.3137360592774372,0.2711943378497672,8.977990219375593,6.9617640158865175,0.21428571428571425,0.0,0.04731438007905969,0.0,0.0,0.0,2.2521189606628487,548571.44,51867.864499999996,73562.5,1.9238550470090554,3.2721169163505115,1.5318982637176992,0.9285714285714285,1.0,9.129930100156209,0.06338425594347442,0.18305189918083908,2.252118960662848,0.0,2.2521189606628487,0.17827502675040452
0.176471,60.0,858.0,5.0,12.4328,1229.76,0.5855,1002.68,1.0,0.5855,1.0,5.0,1.0,1.0,5.142692,74.87634,90.0,90.0,2.924839,90.0,90.0,120.0,0.444444,0.932161,110.006,1.708366,275.0,267.5,685.7143,201.4286,800.0,257.5,2.897249,1.443376,11.54701,2.859813,2.5,10.0,1,0,3.7158067079548327,2.8284271247461903,0.8873795832086424,10.509888483093292,0.4285714285714285,0.5,1.5924885891234997,1.4142135623730951,0.662401321106836,1.2857142857142856,0.8542421961772493,0.4285714285714285,0.5,0.0,0.0,0.0714285714285714,0.0,1.3137360592774372,0.2711943378497672,8.977990219375593,6.9617640158865175,0.21428571428571425,0.0,0.04731438007905969,0.0,0.0,0.0,2.2521189606628487,548571.44,51867.864499999996,73562.5,1.9238550470090554,3.2721169163505115,1.5318982637176992,0.9285714285714285,1.0,9.129930100156209,0.06338425594347442,0.18305189918083908,2.252118960662848,0.0,2.2521189606628487,0.17827502675040452
0.176471,60.0,858.0,5.0,26.7835,1147.63,0.9171,960.57,1.0,0.5171,1.0,5.0,1.0,1.0,5.142692,74.87634,90.0,90.0,2.924839,90.0,90.0,120.0,0.444444,0.932161,110.006,1.708366,275.0,267.5,685.7143,201.4286,800.0,257.5,2.897249,1.443376,11.54701,2.859813,2.5,10.0,1,0,3.7158067079548327,2.8284271247461903,0.8873795832086424,10.509888483093292,0.4285714285714285,0.5,1.5924885891234997,1.4142135623730951,0.662401321106836,1.2857142857142856,0.8542421961772493,0.4285714285714285,0.5,0.0,0.0,0.0714285714285714,0.0,1.3137360592774372,0.2711943378497672,8.977990219375593,6.9617640158865175,0.21428571428571425,0.0,0.04731438007905969,0.0,0.0,0.0,2.2521189606628487,548571.44,51867.864499999996,73562.5,1.9238550470090554,3.2721169163505115,1.5318982637176992,0.9285714285714285,1.0,9.129930100156209,0.06338425594347442,0.18305189918083908,2.252118960662848,0.0,2.2521189606628487,0.17827502675040452
0.176471,60.0,858.0,5.0,7.25,1055.43,0.5625,949.12,1.0,0.5625,1.0,5.0,1.0,1.0,5.142692,74.87634,90.0,90.0,2.924839,90.0,90.0,120.0,0.444444,0.932161,110.006,1.708366,275.0,267.5,685.7143,201.4286,800.0,257.5,2.897249,1.443376,11.54701,2.859813,2.5,10.0,1,0,3.7158067079548327,2.8284271247461903,0.8873795832086424,10.509888483093292,0.4285714285714285,0.5,1.5924885891234997,1.4142135623730951,0.662401321106836,1.2857142857142856,0.8542421961772493,0.4285714285714285,0.5,0.0,0.0,0.0714285714285714,0.0,1.3137360592774372,0.2711943378497672,8.977990219375593,6.9617640158865175,0.21428571428571425,0.0,0.04731438007905969,0.0,0.0,0.0,2.2521189606628487,548571.44,51867.864499999996,73562.5,1.9238550470090554,3.2721169163505115,1.5318982637176992,0.9285714285714285,1.0,9.129930100156209,0.06338425594347442,0.18305189918083908,2.252118960662848,0.0,2.2521189606628487,0.17827502675040452
0.085714,60.0,795.4,50.0,2.2,1061.348,0.1335,730.0,0.0,0.0895,1.0,0.0,1.0,1.0,3.957177,90.0,90.0,90.0,2.924839,90.0,90.0,120.0,0.428571,0.738717,135.9733,1.0,243.0,267.5,520.0,94.0,800.0,257.5,3.403618,2.686808,19.49359,2.859813,2.5,10.0,1,0,3.0232623334747606,2.8284271247461903,0.1948352087285703,8.551077189223475,0.2,0.5,0.6046524666949522,1.4142135623730951,0.5830951894845301,1.3,0.8845379626717034,0.4,0.5,0.0,0.0,0.0999999999999999,0.0,1.0688846484093901,0.0665910962820962,7.563752395604209,4.986091973947105,0.2,0.0,0.058309518948452946,0.0,0.0,0.0,0.8551077189223476,416000.0,24205.0,65002.5,1.512750479120842,2.9258447291104757,0.9873247936192667,0.9,1.0,7.603461322448321,0.01948352087285701,0.17690759253434069,1.7102154378446952,0.0,0.8551077189223476,0.8095610956781429
0.085714,60.0,603.0,300.0,0.838,312.8775,0.0695,75.0,0.0,0.017,1.0,0.0,1.0,1.0,3.957177,90.0,90.0,90.0,2.924839,90.0,90.0,120.0,0.428571,0.844497,103.0826,1.0,243.0,267.5,520.0,94.0,800.0,257.5,3.403618,2.686808,19.49359,2.859813,2.5,10.0,1,0,3.0232623334747606,2.8284271247461903,0.1948352087285703,8.551077189223475,0.2,0.5,0.6046524666949522,1.4142135623730951,0.5830951894845301,1.3,0.8845379626717034,0.4,0.5,0.0,0.0,0.0999999999999999,0.0,1.0688846484093901,0.0665910962820962,7.563752395604209,4.986091973947105,0.2,0.0,0.058309518948452946,0.0,0.0,0.0,0.8551077189223476,416000.0,24205.0,65002.5,1.512750479120842,2.9258447291104757,0.9873247936192667,0.9,1.0,7.603461322448321,0.01948352087285701,0.17690759253434069,1.7102154378446952,0.0,0.8551077189223476,0.8095610956781429
0.130435,60.0,730.0,5.0,4.908694,12552.52,0.2532,820.0,0.0,0.11,1.0,6.0,1.0,1.0,3.957177,90.0,90.0,90.0,0.0,0.0,0.0,0.0,0.4,0.959459,138.3562,1.0,243.0,0.0,520.0,94.0,0.0,0.0,3.403618,2.686808,19.49359,0.0,-2.22e-16,0.0,0,0,3.0232623334747606,0.0,3.0232623334747606,0.0,0.2,0.0,0.6046524666949522,0.0,1.2,0.0,0.0,0.4,0.0,0.0,0.0,0.4,0.0,302326234.34747607,1.9999999867692595,0.0,0.0,0.0,0.0,0.48,0.0,0.0,0.0,0.0,0.0,0.0,0.0,0.0,1.5116311667373803,0.0,0.6,1.0,0.0,1.2093049333899044,0.0,0.0,0.0,0.0,0.6046524666949522
0.15,60.0,35.0,5.0,2.993417,2504.324,0.517605,900.0,0.0,0.031,1.0,6.0,1.0,1.0,2.924839,90.0,90.0,120.0,0.0,0.0,0.0,0.0,0.5,0.910714,17.9497,1.176906,267.5,0.0,800.0,257.5,0.0,0.0,2.859813,2.5,10.0,0.0,-2.22e-16,0.0,0,0,2.8284271247461903,0.0,2.8284271247461903,0.0,0.5,0.0,1.4142135623730951,0.0,1.224744871391589,0.0,0.0,0.5,0.0,0.0,0.0,0.5,0.0,282842713.47461903,1.9999999858578645,0.0,0.0,0.0,0.0,0.6123724356957945,0.0,0.0,0.0,0.0,0.0,0.0,0.0,0.0,1.4142135623730951,0.0,0.5,1.0,0.0,1.4142135623730951,0.0,0.0,0.0,0.0,1.4142135623730951
0.075,60.0,795.4,5.0,1.5145,1082.76,0.1445,656.76,0.0,0.054,1.0,1.0,1.0,1.0,3.957177,90.0,90.0,90.0,2.924839,90.0,90.0,120.0,0.428571,0.738717,135.9733,1.0,243.0,267.5,520.0,94.0,800.0,257.5,3.403618,2.686808,19.49359,2.859813,2.5,10.0,1,0,3.0232623334747606,2.8284271247461903,0.1948352087285703,8.551077189223475,0.2,0.5,0.6046524666949522,1.4142135623730951,0.5830951894845301,1.3,0.8845379626717034,0.4,0.5,0.0,0.0,0.0999999999999999,0.0,1.0688846484093901,0.0665910962820962,7.563752395604209,4.986091973947105,0.2,0.0,0.058309518948452946,0.0,0.0,0.0,0.8551077189223476,416000.0,24205.0,65002.5,1.512750479120842,2.9258447291104757,0.9873247936192667,0.9,1.0,7.603461322448321,0.01948352087285701,0.17690759253434069,1.7102154378446952,0.0,0.8551077189223476,0.8095610956781429
0.075,60.0,795.4,5.0,1.625,1144.92,0.1555,842.644,0.0,0.1125,1.0,2.0,1.0,1.0,3.957177,90.0,90.0,90.0,2.924839,90.0,90.0,120.0,0.428571,0.680127,135.9733,1.0,243.0,267.5,520.0,94.0,800.0,257.5,3.403618,2.686808,19.49359,2.859813,2.5,10.0,1,0,3.0232623334747606,2.8284271247461903,0.1948352087285703,8.551077189223475,0.2,0.5,0.6046524666949522,1.4142135623730951,0.5830951894845301,1.3,0.8845379626717034,0.4,0.5,0.0,0.0,0.0999999999999999,0.0,1.0688846484093901,0.0665910962820962,7.563752395604209,4.986091973947105,0.2,0.0,0.058309518948452946,0.0,0.0,0.0,0.8551077189223476,416000.0,24205.0,65002.5,1.512750479120842,2.9258447291104757,0.9873247936192667,0.9,1.0,7.603461322448321,0.01948352087285701,0.17690759253434069,1.7102154378446952,0.0,0.8551077189223476,0.8095610956781429
0.075,60.0,795.4,5.0,1.65,1260.0,0.155,1030.0,0.0,0.124,1.0,3.0,1.0,1.0,3.957177,90.0,90.0,90.0,2.924839,90.0,90.0,120.0,0.428571,0.70388,135.9733,1.0,243.0,267.5,520.0,94.0,800.0,257.5,3.403618,2.686808,19.49359,2.859813,2.5,10.0,1,0,3.0232623334747606,2.8284271247461903,0.1948352087285703,8.551077189223475,0.2,0.5,0.6046524666949522,1.4142135623730951,0.5830951894845301,1.3,0.8845379626717034,0.4,0.5,0.0,0.0,0.0999999999999999,0.0,1.0688846484093901,0.0665910962820962,7.563752395604209,4.986091973947105,0.2,0.0,0.058309518948452946,0.0,0.0,0.0,0.8551077189223476,416000.0,24205.0,65002.5,1.512750479120842,2.9258447291104757,0.9873247936192667,0.9,1.0,7.603461322448321,0.01948352087285701,0.17690759253434069,1.7102154378446952,0.0,0.8551077189223476,0.8095610956781429
0.085714,60.0,795.4,5.0,1.657,1322.5,0.166,1144.5,0.0,0.152,1.0,4.0,1.0,1.0,3.957177,90.0,90.0,90.0,2.924839,90.0,90.0,120.0,0.428571,0.680127,135.9733,1.0,243.0,267.5,520.0,94.0,800.0,257.5,3.403618,2.686808,19.49359,2.859813,2.5,10.0,1,0,3.0232623334747606,2.8284271247461903,0.1948352087285703,8.551077189223475,0.2,0.5,0.6046524666949522,1.4142135623730951,0.5830951894845301,1.3,0.8845379626717034,0.4,0.5,0.0,0.0,0.0999999999999999,0.0,1.0688846484093901,0.0665910962820962,7.563752395604209,4.986091973947105,0.2,0.0,0.058309518948452946,0.0,0.0,0.0,0.8551077189223476,416000.0,24205.0,65002.5,1.512750479120842,2.9258447291104757,0.9873247936192667,0.9,1.0,7.603461322448321,0.01948352087285701,0.17690759253434069,1.7102154378446952,0.0,0.8551077189223476,0.8095610956781429
0.085714,60.0,740.8,5.0,1.6765,1452.6,0.1655,1452.6,0.0,0.15,1.0,5.0,1.0,1.0,3.957177,90.0,90.0,90.0,2.924839,90.0,90.0,120.0,0.428571,0.656374,126.6394,1.0,243.0,267.5,520.0,94.0,800.0,257.5,3.403618,2.686808,19.49359,2.859813,2.5,10.0,1,0,3.0232623334747606,2.8284271247461903,0.1948352087285703,8.551077189223475,0.2,0.5,0.6046524666949522,1.4142135623730951,0.5830951894845301,1.3,0.8845379626717034,0.4,0.5,0.0,0.0,0.0999999999999999,0.0,1.0688846484093901,0.0665910962820962,7.563752395604209,4.986091973947105,0.2,0.0,0.058309518948452946,0.0,0.0,0.0,0.8551077189223476,416000.0,24205.0,65002.5,1.512750479120842,2.9258447291104757,0.9873247936192667,0.9,1.0,7.603461322448321,0.01948352087285701,0.17690759253434069,1.7102154378446952,0.0,0.8551077189223476,0.8095610956781429
0.042857,50.0,730.0,5.0,0.93904,565.2175,0.0065,1195.65,0.0,0.014,1.0,0.0,1.0,1.0,3.957177,90.0,90.0,90.0,0.0,0.0,0.0,0.0,0.4,0.959459,138.3562,1.0,243.0,0.0,520.0,94.0,0.0,0.0,3.403618,2.686808,19.49359,0.0,-2.22e-16,0.0,0,0,3.0232623334747606,0.0,3.0232623334747606,0.0,0.2,0.0,0.6046524666949522,0.0,1.2,0.0,0.0,0.4,0.0,0.0,0.0,0.4,0.0,302326234.34747607,1.9999999867692595,0.0,0.0,0.0,0.0,0.48,0.0,0.0,0.0,0.0,0.0,0.0,0.0,0.0,1.5116311667373803,0.0,0.6,1.0,0.0,1.2093049333899044,0.0,0.0,0.0,0.0,0.6046524666949522
0.042857,50.0,730.0,5.0,0.93904,463.95,0.005,222.0,0.0,0.002,1.0,0.9,1.0,1.0,3.957177,90.0,90.0,90.0,0.0,0.0,0.0,0.0,0.4,0.959459,138.3562,1.0,243.0,0.0,520.0,94.0,0.0,0.0,3.403618,2.686808,19.49359,0.0,-2.22e-16,0.0,0,0,3.0232623334747606,0.0,3.0232623334747606,0.0,0.2,0.0,0.6046524666949522,0.0,1.2,0.0,0.0,0.4,0.0,0.0,0.0,0.4,0.0,302326234.34747607,1.9999999867692595,0.0,0.0,0.0,0.0,0.48,0.0,0.0,0.0,0.0,0.0,0.0,0.0,0.0,1.5116311667373803,0.0,0.6,1.0,0.0,1.2093049333899044,0.0,0.0,0.0,0.0,0.6046524666949522
0.042857,50.0,730.0,5.0,36.4564,59144.0,0.5,190.9155,0.4,0.0734,1.0,2.8,1.0,1.0,3.957177,90.0,90.0,90.0,0.0,0.0,0.0,0.0,0.4,0.959459,138.3562,1.0,243.0,0.0,520.0,94.0,0.0,0.0,3.403618,2.686808,19.49359,0.0,-2.22e-16,0.0,0,0,3.0232623334747606,0.0,3.0232623334747606,0.0,0.2,0.0,0.6046524666949522,0.0,1.2,0.0,0.0,0.4,0.0,0.0,0.0,0.4,0.0,302326234.34747607,1.9999999867692595,0.0,0.0,0.0,0.0,0.48,0.0,0.0,0.0,0.0,0.0,0.0,0.0,0.0,1.5116311667373803,0.0,0.6,1.0,0.0,1.2093049333899044,0.0,0.0,0.0,0.0,0.6046524666949522
0.042857,50.0,730.0,5.0,0.812234,594.66,0.009,1542.18,0.0,0.026,1.0,2.6,1.0,1.0,3.957177,90.0,90.0,90.0,0.0,0.0,0.0,0.0,0.4,0.959459,138.3562,1.0,243.0,0.0,520.0,94.0,0.0,0.0,3.403618,2.686808,19.49359,0.0,-2.22e-16,0.0,0,0,3.0232623334747606,0.0,3.0232623334747606,0.0,0.2,0.0,0.6046524666949522,0.0,1.2,0.0,0.0,0.4,0.0,0.0,0.0,0.4,0.0,302326234.34747607,1.9999999867692595,0.0,0.0,0.0,0.0,0.48,0.0,0.0,0.0,0.0,0.0,0.0,0.0,0.0,1.5116311667373803,0.0,0.6,1.0,0.0,1.2093049333899044,0.0,0.0,0.0,0.0,0.6046524666949522
0.042857,50.0,730.0,300.0,0.966136,1074.95,0.0185,329.977,0.0,0.0045,1.0,0.0,1.0,1.0,3.957177,90.0,90.0,90.0,0.0,0.0,0.0,0.0,0.4,0.959459,138.3562,1.0,243.0,0.0,520.0,94.0,0.0,0.0,3.403618,2.686808,19.49359,0.0,-2.22e-16,0.0,0,0,3.0232623334747606,0.0,3.0232623334747606,0.0,0.2,0.0,0.6046524666949522,0.0,1.2,0.0,0.0,0.4,0.0,0.0,0.0,0.4,0.0,302326234.34747607,1.9999999867692595,0.0,0.0,0.0,0.0,0.48,0.0,0.0,0.0,0.0,0.0,0.0,0.0,0.0,1.5116311667373803,0.0,0.6,1.0,0.0,1.2093049333899044,0.0,0.0,0.0,0.0,0.6046524666949522
0.150754,30.0,810.0,60.0,0.319,10690.0,1.388,97.0,0.0,0.095,1.0,1.802,1.0,1.661102,5.388094,122.2099,142.6878,47.91918,5.932914,120.4948,120.2024,89.39748,0.333333,0.470526,51.19744,0.628658,243.0,275.7143,520.0,94.0,700.0,205.7143,3.403618,2.686808,19.49359,2.860376,1.707469,11.55577,1,0,3.4514488412024686,3.569235830903556,0.117786989701087,12.319034872550407,0.2,0.4285714285714285,0.6902897682404938,1.5296724989586663,0.3854496446637726,1.4,0.9500692495536144,0.4,0.4285714285714285,0.2,0.0,0.0285714285714285,0.2,0.9669993816740141,0.03355427422442865,11.70393621658877,4.748367614225177,0.1714285714285714,0.0,0.011012846990393475,0.07708992893275451,0.0,0.0,1.0559172747900347,364000.0,19337.144200000002,66998.57489999999,2.006389065700932,3.5103423360530126,0.6150986559616363,0.9714285714285715,0.8,12.292462452824033,0.0033653425628881917,0.162869014209191,2.1118345495800694,0.0,1.0559172747900347,0.8393827307181725
0.301205,30.0,830.0,60.0,0.379,21897.0,2.793,287.0,0.0,0.034,1.0,1.901,1.0,1.0,5.388094,122.2099,142.6878,47.91918,5.932914,120.4948,120.2024,89.39748,0.333333,0.265946,52.46157,0.628658,243.0,275.7143,520.0,94.0,700.0,205.7143,3.403618,2.686808,19.49359,2.860376,1.707469,11.55577,1,0,3.4514488412024686,3.569235830903556,0.117786989701087,12.319034872550407,0.2,0.4285714285714285,0.6902897682404938,1.5296724989586663,0.3854496446637726,1.4,0.9500692495536144,0.4,0.4285714285714285,0.2,0.0,0.0285714285714285,0.2,0.9669993816740141,0.03355427422442865,11.70393621658877,4.748367614225177,0.1714285714285714,0.0,0.011012846990393475,0.07708992893275451,0.0,0.0,1.0559172747900347,364000.0,19337.144200000002,66998.57489999999,2.006389065700932,3.5103423360530126,0.6150986559616363,0.9714285714285715,0.8,12.292462452824033,0.0033653425628881917,0.162869014209191,2.1118345495800694,0.0,1.0559172747900347,0.8393827307181725
0.230769,10.0,820.0,10.0,86.0,479.0,43.0,105.0,0.0,0.0,0.0,2.57,1.0,1.0,3.788512,90.0,90.0,90.0,5.142692,74.87634,90.0,90.0,0.416667,0.832461,80.42335,1.0,279.6,275.0,680.0,188.0,685.7143,201.4286,2.820943,1.440876,12.24745,2.897249,1.443376,11.54701,1,0,3.656648069074256,3.7158067079548327,0.0591586388805764,13.587397423696208,0.4,0.4285714285714285,1.4626592276297026,1.5924885891234997,0.0404061017820884,1.5142857142857142,0.9994664294862464,0.4,0.4285714285714285,0.0,0.0,0.0285714285714285,0.0,0.9840791937334304,0.01604855926805162,13.580147589072272,0.5490137632555547,0.1714285714285714,0.0,0.0011544600509168087,0.0,0.0,0.0,2.329268129776493,466285.724,37868.576799999995,76890.0,2.3280253009838177,3.6862273885145447,0.007249834623935634,0.9714285714285715,1.0,14.163053618028277,0.0016902468251593216,0.17133710219764223,2.3292681297764926,0.0,2.329268129776493,0.1298293614937971
0.375,10.0,770.0,10.0,55.0,210.0,10.56026,50.0,0.0,0.0,0.0,2.81,1.0,1.0,3.788512,90.0,90.0,90.0,5.142692,74.87634,90.0,90.0,0.416667,0.91623,75.51949,1.0,279.6,275.0,680.0,188.0,685.7143,201.4286,2.820943,1.440876,12.24745,2.897249,1.443376,11.54701,1,0,3.656648069074256,3.7158067079548327,0.0591586388805764,13.587397423696208,0.4,0.4285714285714285,1.4626592276297026,1.5924885891234997,0.0404061017820884,1.5142857142857142,0.9994664294862464,0.4,0.4285714285714285,0.0,0.0,0.0285714285714285,0.0,0.9840791937334304,0.01604855926805162,13.580147589072272,0.5490137632555547,0.1714285714285714,0.0,0.0011544600509168087,0.0,0.0,0.0,2.329268129776493,466285.724,37868.576799999995,76890.0,2.3280253009838177,3.6862273885145447,0.007249834623935634,0.9714285714285715,1.0,14.163053618028277,0.0016902468251593216,0.17133710219764223,2.3292681297764926,0.0,2.329268129776493,0.1298293614937971
0.02543,25.0,150.0,300.0,0.33275,246.23,0.013,690.0,0.0,0.036,1.0,0.1,1.0,1.0,3.062223,96.97013,90.0,120.0,0.0,0.0,0.0,0.0,0.5,-0.19048,36.73802,4.120251,213.5,0.0,450.0,112.5,0.0,0.0,4.462987,2.886751,16.58312,0.0,-2.22e-16,0.0,0,0,3.5792770718341917,0.0,3.5792770718341917,0.0,0.25,0.0,0.8948192679585478,0.0,0.9354143466934852,0.0,0.0,0.5,0.0,0.0,0.0,0.5,0.0,357927708.18341917,1.999999988824559,0.0,0.0,0.0,0.0,0.4677071733467426,0.0,0.0,0.0,0.0,0.0,0.0,0.0,0.0,1.7896385359170959,0.0,0.5,1.0,0.0,1.7896385359170959,0.0,0.0,0.0,0.0,0.8948192679585478
0.088889,40.0,950.0,5.0,177.0,70.0,46.0,2.5,0.0,0.0,1.0,0.1,0.920554,1.081731,2.459352,109.4691,109.4671,109.4596,5.142692,74.87634,90.0,90.0,0.5,0.223032,116.4667,1.000148,183.0,275.0,800.0,470.0,685.7143,201.4286,0.0,0.0,0.0,2.897249,1.443376,11.54701,1,0,4.898979485566356,3.7158067079548327,1.183172777611523,18.20366083460058,1.0,0.4285714285714285,4.898979485566356,1.5924885891234997,0.8081220356417685,1.4285714285714286,0.8219949365267865,1.0,0.4285714285714285,0.0,0.0,0.5714285714285714,0.0,1.3184161253313889,0.2746841879266823,14.963317032292652,14.710779449789756,0.4285714285714285,0.0,0.46178402036672483,0.0,0.0,0.0,7.801568929114534,548571.44,94671.442,50325.0,6.41285015669685,4.3073930967605945,3.240343802307928,0.4285714285714285,1.0,6.765133700922616,0.6760987300637274,0.3522835442257656,7.8015689291145325,0.0,7.801568929114534,3.306490896442856
0.088889,40.0,950.0,100.0,177.0,65.0,46.0,2.0,0.0,0.0,1.0,0.1,0.920554,1.081731,2.459352,109.4691,109.4671,109.4596,5.142692,74.87634,90.0,90.0,0.5,0.29868,116.4667,1.000148,183.0,275.0,800.0,470.0,685.7143,201.4286,0.0,0.0,0.0,2.897249,1.443376,11.54701,1,0,4.898979485566356,3.7158067079548327,1.183172777611523,18.20366083460058,1.0,0.4285714285714285,4.898979485566356,1.5924885891234997,0.8081220356417685,1.4285714285714286,0.8219949365267865,1.0,0.4285714285714285,0.0,0.0,0.5714285714285714,0.0,1.3184161253313889,0.2746841879266823,14.963317032292652,14.710779449789756,0.4285714285714285,0.0,0.46178402036672483,0.0,0.0,0.0,7.801568929114534,548571.44,94671.442,50325.0,6.41285015669685,4.3073930967605945,3.240343802307928,0.4285714285714285,1.0,6.765133700922616,0.6760987300637274,0.3522835442257656,7.8015689291145325,0.0,7.801568929114534,3.306490896442856
0.088889,40.0,950.0,200.0,177.0,20.0,46.0,3.0,0.0,0.0,1.0,0.1,0.920554,1.081731,2.459352,109.4691,109.4671,109.4596,5.142692,74.87634,90.0,90.0,0.5,0.582115,116.4667,1.000148,183.0,275.0,800.0,470.0,685.7143,201.4286,0.0,0.0,0.0,2.897249,1.443376,11.54701,1,0,4.898979485566356,3.7158067079548327,1.183172777611523,18.20366083460058,1.0,0.4285714285714285,4.898979485566356,1.5924885891234997,0.8081220356417685,1.4285714285714286,0.8219949365267865,1.0,0.4285714285714285,0.0,0.0,0.5714285714285714,0.0,1.3184161253313889,0.2746841879266823,14.963317032292652,14.710779449789756,0.4285714285714285,0.0,0.46178402036672483,0.0,0.0,0.0,7.801568929114534,548571.44,94671.442,50325.0,6.41285015669685,4.3073930967605945,3.240343802307928,0.4285714285714285,1.0,6.765133700922616,0.6760987300637274,0.3522835442257656,7.8015689291145325,0.0,7.801568929114534,3.306490896442856
0.114504,40.0,950.0,5.0,172.0,66.5,62.0,0.2,0.0,0.0,1.0,0.1,0.959805,1.151648,2.459352,109.4691,109.4671,109.4596,5.142692,74.87634,90.0,90.0,0.5,0.29868,116.4667,1.000148,183.0,275.0,800.0,470.0,685.7143,201.4286,0.0,0.0,0.0,2.897249,1.443376,11.54701,1,0,4.898979485566356,3.7158067079548327,1.183172777611523,18.20366083460058,1.0,0.4285714285714285,4.898979485566356,1.5924885891234997,0.8081220356417685,1.4285714285714286,0.8219949365267865,1.0,0.4285714285714285,0.0,0.0,0.5714285714285714,0.0,1.3184161253313889,0.2746841879266823,14.963317032292652,14.710779449789756,0.4285714285714285,0.0,0.46178402036672483,0.0,0.0,0.0,7.801568929114534,548571.44,94671.442,50325.0,6.41285015669685,4.3073930967605945,3.240343802307928,0.4285714285714285,1.0,6.765133700922616,0.6760987300637274,0.3522835442257656,7.8015689291145325,0.0,7.801568929114534,3.306490896442856
0.114504,40.0,950.0,100.0,172.0,62.5,62.0,0.6,0.0,0.0,1.0,0.1,0.959805,1.151648,2.459352,109.4691,109.4671,109.4596,5.142692,74.87634,90.0,90.0,0.5,0.29868,116.4667,1.000148,183.0,275.0,800.0,470.0,685.7143,201.4286,0.0,0.0,0.0,2.897249,1.443376,11.54701,1,0,4.898979485566356,3.7158067079548327,1.183172777611523,18.20366083460058,1.0,0.4285714285714285,4.898979485566356,1.5924885891234997,0.8081220356417685,1.4285714285714286,0.8219949365267865,1.0,0.4285714285714285,0.0,0.0,0.5714285714285714,0.0,1.3184161253313889,0.2746841879266823,14.963317032292652,14.710779449789756,0.4285714285714285,0.0,0.46178402036672483,0.0,0.0,0.0,7.801568929114534,548571.44,94671.442,50325.0,6.41285015669685,4.3073930967605945,3.240343802307928,0.4285714285714285,1.0,6.765133700922616,0.6760987300637274,0.3522835442257656,7.8015689291145325,0.0,7.801568929114534,3.306490896442856
0.114504,40.0,950.0,200.0,172.0,23.25,62.0,0.5,0.0,0.0,1.0,0.1,0.959805,1.151648,2.459352,109.4691,109.4671,109.4596,5.142692,74.87634,90.0,90.0,0.5,0.582115,116.4667,1.000148,183.0,275.0,800.0,470.0,685.7143,201.4286,0.0,0.0,0.0,2.897249,1.443376,11.54701,1,0,4.898979485566356,3.7158067079548327,1.183172777611523,18.20366083460058,1.0,0.4285714285714285,4.898979485566356,1.5924885891234997,0.8081220356417685,1.4285714285714286,0.8219949365267865,1.0,0.4285714285714285,0.0,0.0,0.5714285714285714,0.0,1.3184161253313889,0.2746841879266823,14.963317032292652,14.710779449789756,0.4285714285714285,0.0,0.46178402036672483,0.0,0.0,0.0,7.801568929114534,548571.44,94671.442,50325.0,6.41285015669685,4.3073930967605945,3.240343802307928,0.4285714285714285,1.0,6.765133700922616,0.6760987300637274,0.3522835442257656,7.8015689291145325,0.0,7.801568929114534,3.306490896442856
0.176471,80.0,673.0,2.0,1.8,3.085,5.45,0.313,0.253,0.29,1.0,0.1,1.0,1.0,5.807719,58.9791,58.9791,58.9791,4.448391,96.96747,95.84151,101.8946,0.5,0.816626,68.30297,1.0,277.5714,241.0,742.8571,216.4286,833.3333,338.3333,2.763638,2.259104,11.54899,3.022502,2.039608,7.073384,1,0,3.126871759449398,3.1766125318999325,0.0497407724505345,9.932860016710949,0.4285714285714285,0.6666666666666666,1.3400878969068848,2.117741687933288,0.3086066999241837,1.3333333333333337,0.966091783079296,0.4285714285714285,0.6666666666666666,0.0,0.0,0.238095238095238,0.0,0.9843415676937469,0.015781992940309846,9.596054444621327,3.0653471505660383,0.28571428571428564,0.0,0.07347778569623419,0.0,0.0,0.0,2.8379600047745566,619047.5585714299,73225.00245238,66894.7074,2.7417298413203786,3.1517421456746653,0.3368055720896225,0.7619047619047619,1.0,8.047349506819522,0.011843041059651067,0.27602622373694163,2.837960004774556,0.0,2.8379600047745566,0.7776537910264034
0.176471,80.0,673.0,10.0,4.2,1735.404,9.7612,509.8706,0.2534,0.064,0.8,0.1,1.0,1.0,5.807719,58.9791,58.9791,58.9791,4.448391,96.96747,95.84151,101.8946,0.5,0.816626,68.30297,1.0,277.5714,241.0,742.8571,216.4286,833.3333,338.3333,2.763638,2.259104,11.54899,3.022502,2.039608,7.073384,1,0,3.126871759449398,3.1766125318999325,0.0497407724505345,9.932860016710949,0.4285714285714285,0.6666666666666666,1.3400878969068848,2.117741687933288,0.3086066999241837,1.3333333333333337,0.966091783079296,0.4285714285714285,0.6666666666666666,0.0,0.0,0.238095238095238,0.0,0.9843415676937469,0.015781992940309846,9.596054444621327,3.0653471505660383,0.28571428571428564,0.0,0.07347778569623419,0.0,0.0,0.0,2.8379600047745566,619047.5585714299,73225.00245238,66894.7074,2.7417298413203786,3.1517421456746653,0.3368055720896225,0.7619047619047619,1.0,8.047349506819522,0.011843041059651067,0.27602622373694163,2.837960004774556,0.0,2.8379600047745566,0.7776537910264034
0.176471,80.0,673.0,20.0,6.0,0.935,2.75,0.04,0.014,0.03,1.0,0.1,1.0,1.0,5.807719,58.9791,58.9791,58.9791,4.332892,96.53322,95.94099,95.88706,0.5,0.816626,55.05561,1.0,277.5714,241.0,742.8571,216.4286,833.3333,338.3333,2.763638,2.259104,11.54899,3.022502,2.039608,7.073384,1,0,3.126871759449398,3.1766125318999325,0.0497407724505345,9.932860016710949,0.4285714285714285,0.6666666666666666,1.3400878969068848,2.117741687933288,0.3086066999241837,1.3333333333333337,0.966091783079296,0.4285714285714285,0.6666666666666666,0.0,0.0,0.238095238095238,0.0,0.9843415676937469,0.015781992940309846,9.596054444621327,3.0653471505660383,0.28571428571428564,0.0,0.07347778569623419,0.0,0.0,0.0,2.8379600047745566,619047.5585714299,73225.00245238,66894.7074,2.7417298413203786,3.1517421456746653,0.3368055720896225,0.7619047619047619,1.0,8.047349506819522,0.011843041059651067,0.27602622373694163,2.837960004774556,0.0,2.8379600047745566,0.7776537910264034
0.176471,80.0,673.0,40.0,8.4,3483.804,9.7612,509.8706,0.0534,0.064,0.8,0.1,1.0,1.0,5.807719,58.9791,58.9791,58.9791,4.022218,103.4512,95.74203,107.9022,0.5,0.816626,63.59181,1.0,277.5714,241.0,742.8571,216.4286,833.3333,338.3333,2.763638,2.259104,11.54899,3.022502,2.039608,7.073384,1,0,3.126871759449398,3.1766125318999325,0.0497407724505345,9.932860016710949,0.4285714285714285,0.6666666666666666,1.3400878969068848,2.117741687933288,0.3086066999241837,1.3333333333333337,0.966091783079296,0.4285714285714285,0.6666666666666666,0.0,0.0,0.238095238095238,0.0,0.9843415676937469,0.015781992940309846,9.596054444621327,3.0653471505660383,0.28571428571428564,0.0,0.07347778569623419,0.0,0.0,0.0,2.8379600047745566,619047.5585714299,73225.00245238,66894.7074,2.7417298413203786,3.1517421456746653,0.3368055720896225,0.7619047619047619,1.0,8.047349506819522,0.011843041059651067,0.27602622373694163,2.837960004774556,0.0,2.8379600047745566,0.7776537910264034
0.176471,80.0,673.0,75.0,9.9,2186.378,0.725,55.0218,0.6,0.0,0.0,0.1,1.0,1.0,5.807719,58.9791,58.9791,58.9791,3.336019,96.91794,77.81528,90.00641,0.5,0.816626,72.90169,1.0,277.5714,241.0,742.8571,216.4286,833.3333,338.3333,2.763638,2.259104,11.54899,3.022502,2.039608,7.073384,1,0,3.126871759449398,3.1766125318999325,0.0497407724505345,9.932860016710949,0.4285714285714285,0.6666666666666666,1.3400878969068848,2.117741687933288,0.3086066999241837,1.3333333333333337,0.966091783079296,0.4285714285714285,0.6666666666666666,0.0,0.0,0.238095238095238,0.0,0.9843415676937469,0.015781992940309846,9.596054444621327,3.0653471505660383,0.28571428571428564,0.0,0.07347778569623419,0.0,0.0,0.0,2.8379600047745566,619047.5585714299,73225.00245238,66894.7074,2.7417298413203786,3.1517421456746653,0.3368055720896225,0.7619047619047619,1.0,8.047349506819522,0.011843041059651067,0.27602622373694163,2.837960004774556,0.0,2.8379600047745566,0.7776537910264034
0.176471,80.0,673.0,100.0,13.33,27.304,1.81912,73.2266,0.0534,0.064,0.8,0.1,1.0,1.0,5.807719,58.9791,58.9791,58.9791,4.022218,103.4512,95.74203,107.9022,0.5,0.816626,63.59181,1.0,277.5714,241.0,742.8571,216.4286,833.3333,338.3333,2.763638,2.259104,11.54899,3.022502,2.039608,7.073384,1,0,3.126871759449398,3.1766125318999325,0.0497407724505345,9.932860016710949,0.4285714285714285,0.6666666666666666,1.3400878969068848,2.117741687933288,0.3086066999241837,1.3333333333333337,0.966091783079296,0.4285714285714285,0.6666666666666666,0.0,0.0,0.238095238095238,0.0,0.9843415676937469,0.015781992940309846,9.596054444621327,3.0653471505660383,0.28571428571428564,0.0,0.07347778569623419,0.0,0.0,0.0,2.8379600047745566,619047.5585714299,73225.00245238,66894.7074,2.7417298413203786,3.1517421456746653,0.3368055720896225,0.7619047619047619,1.0,8.047349506819522,0.011843041059651067,0.27602622373694163,2.837960004774556,0.0,2.8379600047745566,0.7776537910264034
0.176471,80.0,673.0,150.0,14.9,27.304,0.73359,73.2266,0.0534,0.01013,0.8,0.1,1.0,1.0,5.807719,58.9791,58.9791,58.9791,4.022218,103.4512,95.74203,107.9022,0.5,0.816626,63.59181,1.0,277.5714,241.0,742.8571,216.4286,833.3333,338.3333,2.763638,2.259104,11.54899,3.022502,2.039608,7.073384,1,0,3.126871759449398,3.1766125318999325,0.0497407724505345,9.932860016710949,0.4285714285714285,0.6666666666666666,1.3400878969068848,2.117741687933288,0.3086066999241837,1.3333333333333337,0.966091783079296,0.4285714285714285,0.6666666666666666,0.0,0.0,0.238095238095238,0.0,0.9843415676937469,0.015781992940309846,9.596054444621327,3.0653471505660383,0.28571428571428564,0.0,0.07347778569623419,0.0,0.0,0.0,2.8379600047745566,619047.5585714299,73225.00245238,66894.7074,2.7417298413203786,3.1517421456746653,0.3368055720896225,0.7619047619047619,1.0,8.047349506819522,0.011843041059651067,0.27602622373694163,2.837960004774556,0.0,2.8379600047745566,0.7776537910264034
0.176471,80.0,673.0,200.0,15.0,16.5,0.02235,22.78,0.0,0.02065,1.0,0.1,1.0,1.0,5.807719,58.9791,58.9791,58.9791,3.438001,100.8112,89.60207,114.0303,0.5,0.816626,77.91827,1.0,277.5714,241.0,742.8571,216.4286,833.3333,338.3333,2.763638,2.259104,11.54899,3.022502,2.039608,7.073384,1,0,3.126871759449398,3.1766125318999325,0.0497407724505345,9.932860016710949,0.4285714285714285,0.6666666666666666,1.3400878969068848,2.117741687933288,0.3086066999241837,1.3333333333333337,0.966091783079296,0.4285714285714285,0.6666666666666666,0.0,0.0,0.238095238095238,0.0,0.9843415676937469,0.015781992940309846,9.596054444621327,3.0653471505660383,0.28571428571428564,0.0,0.07347778569623419,0.0,0.0,0.0,2.8379600047745566,619047.5585714299,73225.00245238,66894.7074,2.7417298413203786,3.1517421456746653,0.3368055720896225,0.7619047619047619,1.0,8.047349506819522,0.011843041059651067,0.27602622373694163,2.837960004774556,0.0,2.8379600047745566,0.7776537910264034
0.176471,80.0,673.0,300.0,15.2,15.85,0.002,22.8,0.0,0.002,1.0,0.1,1.0,1.0,5.807719,58.9791,58.9791,58.9791,3.167165,103.836,89.60207,114.0303,0.5,0.816626,70.38271,1.0,277.5714,241.0,742.8571,216.4286,833.3333,338.3333,2.763638,2.259104,11.54899,3.022502,2.039608,7.073384,1,0,3.126871759449398,3.1766125318999325,0.0497407724505345,9.932860016710949,0.4285714285714285,0.6666666666666666,1.3400878969068848,2.117741687933288,0.3086066999241837,1.3333333333333337,0.966091783079296,0.4285714285714285,0.6666666666666666,0.0,0.0,0.238095238095238,0.0,0.9843415676937469,0.015781992940309846,9.596054444621327,3.0653471505660383,0.28571428571428564,0.0,0.07347778569623419,0.0,0.0,0.0,2.8379600047745566,619047.5585714299,73225.00245238,66894.7074,2.7417298413203786,3.1517421456746653,0.3368055720896225,0.7619047619047619,1.0,8.047349506819522,0.011843041059651067,0.27602622373694163,2.837960004774556,0.0,2.8379600047745566,0.7776537910264034
0.340909,28.0,838.0,300.0,40.81,1850.0,14.0289,480.0,0.0,0.7973,1.0,5.0,1.0,1.0,2.48976,60.0,60.0,60.0,3.011828,107.295,89.50258,120.0378,0.666667,0.061433,207.8318,1.0,188.0,266.0,900.0,500.0,750.0,250.0,0.0,0.0,0.0,2.932331,2.0,10.0,1,0,3.872983346207417,3.350705235476804,0.5222781107306131,12.977225575051664,1.0,0.5,3.872983346207417,1.675352617738402,0.7071067811865476,1.5,0.8660254037844388,1.0,0.5,0.0,0.0,0.5,0.0,1.1558710995052903,0.14460150195534252,11.238607018635863,9.176284205106526,0.5,0.0,0.3535533905932738,0.0,0.0,0.0,6.488612787525832,675000.0,125000.0,50008.0,5.619303509317931,3.6118442908421104,1.7386185564158003,0.5,1.0,6.052316211210151,0.26113905536530657,0.4330127018922194,6.488612787525832,0.0,6.488612787525832,2.197630728469015
0.333333,38.0,1388.0,300.0,43.5378,1450.0,4.939788,800.0,0.0,0.28216,0.8,5.0,1.0,1.0,2.48976,60.0,60.0,60.0,0.0,0.0,0.0,0.0,1.0,0.804182,836.2253,1.0,188.0,0.0,900.0,500.0,0.0,0.0,0.0,0.0,0.0,0.0,-2.22e-16,0.0,0,0,3.872983346207417,0.0,3.872983346207417,0.0,1.0,0.0,3.872983346207417,0.0,1.4142135623730951,0.0,0.0,1.0,0.0,0.0,0.0,1.0,0.0,387298335.62074167,1.9999999896720446,0.0,0.0,0.0,0.0,1.4142135623730951,0.0,0.0,0.0,0.0,0.0,0.0,0.0,0.0,1.9364916731037085,0.0,0.0,1.0,0.0,3.872983346207417,0.0,0.0,0.0,0.0,3.872983346207417
0.340909,44.0,1388.0,3.0,23.24002,1850.0,1.325,600.0,0.0,0.59788,1.0,5.0,1.0,1.0,2.48976,60.0,60.0,60.0,0.0,0.0,0.0,0.0,1.0,0.256243,836.2253,1.0,188.0,0.0,900.0,500.0,0.0,0.0,0.0,0.0,0.0,0.0,-2.22e-16,0.0,0,0,3.872983346207417,0.0,3.872983346207417,0.0,1.0,0.0,3.872983346207417,0.0,1.4142135623730951,0.0,0.0,1.0,0.0,0.0,0.0,1.0,0.0,387298335.62074167,1.9999999896720446,0.0,0.0,0.0,0.0,1.4142135623730951,0.0,0.0,0.0,0.0,0.0,0.0,0.0,0.0,1.9364916731037085,0.0,0.0,1.0,0.0,3.872983346207417,0.0,0.0,0.0,0.0,3.872983346207417
0.067416,50.0,838.0,5.0,0.674,134.785,43.302,86.96,0.0,0.0,1.0,0.01,1.0,8.090909,2.48976,60.0,60.0,60.0,3.011828,107.295,89.50258,120.0378,0.666667,0.317406,207.8318,1.0,188.0,266.0,900.0,500.0,750.0,250.0,0.0,0.0,0.0,2.932331,2.0,10.0,1,0,3.872983346207417,3.350705235476804,0.5222781107306131,12.977225575051664,1.0,0.5,3.872983346207417,1.675352617738402,0.7071067811865476,1.5,0.8660254037844388,1.0,0.5,0.0,0.0,0.5,0.0,1.1558710995052903,0.14460150195534252,11.238607018635863,9.176284205106526,0.5,0.0,0.3535533905932738,0.0,0.0,0.0,6.488612787525832,675000.0,125000.0,50008.0,5.619303509317931,3.6118442908421104,1.7386185564158003,0.5,1.0,6.052316211210151,0.26113905536530657,0.4330127018922194,6.488612787525832,0.0,6.488612787525832,2.197630728469015
0.061224,50.0,838.0,5.0,51.6,421.7,43.302,43.45,0.0,0.0,1.0,0.01,1.0,6.125,2.48976,60.0,60.0,60.0,3.011828,107.295,89.50258,120.0378,0.666667,0.317406,207.8318,1.0,188.0,266.0,900.0,500.0,750.0,250.0,0.0,0.0,0.0,2.932331,2.0,10.0,1,0,3.872983346207417,3.350705235476804,0.5222781107306131,12.977225575051664,1.0,0.5,3.872983346207417,1.675352617738402,0.7071067811865476,1.5,0.8660254037844388,1.0,0.5,0.0,0.0,0.5,0.0,1.1558710995052903,0.14460150195534252,11.238607018635863,9.176284205106526,0.5,0.0,0.3535533905932738,0.0,0.0,0.0,6.488612787525832,675000.0,125000.0,50008.0,5.619303509317931,3.6118442908421104,1.7386185564158003,0.5,1.0,6.052316211210151,0.26113905536530657,0.4330127018922194,6.488612787525832,0.0,6.488612787525832,2.197630728469015
0.067416,50.0,838.0,5.0,57.6,339.1,43.302,8.7,0.0,0.0,1.0,0.01,1.0,8.090909,2.48976,60.0,60.0,60.0,3.011828,107.295,89.50258,120.0378,0.666667,0.317406,207.8318,1.0,188.0,266.0,900.0,500.0,750.0,250.0,0.0,0.0,0.0,2.932331,2.0,10.0,1,0,3.872983346207417,3.350705235476804,0.5222781107306131,12.977225575051664,1.0,0.5,3.872983346207417,1.675352617738402,0.7071067811865476,1.5,0.8660254037844388,1.0,0.5,0.0,0.0,0.5,0.0,1.1558710995052903,0.14460150195534252,11.238607018635863,9.176284205106526,0.5,0.0,0.3535533905932738,0.0,0.0,0.0,6.488612787525832,675000.0,125000.0,50008.0,5.619303509317931,3.6118442908421104,1.7386185564158003,0.5,1.0,6.052316211210151,0.26113905536530657,0.4330127018922194,6.488612787525832,0.0,6.488612787525832,2.197630728469015
0.061224,50.0,838.0,5.0,78.3,284.75,43.302,2.2,0.0,0.0,1.0,0.01,1.0,6.125,2.48976,60.0,60.0,60.0,3.011828,107.295,89.50258,120.0378,0.666667,0.317406,207.8318,1.0,188.0,266.0,900.0,500.0,750.0,250.0,0.0,0.0,0.0,2.932331,2.0,10.0,1,0,3.872983346207417,3.350705235476804,0.5222781107306131,12.977225575051664,1.0,0.5,3.872983346207417,1.675352617738402,0.7071067811865476,1.5,0.8660254037844388,1.0,0.5,0.0,0.0,0.5,0.0,1.1558710995052903,0.14460150195534252,11.238607018635863,9.176284205106526,0.5,0.0,0.3535533905932738,0.0,0.0,0.0,6.488612787525832,675000.0,125000.0,50008.0,5.619303509317931,3.6118442908421104,1.7386185564158003,0.5,1.0,6.052316211210151,0.26113905536530657,0.4330127018922194,6.488612787525832,0.0,6.488612787525832,2.197630728469015
0.067416,50.0,1388.0,5.0,3.45,85.5,34.1509,53.53,0.0,0.0,1.0,0.05,1.0,8.090909,2.48976,60.0,60.0,60.0,6.117259,58.53517,61.59676,58.53665,0.5,-0.25,88.82502,1.0,188.0,277.1429,900.0,500.0,728.5714,214.2857,0.0,0.0,0.0,2.785566,2.037707,11.54701,1,0,3.872983346207417,3.2760940768010016,0.5968892694064154,12.68825780005904,1.0,0.4285714285714285,3.872983346207417,1.4040403186290007,0.8081220356417685,1.4285714285714286,0.8219949365267865,1.0,0.4285714285714285,0.0,0.0,0.5714285714285714,0.0,1.182195399030575,0.16698357911625508,10.429683664995034,10.25366072213126,0.4285714285714285,0.0,0.46178402036672483,0.0,0.0,0.0,5.437824771453875,655714.26,107142.84999999999,52102.8652,4.469864427855014,3.5745387115042093,2.258574135064006,0.4285714285714285,1.0,4.82214797208078,0.3410795825179516,0.3522835442257656,5.437824771453873,0.0,5.437824771453875,2.4689430275784163
0.061224,50.0,1388.0,25.0,3.6,72.65,30.9509,40.68,0.0,0.0,1.0,0.05,1.0,6.125,2.48976,60.0,60.0,60.0,6.117259,58.53517,61.59676,58.53665,0.5,-0.25,88.82502,1.0,188.0,277.1429,900.0,500.0,728.5714,214.2857,0.0,0.0,0.0,2.785566,2.037707,11.54701,1,0,3.872983346207417,3.2760940768010016,0.5968892694064154,12.68825780005904,1.0,0.4285714285714285,3.872983346207417,1.4040403186290007,0.8081220356417685,1.4285714285714286,0.8219949365267865,1.0,0.4285714285714285,0.0,0.0,0.5714285714285714,0.0,1.182195399030575,0.16698357911625508,10.429683664995034,10.25366072213126,0.4285714285714285,0.0,0.46178402036672483,0.0,0.0,0.0,5.437824771453875,655714.26,107142.84999999999,52102.8652,4.469864427855014,3.5745387115042093,2.258574135064006,0.4285714285714285,1.0,4.82214797208078,0.3410795825179516,0.3522835442257656,5.437824771453873,0.0,5.437824771453875,2.4689430275784163
0.067416,50.0,1388.0,37.0,3.8,56.18,43.302,14.945,0.0,0.0,1.0,0.05,1.0,8.090909,2.48976,60.0,60.0,60.0,6.117259,58.53517,61.59676,58.53665,0.5,-0.25,88.82502,1.0,188.0,277.1429,900.0,500.0,728.5714,214.2857,0.0,0.0,0.0,2.785566,2.037707,11.54701,1,0,3.872983346207417,3.2760940768010016,0.5968892694064154,12.68825780005904,1.0,0.4285714285714285,3.872983346207417,1.4040403186290007,0.8081220356417685,1.4285714285714286,0.8219949365267865,1.0,0.4285714285714285,0.0,0.0,0.5714285714285714,0.0,1.182195399030575,0.16698357911625508,10.429683664995034,10.25366072213126,0.4285714285714285,0.0,0.46178402036672483,0.0,0.0,0.0,5.437824771453875,655714.26,107142.84999999999,52102.8652,4.469864427855014,3.5745387115042093,2.258574135064006,0.4285714285714285,1.0,4.82214797208078,0.3410795825179516,0.3522835442257656,5.437824771453873,0.0,5.437824771453875,2.4689430275784163
0.061224,50.0,1388.0,50.0,3.8,56.7,43.302,2.054,0.0,0.0,1.0,0.05,1.0,6.125,2.48976,60.0,60.0,60.0,6.117259,58.53517,61.59676,58.53665,0.5,-0.25,88.82502,1.0,188.0,277.1429,900.0,500.0,728.5714,214.2857,0.0,0.0,0.0,2.785566,2.037707,11.54701,1,0,3.872983346207417,3.2760940768010016,0.5968892694064154,12.68825780005904,1.0,0.4285714285714285,3.872983346207417,1.4040403186290007,0.8081220356417685,1.4285714285714286,0.8219949365267865,1.0,0.4285714285714285,0.0,0.0,0.5714285714285714,0.0,1.182195399030575,0.16698357911625508,10.429683664995034,10.25366072213126,0.4285714285714285,0.0,0.46178402036672483,0.0,0.0,0.0,5.437824771453875,655714.26,107142.84999999999,52102.8652,4.469864427855014,3.5745387115042093,2.258574135064006,0.4285714285714285,1.0,4.82214797208078,0.3410795825179516,0.3522835442257656,5.437824771453873,0.0,5.437824771453875,2.4689430275784163
0.3,50.0,1388.0,5.0,23.6,1835.0,14.2,596.235,0.0,0.0,1.0,4.6,1.0,1.0,2.48976,60.0,60.0,60.0,6.117259,58.53517,61.59676,58.53665,0.5,-0.25,88.82502,1.0,188.0,277.1429,900.0,500.0,728.5714,214.2857,0.0,0.0,0.0,2.785566,2.037707,11.54701,1,0,3.872983346207417,3.2760940768010016,0.5968892694064154,12.68825780005904,1.0,0.4285714285714285,3.872983346207417,1.4040403186290007,0.8081220356417685,1.4285714285714286,0.8219949365267865,1.0,0.4285714285714285,0.0,0.0,0.5714285714285714,0.0,1.182195399030575,0.16698357911625508,10.429683664995034,10.25366072213126,0.4285714285714285,0.0,0.46178402036672483,0.0,0.0,0.0,5.437824771453875,655714.26,107142.84999999999,52102.8652,4.469864427855014,3.5745387115042093,2.258574135064006,0.4285714285714285,1.0,4.82214797208078,0.3410795825179516,0.3522835442257656,5.437824771453873,0.0,5.437824771453875,2.4689430275784163
0.15,50.0,838.0,5.0,19.8,1852.0,10.84,500.0,0.0,0.0,1.0,4.02,1.0,1.0,2.48976,60.0,60.0,60.0,3.011828,107.295,89.50258,120.0378,0.666667,0.249147,207.8318,1.0,188.0,266.0,900.0,500.0,750.0,250.0,0.0,0.0,0.0,2.932331,2.0,10.0,1,0,3.872983346207417,3.350705235476804,0.5222781107306131,12.977225575051664,1.0,0.5,3.872983346207417,1.675352617738402,0.7071067811865476,1.5,0.8660254037844388,1.0,0.5,0.0,0.0,0.5,0.0,1.1558710995052903,0.14460150195534252,11.238607018635863,9.176284205106526,0.5,0.0,0.3535533905932738,0.0,0.0,0.0,6.488612787525832,675000.0,125000.0,50008.0,5.619303509317931,3.6118442908421104,1.7386185564158003,0.5,1.0,6.052316211210151,0.26113905536530657,0.4330127018922194,6.488612787525832,0.0,6.488612787525832,2.197630728469015
0.075,50.0,838.0,5.0,15.0,1755.5,6.9,403.5,0.0,0.0,1.0,2.82,1.0,1.0,2.48976,60.0,60.0,60.0,3.011828,107.295,89.50258,120.0378,0.666667,0.249147,207.8318,1.0,188.0,266.0,900.0,500.0,750.0,250.0,0.0,0.0,0.0,2.932331,2.0,10.0,1,0,3.872983346207417,3.350705235476804,0.5222781107306131,12.977225575051664,1.0,0.5,3.872983346207417,1.675352617738402,0.7071067811865476,1.5,0.8660254037844388,1.0,0.5,0.0,0.0,0.5,0.0,1.1558710995052903,0.14460150195534252,11.238607018635863,9.176284205106526,0.5,0.0,0.3535533905932738,0.0,0.0,0.0,6.488612787525832,675000.0,125000.0,50008.0,5.619303509317931,3.6118442908421104,1.7386185564158003,0.5,1.0,6.052316211210151,0.26113905536530657,0.4330127018922194,6.488612787525832,0.0,6.488612787525832,2.197630728469015
0.0375,50.0,838.0,5.0,12.34,1903.36,6.9,346.6,0.0,0.0,1.0,2.224,1.0,1.0,2.48976,60.0,60.0,60.0,3.011828,107.295,89.50258,120.0378,0.666667,0.249147,207.8318,1.0,188.0,266.0,900.0,500.0,750.0,250.0,0.0,0.0,0.0,2.932331,2.0,10.0,1,0,3.872983346207417,3.350705235476804,0.5222781107306131,12.977225575051664,1.0,0.5,3.872983346207417,1.675352617738402,0.7071067811865476,1.5,0.8660254037844388,1.0,0.5,0.0,0.0,0.5,0.0,1.1558710995052903,0.14460150195534252,11.238607018635863,9.176284205106526,0.5,0.0,0.3535533905932738,0.0,0.0,0.0,6.488612787525832,675000.0,125000.0,50008.0,5.619303509317931,3.6118442908421104,1.7386185564158003,0.5,1.0,6.052316211210151,0.26113905536530657,0.4330127018922194,6.488612787525832,0.0,6.488612787525832,2.197630728469015
0.12,50.0,1388.0,5.0,24.65,1944.13,14.0,629.019,0.0,0.300156,1.0,4.6,1.0,1.0,2.48976,60.0,60.0,60.0,6.117259,58.53517,61.59676,58.53665,0.5,-0.25,88.82502,1.0,188.0,277.1429,900.0,500.0,728.5714,214.2857,0.0,0.0,0.0,2.785566,2.037707,11.54701,1,0,3.872983346207417,3.2760940768010016,0.5968892694064154,12.68825780005904,1.0,0.4285714285714285,3.872983346207417,1.4040403186290007,0.8081220356417685,1.4285714285714286,0.8219949365267865,1.0,0.4285714285714285,0.0,0.0,0.5714285714285714,0.0,1.182195399030575,0.16698357911625508,10.429683664995034,10.25366072213126,0.4285714285714285,0.0,0.46178402036672483,0.0,0.0,0.0,5.437824771453875,655714.26,107142.84999999999,52102.8652,4.469864427855014,3.5745387115042093,2.258574135064006,0.4285714285714285,1.0,4.82214797208078,0.3410795825179516,0.3522835442257656,5.437824771453873,0.0,5.437824771453875,2.4689430275784163
0.12,50.0,1388.0,25.0,24.65,1879.33,14.0,564.33,0.0,0.44058,1.0,4.6,1.0,1.0,2.48976,60.0,60.0,60.0,6.117259,58.53517,61.59676,58.53665,0.5,-0.25,88.82502,1.0,188.0,277.1429,900.0,500.0,728.5714,214.2857,0.0,0.0,0.0,2.785566,2.037707,11.54701,1,0,3.872983346207417,3.2760940768010016,0.5968892694064154,12.68825780005904,1.0,0.4285714285714285,3.872983346207417,1.4040403186290007,0.8081220356417685,1.4285714285714286,0.8219949365267865,1.0,0.4285714285714285,0.0,0.0,0.5714285714285714,0.0,1.182195399030575,0.16698357911625508,10.429683664995034,10.25366072213126,0.4285714285714285,0.0,0.46178402036672483,0.0,0.0,0.0,5.437824771453875,655714.26,107142.84999999999,52102.8652,4.469864427855014,3.5745387115042093,2.258574135064006,0.4285714285714285,1.0,4.82214797208078,0.3410795825179516,0.3522835442257656,5.437824771453873,0.0,5.437824771453875,2.4689430275784163
0.12,50.0,1388.0,37.0,24.6,1786.825,14.0,471.825,0.0,0.48118,1.0,4.8,1.0,1.0,2.48976,60.0,60.0,60.0,6.117259,58.53517,61.59676,58.53665,0.5,-0.25,88.82502,1.0,188.0,277.1429,900.0,500.0,728.5714,214.2857,0.0,0.0,0.0,2.785566,2.037707,11.54701,1,0,3.872983346207417,3.2760940768010016,0.5968892694064154,12.68825780005904,1.0,0.4285714285714285,3.872983346207417,1.4040403186290007,0.8081220356417685,1.4285714285714286,0.8219949365267865,1.0,0.4285714285714285,0.0,0.0,0.5714285714285714,0.0,1.182195399030575,0.16698357911625508,10.429683664995034,10.25366072213126,0.4285714285714285,0.0,0.46178402036672483,0.0,0.0,0.0,5.437824771453875,655714.26,107142.84999999999,52102.8652,4.469864427855014,3.5745387115042093,2.258574135064006,0.4285714285714285,1.0,4.82214797208078,0.3410795825179516,0.3522835442257656,5.437824771453873,0.0,5.437824771453875,2.4689430275784163
0.12,50.0,1388.0,50.0,23.5,1749.75,11.5,534.75,0.0,0.44058,1.0,4.8,1.0,1.0,2.48976,60.0,60.0,60.0,6.117259,58.53517,61.59676,58.53665,0.5,-0.25,88.82502,1.0,188.0,277.1429,900.0,500.0,728.5714,214.2857,0.0,0.0,0.0,2.785566,2.037707,11.54701,1,0,3.872983346207417,3.2760940768010016,0.5968892694064154,12.68825780005904,1.0,0.4285714285714285,3.872983346207417,1.4040403186290007,0.8081220356417685,1.4285714285714286,0.8219949365267865,1.0,0.4285714285714285,0.0,0.0,0.5714285714285714,0.0,1.182195399030575,0.16698357911625508,10.429683664995034,10.25366072213126,0.4285714285714285,0.0,0.46178402036672483,0.0,0.0,0.0,5.437824771453875,655714.26,107142.84999999999,52102.8652,4.469864427855014,3.5745387115042093,2.258574135064006,0.4285714285714285,1.0,4.82214797208078,0.3410795825179516,0.3522835442257656,5.437824771453873,0.0,5.437824771453875,2.4689430275784163
0.12,50.0,1388.0,200.0,22.0,1157.25,8.5,9.25,0.0,0.477632,1.0,5.0,1.0,1.0,2.48976,60.0,60.0,60.0,6.117259,58.53517,61.59676,58.53665,0.5,-0.25,88.82502,1.0,188.0,277.1429,900.0,500.0,728.5714,214.2857,0.0,0.0,0.0,2.785566,2.037707,11.54701,1,0,3.872983346207417,3.2760940768010016,0.5968892694064154,12.68825780005904,1.0,0.4285714285714285,3.872983346207417,1.4040403186290007,0.8081220356417685,1.4285714285714286,0.8219949365267865,1.0,0.4285714285714285,0.0,0.0,0.5714285714285714,0.0,1.182195399030575,0.16698357911625508,10.429683664995034,10.25366072213126,0.4285714285714285,0.0,0.46178402036672483,0.0,0.0,0.0,5.437824771453875,655714.26,107142.84999999999,52102.8652,4.469864427855014,3.5745387115042093,2.258574135064006,0.4285714285714285,1.0,4.82214797208078,0.3410795825179516,0.3522835442257656,5.437824771453873,0.0,5.437824771453875,2.4689430275784163
0.375,90.0,789.0,80.0,43.019,1459.27,9.35,939.0,0.0,0.0,1.0,4.0,1.0,1.0,4.605355,79.72539,79.52338,79.85418,1.944285,42.09896,42.04048,35.8795,0.487179,0.882353,77.10165,1.000536,263.85,278.0,707.0,237.1,688.2353,195.2941,3.038067,1.552716,10.00482,2.83788,1.566693,11.95726,1,0,3.791883575401148,3.62065479453338,0.1712287808677679,13.72910144758854,0.5,0.411764705882353,1.8959417877005735,1.490857856572568,0.1176794073173993,1.4500000000000002,0.9953161235502764,0.5,0.411764705882353,0.0,0.0,0.088235294117647,0.0,1.0472922137325476,0.04619976905624641,13.664796032642315,1.6156325213526683,0.2058823529411765,0.0,0.010383477116241107,0.0,0.0,0.0,2.82657970979764,486582.3571,46304.23110999999,73350.3,2.813340359661653,3.706269184967264,0.0643054149462257,0.911764705882353,1.0,13.366572848293247,0.015108421841273628,0.20491802543682164,2.826579709797641,0.0,2.82657970979764,0.40508393112800545
0.20979,85.0,573.0,5.0,3.8118,2340.0,0.57806,818.008,0.0,0.0,1.0,1.582,1.0,1.0,3.011828,107.295,89.50258,120.0378,6.055896,59.84436,59.34137,60.17588,0.444444,0.686769,35.18325,1.757954,266.0,271.0,750.0,250.0,671.4286,192.8571,2.932331,2.0,10.0,3.126748,1.311577,11.58685,1,0,3.350705235476804,3.861106750459584,0.5104015149827803,12.937430603499758,0.5,0.4285714285714285,1.675352617738402,1.6547600359112502,0.5976143046671968,1.2857142857142856,0.87831006565368,0.5,0.4285714285714285,0.0,0.0,0.0714285714285714,0.0,0.8678095306222438,0.14154598443848632,11.363075522749801,7.7315935942906195,0.21428571428571425,0.0,0.042686736047656895,0.0,0.0,0.0,2.7723065578928052,503571.44999999995,48214.275,72086.0,2.434944754874957,3.605905992968194,1.5743550807499571,0.9285714285714285,1.0,11.367000903517516,0.03645725107019858,0.18820929978293138,2.772306557892805,0.0,2.7723065578928052,0.020592581827151735
0.19685,85.0,573.0,20.0,3.8118,475.0,0.57806,818.008,0.0,0.0,1.0,1.762,1.0,1.0,3.011828,107.295,89.50258,120.0378,6.055896,59.84436,59.34137,60.17588,0.444444,0.701538,35.18325,1.757954,266.0,271.0,750.0,250.0,671.4286,192.8571,2.932331,2.0,10.0,3.126748,1.311577,11.58685,1,0,3.350705235476804,3.861106750459584,0.5104015149827803,12.937430603499758,0.5,0.4285714285714285,1.675352617738402,1.6547600359112502,0.5976143046671968,1.2857142857142856,0.87831006565368,0.5,0.4285714285714285,0.0,0.0,0.0714285714285714,0.0,0.8678095306222438,0.14154598443848632,11.363075522749801,7.7315935942906195,0.21428571428571425,0.0,0.042686736047656895,0.0,0.0,0.0,2.7723065578928052,503571.44999999995,48214.275,72086.0,2.434944754874957,3.605905992968194,1.5743550807499571,0.9285714285714285,1.0,11.367000903517516,0.03645725107019858,0.18820929978293138,2.772306557892805,0.0,2.7723065578928052,0.020592581827151735
0.2,50.0,85.0,7.0,1.53,553.7,0.45,299.5,0.0,0.25,1.0,5.0,1.0,1.0,2.924839,90.0,90.0,120.0,3.240552,60.0,60.0,60.0,0.2,0.682286,39.34515,1.176906,267.5,292.6667,800.0,257.5,533.3333,161.6667,2.859813,2.5,10.0,2.480511,1.767767,14.14214,1,0,2.8284271247461903,2.82842712474619,4.440892098500626e-16,8.0,0.5,0.0,1.4142135623730951,0.0,0.6236095644623235,1.3333333333333333,0.8728715609439697,0.5,0.0,0.0,0.0,0.5,0.0,1.0000000000000002,1.57009245313266e-16,6.982972487551757,4.988876515698588,0.0,0.0,0.31180478223116176,0.0,0.0,0.0,0.0,426666.64,41629.17525,78288.34225,0.0,2.82842712474619,1.0170275124482426,0.5,1.0,3.9279220242478634,2.220446049250313e-16,0.0,0.0,0.0,0.0,1.4142135623730951
0.004565,10.0,1388.0,77.0,32.88,1999.2,25.0,1532.8,0.0,0.0,1.0,1.8,1.0,1.217285,2.48976,60.0,60.0,60.0,3.011828,107.295,89.50258,120.0378,0.666667,0.828179,344.237,1.0,188.0,266.0,900.0,500.0,750.0,250.0,0.0,0.0,0.0,2.932331,2.0,10.0,1,0,3.872983346207417,3.350705235476804,0.5222781107306131,12.977225575051664,1.0,0.5,3.872983346207417,1.675352617738402,0.7071067811865476,1.5,0.8660254037844388,1.0,0.5,0.0,0.0,0.5,0.0,1.1558710995052903,0.14460150195534252,11.238607018635863,9.176284205106526,0.5,0.0,0.3535533905932738,0.0,0.0,0.0,6.488612787525832,675000.0,125000.0,50008.0,5.619303509317931,3.6118442908421104,1.7386185564158003,0.5,1.0,6.052316211210151,0.26113905536530657,0.4330127018922194,6.488612787525832,0.0,6.488612787525832,2.197630728469015
0.25,45.0,858.0,5.0,36.72,22179.81,34.74,85.322,0.0,0.0,1.0,0.005,1.0,1.0,3.011828,107.295,89.50258,120.0378,5.142692,74.87634,90.0,90.0,0.444444,-0.05223,105.1879,1.757954,266.0,275.0,750.0,250.0,685.7143,201.4286,2.932331,2.0,10.0,2.897249,1.443376,11.54701,1,0,3.350705235476804,3.7158067079548327,0.3651014724780288,12.450572990364083,0.5,0.4285714285714285,1.675352617738402,1.5924885891234997,0.662401321106836,1.2857142857142856,0.8542421961772493,0.5,0.4285714285714285,0.0,0.0,0.0714285714285714,0.0,0.9017436857751903,0.10333286757805993,10.635804814953756,8.247275997354258,0.21428571428571425,0.0,0.04731438007905969,0.0,0.0,0.0,2.6679799265065895,514285.725,50357.149999999994,73150.0,2.2791010317758045,3.5332559717158185,1.8147681754103269,0.9285714285714285,1.0,10.66932936747879,0.026078676605573475,0.18305189918083908,2.6679799265065887,0.0,2.6679799265065895,0.08286402861490227
0.3,45.0,860.0,5.0,29.18,15321.4,20.32,1451.3,0.0,0.0,1.0,1.0,1.0,1.0,3.011828,107.295,89.50258,120.0378,6.617077,57.30339,57.30339,45.08058,0.37037,0.580756,46.07136,1.757954,266.0,278.72,750.0,250.0,640.0,150.4,2.932331,2.0,10.0,2.699061,1.5,14.43953,1,0,3.350705235476804,3.377866795218796,0.0271615597419918,11.318235955482873,0.5,0.36,1.675352617738402,1.2160320462787664,0.6112282715974451,1.32,0.8760375907831333,0.5,0.36,0.0,0.0,0.14,0.0,0.991958960696725,0.008073498964519176,9.91520015835625,6.918025800601853,0.18,0.0,0.08557195802364231,0.0,0.0,0.0,2.037282471986917,480000.0,37600.0,74139.52,1.784736028504125,3.3642860153478003,1.4030357971266227,0.86,1.0,9.28046446425987,0.003802618363878852,0.15768676634096399,2.037282471986917,0.0,2.037282471986917,0.45932057145963556
0.285714,45.0,860.0,5.0,28.2,11612.5,20.32,1452.54,0.0,0.0,1.0,1.0,1.0,1.0,3.011828,107.295,89.50258,120.0378,7.349815,50.90946,50.90946,23.47672,0.4,0.61512,29.25244,1.757954,266.0,268.0,750.0,250.0,615.3846,144.6154,2.932331,2.0,10.0,2.836199,1.675617,14.74136,1,0,3.350705235476804,3.2479488415565347,0.1027563939202691,10.8829191879643,0.5,0.3846153846153846,1.675352617738402,1.2492110929063596,0.6032456592830047,1.3076923076923077,0.877876225140348,0.5,0.3846153846153846,0.0,0.0,0.1153846153846153,0.0,1.0316373190024297,0.03114465235159604,9.55385601523756,6.565073760467185,0.1923076923076923,0.0,0.06960526837880818,0.0,0.0,0.0,2.0928690746085197,461538.45,36153.85,71288.0,1.8372800029302998,3.2993270385166693,1.3290631727267386,0.8846153846153846,1.0,9.228070828026611,0.011856506990800271,0.16882235098852846,2.092869074608519,0.0,2.0928690746085197,0.4261415248320424
0.25641,45.0,860.0,5.0,26.88,9355.0,16.72,1291.54,0.0,0.0,1.0,1.0,1.0,1.0,3.011828,107.295,89.50258,120.0378,6.617077,57.30339,57.30339,45.08058,0.413793,0.52921,46.07136,1.757954,266.0,258.0741,750.0,250.0,592.5926,139.2593,2.932331,2.0,10.0,3.012742,1.907587,15.04623,1,0,3.350705235476804,3.127654440017403,0.2230507954594007,10.479848106928584,0.5,0.4074074074074074,1.675352617738402,1.2742295866737567,0.5989245047702307,1.2962962962962965,0.8785764965929088,0.5,0.4074074074074074,0.0,0.0,0.0925925925925926,0.0,1.0713156772987373,0.06886026893953905,9.207348234611143,6.276637837509442,0.2037037037037037,0.0,0.05545597266391026,0.0,0.0,0.0,2.1347838736336002,444444.44999999995,34814.825,68647.71059999999,1.8755709366800475,3.2391798377471037,1.272499872317441,0.9074074074074074,1.0,9.152042811648121,0.020652851431425992,0.17896928634299994,2.1347838736336002,0.0,2.1347838736336002,0.4011230310646452
0.288462,45.0,860.0,5.0,38.69,7422.33,25.89,470.93,0.0,0.0,1.0,1.0,1.0,1.0,3.011828,107.295,89.50258,120.0378,7.746725,55.60747,55.60747,21.92619,0.444444,0.574394,41.6305,1.757954,266.0,248.8571,750.0,250.0,571.4286,134.2857,2.932331,2.0,10.0,3.217672,2.171241,15.35299,1,0,3.350705235476804,3.0159524957310677,0.3347527397457366,10.10556781739542,0.5,0.4285714285714285,1.675352617738402,1.2925510695990288,0.5976143046671968,1.2857142857142856,0.87831006565368,0.5,0.4285714285714285,0.0,0.0,0.0714285714285714,0.0,1.1109940355856474,0.10515807597235077,8.875821933164286,6.039231884459965,0.21428571428571425,0.0,0.042686736047656895,0.0,0.0,0.0,2.165478818013304,428571.44999999995,33571.424999999996,66195.9886,1.901961842820918,3.1833288656039356,1.2297458842311333,0.9285714285714285,1.0,9.057408284616683,0.02391090998183832,0.18820929978293138,2.165478818013304,0.0,2.165478818013304,0.38280154813937317
0.25,70.0,720.0,5.0,26.0,650.0,9.2,250.0,0.0,4.0,1.0,2.0,1.0,1.0,2.416394,109.4712,109.4712,109.4712,2.924839,90.0,90.0,120.0,0.666667,0.560302,184.6255,1.0,191.0,267.5,1000.0,515.0,800.0,257.5,0.0,0.0,0.0,2.859813,2.5,10.0,1,0,2.8284271247461903,2.8284271247461903,0.0,8.000000000000002,1.0,0.5,2.8284271247461903,1.4142135623730951,0.7071067811865476,1.5,0.8660254037844388,1.0,0.5,0.0,0.0,0.5,0.0,1.0,0.0,6.928203230275512,5.6568542494923815,0.5,0.0,0.3535533905932738,0.0,0.0,0.0,4.000000000000001,800000.0,132612.5,51092.5,3.464101615137756,2.8284271247461903,1.0717967697244897,0.5,1.0,3.8971143170299753,0.0,0.4330127018922194,4.000000000000001,0.0,4.000000000000001,1.4142135623730951
0.028571,10.0,1043.0,300.0,207.4,88.9,5.96,2.48,0.0,0.0,1.0,0.5,0.805996,1.0,2.459352,109.4691,109.4671,109.4596,5.512634,96.2034,96.2034,141.6175,0.666667,0.947257,141.9013,1.000148,183.0,263.5,800.0,470.0,700.0,235.0,0.0,0.0,0.0,3.055028,1.428571,10.0,1,0,4.898979485566356,3.863703305156273,1.035276180410083,18.928203230275507,1.0,0.5,4.898979485566356,1.9318516525781364,0.7071067811865476,1.5,0.8660254037844388,1.0,0.5,0.0,0.0,0.5,0.0,1.267949191737619,0.2362920586702618,16.392304845413264,13.384260859804925,0.5,0.0,0.3535533905932738,0.0,0.0,0.0,9.464101615137753,560000.0,110450.0,48220.5,8.196152422706632,4.381341395361314,2.535898384862242,0.5,1.0,8.629165124598853,0.5176380902050415,0.4330127018922194,9.464101615137753,0.0,9.464101615137753,2.9671278329882194
0.054545,10.0,1043.0,300.0,192.6,134.57,11.15,3.7,1.0,0.0,1.0,0.5,0.805996,1.0,2.459352,109.4691,109.4671,109.4596,5.512634,96.2034,96.2034,141.6175,0.666667,0.947257,141.9013,1.000148,183.0,263.5,800.0,470.0,700.0,235.0,0.0,0.0,0.0,3.055028,1.428571,10.0,1,0,4.898979485566356,3.863703305156273,1.035276180410083,18.928203230275507,1.0,0.5,4.898979485566356,1.9318516525781364,0.7071067811865476,1.5,0.8660254037844388,1.0,0.5,0.0,0.0,0.5,0.0,1.267949191737619,0.2362920586702618,16.392304845413264,13.384260859804925,0.5,0.0,0.3535533905932738,0.0,0.0,0.0,9.464101615137753,560000.0,110450.0,48220.5,8.196152422706632,4.381341395361314,2.535898384862242,0.5,1.0,8.629165124598853,0.5176380902050415,0.4330127018922194,9.464101615137753,0.0,9.464101615137753,2.9671278329882194
0.070588,10.0,1043.0,300.0,172.22,219.75,19.62,2.45,0.0,0.0,1.0,0.5,0.805996,1.0,2.459352,109.4691,109.4671,109.4596,5.512634,96.2034,96.2034,141.6175,0.666667,0.947257,141.9013,1.000148,183.0,263.5,800.0,470.0,700.0,235.0,0.0,0.0,0.0,3.055028,1.428571,10.0,1,0,4.898979485566356,3.863703305156273,1.035276180410083,18.928203230275507,1.0,0.5,4.898979485566356,1.9318516525781364,0.7071067811865476,1.5,0.8660254037844388,1.0,0.5,0.0,0.0,0.5,0.0,1.267949191737619,0.2362920586702618,16.392304845413264,13.384260859804925,0.5,0.0,0.3535533905932738,0.0,0.0,0.0,9.464101615137753,560000.0,110450.0,48220.5,8.196152422706632,4.381341395361314,2.535898384862242,0.5,1.0,8.629165124598853,0.5176380902050415,0.4330127018922194,9.464101615137753,0.0,9.464101615137753,2.9671278329882194
0.109091,10.0,1043.0,300.0,161.1,325.935,26.534,4.935,0.0,0.0,1.0,0.5,0.805996,1.0,2.459352,109.4691,109.4671,109.4596,5.512634,96.2034,96.2034,141.6175,0.666667,0.947257,141.9013,1.000148,183.0,263.5,800.0,470.0,700.0,235.0,0.0,0.0,0.0,3.055028,1.428571,10.0,1,0,4.898979485566356,3.863703305156273,1.035276180410083,18.928203230275507,1.0,0.5,4.898979485566356,1.9318516525781364,0.7071067811865476,1.5,0.8660254037844388,1.0,0.5,0.0,0.0,0.5,0.0,1.267949191737619,0.2362920586702618,16.392304845413264,13.384260859804925,0.5,0.0,0.3535533905932738,0.0,0.0,0.0,9.464101615137753,560000.0,110450.0,48220.5,8.196152422706632,4.381341395361314,2.535898384862242,0.5,1.0,8.629165124598853,0.5176380902050415,0.4330127018922194,9.464101615137753,0.0,9.464101615137753,2.9671278329882194
0.12,10.0,1043.0,300.0,151.85,325.935,29.0,7.407,1.0,0.0,1.0,0.5,0.805996,1.0,2.459352,109.4691,109.4671,109.4596,5.512634,96.2034,96.2034,141.6175,0.666667,0.947257,141.9013,1.000148,183.0,263.5,800.0,470.0,700.0,235.0,0.0,0.0,0.0,3.055028,1.428571,10.0,1,0,4.898979485566356,3.863703305156273,1.035276180410083,18.928203230275507,1.0,0.5,4.898979485566356,1.9318516525781364,0.7071067811865476,1.5,0.8660254037844388,1.0,0.5,0.0,0.0,0.5,0.0,1.267949191737619,0.2362920586702618,16.392304845413264,13.384260859804925,0.5,0.0,0.3535533905932738,0.0,0.0,0.0,9.464101615137753,560000.0,110450.0,48220.5,8.196152422706632,4.381341395361314,2.535898384862242,0.5,1.0,8.629165124598853,0.5176380902050415,0.4330127018922194,9.464101615137753,0.0,9.464101615137753,2.9671278329882194
0.315789,10.0,1043.0,300.0,120.4,261.73,17.11,4.95,1.0,0.0,1.0,0.5,0.805996,1.0,2.459352,109.4691,109.4671,109.4596,5.512634,96.2034,96.2034,141.6175,0.666667,0.947257,141.9013,1.000148,183.0,263.5,800.0,470.0,700.0,235.0,0.0,0.0,0.0,3.055028,1.428571,10.0,1,0,4.898979485566356,3.863703305156273,1.035276180410083,18.928203230275507,1.0,0.5,4.898979485566356,1.9318516525781364,0.7071067811865476,1.5,0.8660254037844388,1.0,0.5,0.0,0.0,0.5,0.0,1.267949191737619,0.2362920586702618,16.392304845413264,13.384260859804925,0.5,0.0,0.3535533905932738,0.0,0.0,0.0,9.464101615137753,560000.0,110450.0,48220.5,8.196152422706632,4.381341395361314,2.535898384862242,0.5,1.0,8.629165124598853,0.5176380902050415,0.4330127018922194,9.464101615137753,0.0,9.464101615137753,2.9671278329882194
0.265487,100.0,850.0,4.0,37.0,17000.0,21.0,800.0,0.0,0.0,1.0,3.0,1.0,1.0,5.932914,120.4948,120.2024,89.39748,2.941952,60.0,60.0,60.0,0.5,-0.02669,108.3464,1.0,275.7143,0.0,700.0,205.7143,0.0,0.0,2.860376,1.707469,11.55577,0.0,-2.22e-16,0.0,1,0,3.569235830903556,1.7320508075688772,1.8371850233346785,6.182097803320276,0.4285714285714285,0.0,1.5296724989586663,0.0,1.851640199545103,0.0,0.0,0.4285714285714285,1.0,0.0,0.0,0.5714285714285714,0.0,2.060699261649476,0.6931091041449412,0.0,11.447020810147299,0.4285714285714285,0.0,1.0580801140257732,0.0,0.0,0.0,0.0,0.0,0.0,0.0,0.0,2.6506433192362167,6.182097803320276,0.4285714285714285,1.0,0.0,1.049820013334102,0.0,2.6494704871372607,0.0,0.0,1.5296724989586663
0.263158,100.0,850.0,4.0,20.0,17000.0,9.1,1500.0,0.0,0.0,1.0,3.0,1.0,1.0,5.932914,120.4948,120.2024,89.39748,2.941952,60.0,60.0,60.0,0.5,-0.02389,108.3464,1.0,275.7143,0.0,700.0,205.7143,0.0,0.0,2.860376,1.707469,11.55577,0.0,-2.22e-16,0.0,1,0,3.569235830903556,1.7320508075688772,1.8371850233346785,6.182097803320276,0.4285714285714285,0.0,1.5296724989586663,0.0,1.851640199545103,0.0,0.0,0.4285714285714285,1.0,0.0,0.0,0.5714285714285714,0.0,2.060699261649476,0.6931091041449412,0.0,11.447020810147299,0.4285714285714285,0.0,1.0580801140257732,0.0,0.0,0.0,0.0,0.0,0.0,0.0,0.0,2.6506433192362167,6.182097803320276,0.4285714285714285,1.0,0.0,1.049820013334102,0.0,2.6494704871372607,0.0,0.0,1.5296724989586663
0.263158,100.0,850.0,4.0,10.0,14000.0,2.3,1650.0,0.0,0.0,1.0,3.0,1.0,1.0,5.932914,120.4948,120.2024,89.39748,2.941952,60.0,60.0,60.0,0.5,0.237805,108.3464,1.0,275.7143,0.0,700.0,205.7143,0.0,0.0,2.860376,1.707469,11.55577,0.0,-2.22e-16,0.0,1,0,3.569235830903556,1.7320508075688772,1.8371850233346785,6.182097803320276,0.4285714285714285,0.0,1.5296724989586663,0.0,1.851640199545103,0.0,0.0,0.4285714285714285,1.0,0.0,0.0,0.5714285714285714,0.0,2.060699261649476,0.6931091041449412,0.0,11.447020810147299,0.4285714285714285,0.0,1.0580801140257732,0.0,0.0,0.0,0.0,0.0,0.0,0.0,0.0,2.6506433192362167,6.182097803320276,0.4285714285714285,1.0,0.0,1.049820013334102,0.0,2.6494704871372607,0.0,0.0,1.5296724989586663
0.06,40.0,658.0,300.0,26.0,442.0,10.0,1.0,0.0,0.0,1.0,0.0,0.556158,1.9686,5.932914,120.4948,120.2024,89.39748,2.924839,90.0,90.0,120.0,0.444444,0.619048,84.36361,1.0,275.7143,267.5,700.0,205.7143,800.0,257.5,2.860376,1.707469,11.55577,2.859813,2.5,10.0,1,0,3.569235830903556,2.8284271247461903,0.7408087061573654,10.095323438743623,0.4285714285714285,0.5,1.5296724989586663,1.4142135623730951,0.5976143046671968,1.2857142857142856,0.87831006565368,0.4285714285714285,0.5,0.0,0.0,0.0714285714285714,0.0,1.261915428916942,0.23158728710060844,8.866824192278045,6.033109697235225,0.21428571428571425,0.0,0.042686736047656895,0.0,0.0,0.0,2.16328359401649,560000.0,52971.432250000005,73753.57525,1.9000337554881521,3.198831477824873,1.2284992464655773,0.9285714285714285,1.0,9.04905323950803,0.05291490758266893,0.18820929978293138,2.1632835940164905,0.0,2.16328359401649,0.11545893658557116
0.06,40.0,658.0,300.0,38.0,476.0,16.0,1.0,0.0,0.0,1.0,0.0,1.0,2.175805,5.932914,120.4948,120.2024,89.39748,2.924839,90.0,90.0,120.0,0.444444,0.619048,84.36361,1.0,275.7143,267.5,700.0,205.7143,800.0,257.5,2.860376,1.707469,11.55577,2.859813,2.5,10.0,1,0,3.569235830903556,2.8284271247461903,0.7408087061573654,10.095323438743623,0.4285714285714285,0.5,1.5296724989586663,1.4142135623730951,0.5976143046671968,1.2857142857142856,0.87831006565368,0.4285714285714285,0.5,0.0,0.0,0.0714285714285714,0.0,1.261915428916942,0.23158728710060844,8.866824192278045,6.033109697235225,0.21428571428571425,0.0,0.042686736047656895,0.0,0.0,0.0,2.16328359401649,560000.0,52971.432250000005,73753.57525,1.9000337554881521,3.198831477824873,1.2284992464655773,0.9285714285714285,1.0,9.04905323950803,0.05291490758266893,0.18820929978293138,2.1632835940164905,0.0,2.16328359401649,0.11545893658557116
0.06,40.0,658.0,300.0,43.0,543.0,8.0,2.0,0.0,0.0,1.0,0.0,0.556158,1.9686,5.932914,120.4948,120.2024,89.39748,2.924839,90.0,90.0,120.0,0.444444,0.619048,84.36361,1.0,275.7143,267.5,700.0,205.7143,800.0,257.5,2.860376,1.707469,11.55577,2.859813,2.5,10.0,1,0,3.569235830903556,2.8284271247461903,0.7408087061573654,10.095323438743623,0.4285714285714285,0.5,1.5296724989586663,1.4142135623730951,0.5976143046671968,1.2857142857142856,0.87831006565368,0.4285714285714285,0.5,0.0,0.0,0.0714285714285714,0.0,1.261915428916942,0.23158728710060844,8.866824192278045,6.033109697235225,0.21428571428571425,0.0,0.042686736047656895,0.0,0.0,0.0,2.16328359401649,560000.0,52971.432250000005,73753.57525,1.9000337554881521,3.198831477824873,1.2284992464655773,0.9285714285714285,1.0,9.04905323950803,0.05291490758266893,0.18820929978293138,2.1632835940164905,0.0,2.16328359401649,0.11545893658557116
0.06,40.0,658.0,300.0,31.0,363.0,4.0,2.0,0.0,0.0,1.0,0.0,0.556158,1.9686,5.932914,120.4948,120.2024,89.39748,2.924839,90.0,90.0,120.0,0.444444,0.619048,84.36361,1.0,275.7143,267.5,700.0,205.7143,800.0,257.5,2.860376,1.707469,11.55577,2.859813,2.5,10.0,1,0,3.569235830903556,2.8284271247461903,0.7408087061573654,10.095323438743623,0.4285714285714285,0.5,1.5296724989586663,1.4142135623730951,0.5976143046671968,1.2857142857142856,0.87831006565368,0.4285714285714285,0.5,0.0,0.0,0.0714285714285714,0.0,1.261915428916942,0.23158728710060844,8.866824192278045,6.033109697235225,0.21428571428571425,0.0,0.042686736047656895,0.0,0.0,0.0,2.16328359401649,560000.0,52971.432250000005,73753.57525,1.9000337554881521,3.198831477824873,1.2284992464655773,0.9285714285714285,1.0,9.04905323950803,0.05291490758266893,0.18820929978293138,2.1632835940164905,0.0,2.16328359401649,0.11545893658557116
0.06,40.0,658.0,5.0,29.0,4076.0,22.0,80.0,0.0,0.0,1.0,5.0,0.218395,8.0,5.932914,120.4948,120.2024,89.39748,2.924839,90.0,90.0,120.0,0.444444,0.619048,84.36361,1.0,275.7143,267.5,700.0,205.7143,800.0,257.5,2.860376,1.707469,11.55577,2.859813,2.5,10.0,1,0,3.569235830903556,2.8284271247461903,0.7408087061573654,10.095323438743623,0.4285714285714285,0.5,1.5296724989586663,1.4142135623730951,0.5976143046671968,1.2857142857142856,0.87831006565368,0.4285714285714285,0.5,0.0,0.0,0.0714285714285714,0.0,1.261915428916942,0.23158728710060844,8.866824192278045,6.033109697235225,0.21428571428571425,0.0,0.042686736047656895,0.0,0.0,0.0,2.16328359401649,560000.0,52971.432250000005,73753.57525,1.9000337554881521,3.198831477824873,1.2284992464655773,0.9285714285714285,1.0,9.04905323950803,0.05291490758266893,0.18820929978293138,2.1632835940164905,0.0,2.16328359401649,0.11545893658557116
0.06,40.0,658.0,5.0,41.0,7649.0,33.0,177.0,0.0,0.0,1.0,5.0,0.218395,8.0,5.932914,120.4948,120.2024,89.39748,2.924839,90.0,90.0,120.0,0.444444,0.619048,84.36361,1.0,275.7143,267.5,700.0,205.7143,800.0,257.5,2.860376,1.707469,11.55577,2.859813,2.5,10.0,1,0,3.569235830903556,2.8284271247461903,0.7408087061573654,10.095323438743623,0.4285714285714285,0.5,1.5296724989586663,1.4142135623730951,0.5976143046671968,1.2857142857142856,0.87831006565368,0.4285714285714285,0.5,0.0,0.0,0.0714285714285714,0.0,1.261915428916942,0.23158728710060844,8.866824192278045,6.033109697235225,0.21428571428571425,0.0,0.042686736047656895,0.0,0.0,0.0,2.16328359401649,560000.0,52971.432250000005,73753.57525,1.9000337554881521,3.198831477824873,1.2284992464655773,0.9285714285714285,1.0,9.04905323950803,0.05291490758266893,0.18820929978293138,2.1632835940164905,0.0,2.16328359401649,0.11545893658557116
0.06,40.0,658.0,5.0,47.0,11890.0,32.0,763.0,0.0,0.0,1.0,5.0,0.218395,8.0,5.932914,120.4948,120.2024,89.39748,2.924839,90.0,90.0,120.0,0.444444,0.619048,84.36361,1.0,275.7143,267.5,700.0,205.7143,800.0,257.5,2.860376,1.707469,11.55577,2.859813,2.5,10.0,1,0,3.569235830903556,2.8284271247461903,0.7408087061573654,10.095323438743623,0.4285714285714285,0.5,1.5296724989586663,1.4142135623730951,0.5976143046671968,1.2857142857142856,0.87831006565368,0.4285714285714285,0.5,0.0,0.0,0.0714285714285714,0.0,1.261915428916942,0.23158728710060844,8.866824192278045,6.033109697235225,0.21428571428571425,0.0,0.042686736047656895,0.0,0.0,0.0,2.16328359401649,560000.0,52971.432250000005,73753.57525,1.9000337554881521,3.198831477824873,1.2284992464655773,0.9285714285714285,1.0,9.04905323950803,0.05291490758266893,0.18820929978293138,2.1632835940164905,0.0,2.16328359401649,0.11545893658557116
0.06,40.0,658.0,5.0,35.0,11343.0,22.0,593.0,0.0,0.0,1.0,5.0,0.218395,8.0,5.932914,120.4948,120.2024,89.39748,2.924839,90.0,90.0,120.0,0.444444,0.619048,84.36361,1.0,275.7143,267.5,700.0,205.7143,800.0,257.5,2.860376,1.707469,11.55577,2.859813,2.5,10.0,1,0,3.569235830903556,2.8284271247461903,0.7408087061573654,10.095323438743623,0.4285714285714285,0.5,1.5296724989586663,1.4142135623730951,0.5976143046671968,1.2857142857142856,0.87831006565368,0.4285714285714285,0.5,0.0,0.0,0.0714285714285714,0.0,1.261915428916942,0.23158728710060844,8.866824192278045,6.033109697235225,0.21428571428571425,0.0,0.042686736047656895,0.0,0.0,0.0,2.16328359401649,560000.0,52971.432250000005,73753.57525,1.9000337554881521,3.198831477824873,1.2284992464655773,0.9285714285714285,1.0,9.04905323950803,0.05291490758266893,0.18820929978293138,2.1632835940164905,0.0,2.16328359401649,0.11545893658557116
0.6,16.0,573.0,5.0,9.1,4810.0,2.101,1100.0,0.0,0.0,1.0,3.8,1.0,1.0,6.055896,59.84436,59.34137,60.17588,3.788512,90.0,90.0,90.0,0.416667,0.822152,45.37401,1.000956,271.0,279.6,671.4286,192.8571,680.0,188.0,3.126748,1.311577,11.58685,2.820943,1.440876,12.24745,1,0,3.861106750459584,3.656648069074256,0.2044586813853279,14.118708543557617,0.4285714285714285,0.4,1.6547600359112502,1.4626592276297026,0.1851640199545103,1.457142857142857,0.9888475862700886,0.4285714285714285,0.4,0.0,0.0,0.0285714285714285,0.0,1.055914235377305,0.054393548539288614,13.961250864547827,2.6142768304912174,0.1714285714285714,0.0,0.005290400570128853,0.0,0.0,0.0,2.4203500360384482,456571.448,36257.1348,75771.6,2.3933572910653416,3.75887740976692,0.15745767900978908,0.9714285714285715,1.0,14.522952780794547,0.005841676611009355,0.1695167290748723,2.4203500360384482,0.0,2.4203500360384482,0.19210080828154763
0.157895,16.0,573.0,5.0,11.6,4520.0,4.35,270.0,0.0,0.0,1.0,2.0,1.0,1.0,6.055896,59.84436,59.34137,60.17588,3.788512,90.0,90.0,90.0,0.416667,0.791772,45.37401,1.000956,271.0,279.6,671.4286,192.8571,680.0,188.0,3.126748,1.311577,11.58685,2.820943,1.440876,12.24745,1,0,3.861106750459584,3.656648069074256,0.2044586813853279,14.118708543557617,0.4285714285714285,0.4,1.6547600359112502,1.4626592276297026,0.1851640199545103,1.457142857142857,0.9888475862700886,0.4285714285714285,0.4,0.0,0.0,0.0285714285714285,0.0,1.055914235377305,0.054393548539288614,13.961250864547827,2.6142768304912174,0.1714285714285714,0.0,0.005290400570128853,0.0,0.0,0.0,2.4203500360384482,456571.448,36257.1348,75771.6,2.3933572910653416,3.75887740976692,0.15745767900978908,0.9714285714285715,1.0,14.522952780794547,0.005841676611009355,0.1695167290748723,2.4203500360384482,0.0,2.4203500360384482,0.19210080828154763
0.142857,16.0,573.0,5.0,13.6,2170.0,2.1308,181.0,0.0,0.0,1.0,1.801,1.0,1.0,6.055896,59.84436,59.34137,60.17588,3.788512,90.0,90.0,90.0,0.416667,0.799156,45.37401,1.000956,271.0,279.6,671.4286,192.8571,680.0,188.0,3.126748,1.311577,11.58685,2.820943,1.440876,12.24745,1,0,3.861106750459584,3.656648069074256,0.2044586813853279,14.118708543557617,0.4285714285714285,0.4,1.6547600359112502,1.4626592276297026,0.1851640199545103,1.457142857142857,0.9888475862700886,0.4285714285714285,0.4,0.0,0.0,0.0285714285714285,0.0,1.055914235377305,0.054393548539288614,13.961250864547827,2.6142768304912174,0.1714285714285714,0.0,0.005290400570128853,0.0,0.0,0.0,2.4203500360384482,456571.448,36257.1348,75771.6,2.3933572910653416,3.75887740976692,0.15745767900978908,0.9714285714285715,1.0,14.522952780794547,0.005841676611009355,0.1695167290748723,2.4203500360384482,0.0,2.4203500360384482,0.19210080828154763
0.107143,16.0,573.0,5.0,14.5,1680.0,0.83608,97.0,0.0,0.0,1.0,2.0,1.0,1.0,6.055896,59.84436,59.34137,60.17588,3.788512,90.0,90.0,90.0,0.416667,0.814135,45.37401,1.000956,271.0,279.6,671.4286,192.8571,680.0,188.0,3.126748,1.311577,11.58685,2.820943,1.440876,12.24745,1,0,3.861106750459584,3.656648069074256,0.2044586813853279,14.118708543557617,0.4285714285714285,0.4,1.6547600359112502,1.4626592276297026,0.1851640199545103,1.457142857142857,0.9888475862700886,0.4285714285714285,0.4,0.0,0.0,0.0285714285714285,0.0,1.055914235377305,0.054393548539288614,13.961250864547827,2.6142768304912174,0.1714285714285714,0.0,0.005290400570128853,0.0,0.0,0.0,2.4203500360384482,456571.448,36257.1348,75771.6,2.3933572910653416,3.75887740976692,0.15745767900978908,0.9714285714285715,1.0,14.522952780794547,0.005841676611009355,0.1695167290748723,2.4203500360384482,0.0,2.4203500360384482,0.19210080828154763
0.535714,50.0,1388.0,5.0,24.2,4112.35,13.54,1594.35,0.0,0.232176,1.0,1.0,1.0,1.0,2.48976,60.0,60.0,60.0,2.562849,60.0,60.0,60.0,1.0,0.691318,406.1886,1.0,188.0,166.0,900.0,500.0,600.0,450.0,0.0,0.0,0.0,0.0,-2.22e-16,0.0,1,0,3.872983346207417,6.928203230275509,3.055219884068092,26.832815729997478,1.0,1.0,3.872983346207417,6.928203230275509,2.0,0.0,0.0,1.0,1.0,0.0,0.0,0.0,0.0,0.5590169950114516,0.5657193044073381,0.0,53.665631459994955,1.0,0.0,0.0,0.0,0.0,0.0,26.832815729997474,540000.0,225000.0,31208.0,0.0,5.400593288241463,26.832815729997478,1.0,1.0,0.0,0.0,0.0,26.832815729997478,0.0,26.832815729997474,3.0552198840680918
0.434783,50.0,1388.0,5.0,21.9,3668.12,11.624,1150.12,0.0,0.0,1.0,1.0,1.0,1.0,2.48976,60.0,60.0,60.0,2.562849,60.0,60.0,60.0,1.0,0.691318,406.1886,1.0,188.0,166.0,900.0,500.0,600.0,450.0,0.0,0.0,0.0,0.0,-2.22e-16,0.0,1,0,3.872983346207417,6.928203230275509,3.055219884068092,26.832815729997478,1.0,1.0,3.872983346207417,6.928203230275509,2.0,0.0,0.0,1.0,1.0,0.0,0.0,0.0,0.0,0.5590169950114516,0.5657193044073381,0.0,53.665631459994955,1.0,0.0,0.0,0.0,0.0,0.0,26.832815729997474,540000.0,225000.0,31208.0,0.0,5.400593288241463,26.832815729997478,1.0,1.0,0.0,0.0,0.0,26.832815729997478,0.0,26.832815729997474,3.0552198840680918
0.75,46.0,535.0,5.0,15.1,2585.0,15.6,925.0,0.0,0.0,1.0,0.05,1.0,1.0,3.550363,90.0,90.0,90.0,0.0,0.0,0.0,0.0,0.428571,0.8875,206.0281,1.064554,270.2357,0.0,682.1429,192.0,0.0,0.0,2.892039,2.089449,12.17202,0.0,-2.22e-16,0.0,0,0,3.368096255876581,0.0,3.368096255876581,0.0,0.4285714285714285,0.0,1.443469823947106,0.0,1.1908451809105831,0.0,0.0,0.4285714285714285,0.0,0.0071428571428571,0.0,0.4285714285714285,0.0071428571428571,336809626.58765805,1.999999988123855,0.0,0.0,0.0,0.0,0.5103622203902498,0.008506037006504114,0.0,0.0,0.0,0.0,0.0,0.0,0.0,1.6840481279382904,0.0,0.5714285714285715,0.9928571428571429,0.0,1.4434698239471058,0.0,0.0,0.0,0.0,1.443469823947106
0.5,40.0,535.0,5.0,48.2,827.0,48.2,154.0,0.0,0.0,1.0,0.05,1.0,1.0,3.990873,86.97527,90.0,90.0,0.0,0.0,0.0,0.0,0.428571,0.807637,171.5303,1.15331,270.2357,0.0,682.1429,192.0,0.0,0.0,2.892039,2.089449,12.17202,0.0,-2.22e-16,0.0,0,0,3.368096255876581,0.0,3.368096255876581,0.0,0.4285714285714285,0.0,1.443469823947106,0.0,1.1908451809105831,0.0,0.0,0.4285714285714285,0.0,0.0071428571428571,0.0,0.4285714285714285,0.0071428571428571,336809626.58765805,1.999999988123855,0.0,0.0,0.0,0.0,0.5103622203902498,0.008506037006504114,0.0,0.0,0.0,0.0,0.0,0.0,0.0,1.6840481279382904,0.0,0.5714285714285715,0.9928571428571429,0.0,1.4434698239471058,0.0,0.0,0.0,0.0,1.443469823947106
0.1875,30.0,535.0,5.0,70.1,362.0,70.88,878.374,0.0,0.0,1.0,0.05,1.0,1.0,4.653465,86.97527,90.0,90.0,0.0,0.0,0.0,0.0,0.428571,0.757146,136.2706,1.635227,270.2357,0.0,682.1429,192.0,0.0,0.0,2.892039,2.089449,12.17202,0.0,-2.22e-16,0.0,0,0,3.368096255876581,0.0,3.368096255876581,0.0,0.4285714285714285,0.0,1.443469823947106,0.0,1.1908451809105831,0.0,0.0,0.4285714285714285,0.0,0.0071428571428571,0.0,0.4285714285714285,0.0071428571428571,336809626.58765805,1.999999988123855,0.0,0.0,0.0,0.0,0.5103622203902498,0.008506037006504114,0.0,0.0,0.0,0.0,0.0,0.0,0.0,1.6840481279382904,0.0,0.5714285714285715,0.9928571428571429,0.0,1.4434698239471058,0.0,0.0,0.0,0.0,1.443469823947106
0.103448,30.0,535.0,5.0,80.3,207.0,81.14,878.374,0.0,0.0,1.0,0.05,1.0,1.0,4.653465,86.97527,90.0,90.0,0.0,0.0,0.0,0.0,0.428571,0.733114,136.2706,1.635227,270.2357,0.0,682.1429,192.0,0.0,0.0,2.892039,2.089449,12.17202,0.0,-2.22e-16,0.0,0,0,3.368096255876581,0.0,3.368096255876581,0.0,0.4285714285714285,0.0,1.443469823947106,0.0,1.1908451809105831,0.0,0.0,0.4285714285714285,0.0,0.0071428571428571,0.0,0.4285714285714285,0.0071428571428571,336809626.58765805,1.999999988123855,0.0,0.0,0.0,0.0,0.5103622203902498,0.008506037006504114,0.0,0.0,0.0,0.0,0.0,0.0,0.0,1.6840481279382904,0.0,0.5714285714285715,0.9928571428571429,0.0,1.4434698239471058,0.0,0.0,0.0,0.0,1.443469823947106
0.1,80.0,627.0,5.0,0.648,874.27,0.01,1630.76,0.0,0.021,1.0,0.5,1.0,1.0,2.416394,109.4712,109.4712,109.4712,3.957177,90.0,90.0,90.0,0.5,0.918919,79.22314,1.0,191.0,243.0,1000.0,515.0,520.0,94.0,0.0,0.0,0.0,3.403618,2.686808,19.49359,1,0,2.8284271247461903,3.0232623334747606,0.1948352087285703,8.551077189223475,1.0,0.2,2.8284271247461903,0.6046524666949522,1.2,1.0,0.5892556509887896,1.0,0.4,0.0,0.0,0.6,0.0,0.9355546470688885,0.0665910962820962,5.0387705557912685,10.26129262706817,0.4,0.0,0.72,0.0,0.0,0.0,1.7102154378446952,520000.0,48410.0,46413.0,2.0155082223165075,2.9258447291104757,3.512306633432207,0.4,1.0,2.251210482712023,0.11690112523714218,0.23570226039551587,3.4204308756893904,0.0,1.7102154378446952,2.223774658051238
0.1,80.0,627.0,5.0,0.846,326.075,0.01,1212.995,0.0,0.044,1.0,0.5,1.0,1.0,2.416394,109.4712,109.4712,109.4712,3.957177,90.0,90.0,90.0,0.5,0.918919,79.22314,1.0,191.0,243.0,1000.0,515.0,520.0,94.0,0.0,0.0,0.0,3.403618,2.686808,19.49359,1,0,2.8284271247461903,3.0232623334747606,0.1948352087285703,8.551077189223475,1.0,0.2,2.8284271247461903,0.6046524666949522,1.2,1.0,0.5892556509887896,1.0,0.4,0.0,0.0,0.6,0.0,0.9355546470688885,0.0665910962820962,5.0387705557912685,10.26129262706817,0.4,0.0,0.72,0.0,0.0,0.0,1.7102154378446952,520000.0,48410.0,46413.0,2.0155082223165075,2.9258447291104757,3.512306633432207,0.4,1.0,2.251210482712023,0.11690112523714218,0.23570226039551587,3.4204308756893904,0.0,1.7102154378446952,2.223774658051238
0.375,20.0,830.0,50.0,0.368,2662.31,0.0065,648.446,0.0,0.0059,1.0,2.0,0.516643,1.0,5.154128,109.3259,121.6127,64.75151,0.0,0.0,0.0,0.0,0.1,0.318182,177.8266,0.79721,224.7,0.0,440.0,47.0,0.0,0.0,4.154228,3.82467,29.49576,0.0,-2.22e-16,0.0,0,0,3.134755973402721,0.0,3.134755973402721,0.0,0.2,0.0,0.6269511946805442,0.0,1.224744871391589,0.0,0.0,0.4,0.0,0.2,0.0,0.4,0.2,313475598.34027207,1.9999999872398362,0.0,0.0,0.0,0.0,0.4898979485566356,0.2449489742783178,0.0,0.0,0.0,0.0,0.0,0.0,0.0,1.5673779867013604,0.0,0.6,0.8,0.0,1.2539023893610883,0.0,0.0,0.0,0.0,0.6269511946805442
0.375,20.0,830.0,100.0,0.335,2227.481,0.006,261.949,0.0,0.00338,1.0,2.0,0.516643,1.0,5.154128,109.3259,121.6127,64.75151,0.0,0.0,0.0,0.0,0.1,0.318182,177.8266,0.79721,224.7,0.0,440.0,47.0,0.0,0.0,4.154228,3.82467,29.49576,0.0,-2.22e-16,0.0,0,0,3.134755973402721,0.0,3.134755973402721,0.0,0.2,0.0,0.6269511946805442,0.0,1.224744871391589,0.0,0.0,0.4,0.0,0.2,0.0,0.4,0.2,313475598.34027207,1.9999999872398362,0.0,0.0,0.0,0.0,0.4898979485566356,0.2449489742783178,0.0,0.0,0.0,0.0,0.0,0.0,0.0,1.5673779867013604,0.0,0.6,0.8,0.0,1.2539023893610883,0.0,0.0,0.0,0.0,0.6269511946805442
0.375,20.0,830.0,150.0,0.321,1590.775,0.007,97.394,0.0,0.0045,1.0,2.0,0.516643,1.0,4.581761,96.44198,100.5376,81.58384,0.0,0.0,0.0,0.0,0.1,0.318182,154.9873,0.969841,224.7,0.0,440.0,47.0,0.0,0.0,4.154228,3.82467,29.49576,0.0,-2.22e-16,0.0,0,0,3.134755973402721,0.0,3.134755973402721,0.0,0.2,0.0,0.6269511946805442,0.0,1.224744871391589,0.0,0.0,0.4,0.0,0.2,0.0,0.4,0.2,313475598.34027207,1.9999999872398362,0.0,0.0,0.0,0.0,0.4898979485566356,0.2449489742783178,0.0,0.0,0.0,0.0,0.0,0.0,0.0,1.5673779867013604,0.0,0.6,0.8,0.0,1.2539023893610883,0.0,0.0,0.0,0.0,0.6269511946805442
0.375,20.0,830.0,175.0,0.268,1200.862,0.005,24.949,1.0,0.0006,1.0,2.0,0.516643,1.0,5.449919,115.7679,132.1502,56.33534,0.0,0.0,0.0,0.0,0.1,0.318182,144.5959,0.740874,224.7,0.0,440.0,47.0,0.0,0.0,4.154228,3.82467,29.49576,0.0,-2.22e-16,0.0,0,0,3.134755973402721,0.0,3.134755973402721,0.0,0.2,0.0,0.6269511946805442,0.0,1.224744871391589,0.0,0.0,0.4,0.0,0.2,0.0,0.4,0.2,313475598.34027207,1.9999999872398362,0.0,0.0,0.0,0.0,0.4898979485566356,0.2449489742783178,0.0,0.0,0.0,0.0,0.0,0.0,0.0,1.5673779867013604,0.0,0.6,0.8,0.0,1.2539023893610883,0.0,0.0,0.0,0.0,0.6269511946805442
0.375,20.0,830.0,200.0,0.23,1136.268,0.004,30.557,0.0,0.0035,1.0,2.0,0.516643,1.0,4.754763,90.0,90.0,90.0,0.0,0.0,0.0,0.0,0.1,0.318182,141.1031,1.57071,224.7,0.0,440.0,47.0,0.0,0.0,4.154228,3.82467,29.49576,0.0,-2.22e-16,0.0,0,0,3.134755973402721,0.0,3.134755973402721,0.0,0.2,0.0,0.6269511946805442,0.0,1.224744871391589,0.0,0.0,0.4,0.0,0.2,0.0,0.4,0.2,313475598.34027207,1.9999999872398362,0.0,0.0,0.0,0.0,0.4898979485566356,0.2449489742783178,0.0,0.0,0.0,0.0,0.0,0.0,0.0,1.5673779867013604,0.0,0.6,0.8,0.0,1.2539023893610883,0.0,0.0,0.0,0.0,0.6269511946805442
0.375,20.0,830.0,250.0,0.193,524.0,0.001,176.0,1.0,0.0,1.0,2.0,0.516643,1.0,5.449919,115.7679,132.1502,56.33534,0.0,0.0,0.0,0.0,0.1,0.318182,144.5959,0.740874,224.7,0.0,440.0,47.0,0.0,0.0,4.154228,3.82467,29.49576,0.0,-2.22e-16,0.0,0,0,3.134755973402721,0.0,3.134755973402721,0.0,0.2,0.0,0.6269511946805442,0.0,1.224744871391589,0.0,0.0,0.4,0.0,0.2,0.0,0.4,0.2,313475598.34027207,1.9999999872398362,0.0,0.0,0.0,0.0,0.4898979485566356,0.2449489742783178,0.0,0.0,0.0,0.0,0.0,0.0,0.0,1.5673779867013604,0.0,0.6,0.8,0.0,1.2539023893610883,0.0,0.0,0.0,0.0,0.6269511946805442
0.534759,10.0,838.0,5.0,72.42,252.105,17.76,32.99,0.0,0.96846,1.0,1.0,0.805996,1.0,5.142692,74.87634,90.0,90.0,0.0,0.0,0.0,0.0,0.428571,0.862471,136.9812,1.708366,275.0,0.0,685.7143,201.4286,0.0,0.0,2.897249,1.443376,11.54701,0.0,-2.22e-16,0.0,0,0,3.7158067079548327,0.0,3.7158067079548327,0.0,0.4285714285714285,0.0,1.5924885891234997,0.0,1.228903609577518,0.0,0.0,0.4285714285714285,0.0,0.0,0.0,0.4285714285714285,0.0,371580671.79548323,1.9999999892351776,0.0,0.0,0.0,0.0,0.5266729755332219,0.0,0.0,0.0,0.0,0.0,0.0,0.0,0.0,1.8579033539774163,0.0,0.5714285714285715,1.0,0.0,1.5924885891234994,0.0,0.0,0.0,0.0,1.5924885891234997
0.534759,10.0,838.0,10.0,72.41,221.92,16.79,16.26,0.0,0.96846,1.0,1.0,0.805996,1.0,5.142692,74.87634,90.0,90.0,0.0,0.0,0.0,0.0,0.428571,0.862471,136.9812,1.708366,275.0,0.0,685.7143,201.4286,0.0,0.0,2.897249,1.443376,11.54701,0.0,-2.22e-16,0.0,0,0,3.7158067079548327,0.0,3.7158067079548327,0.0,0.4285714285714285,0.0,1.5924885891234997,0.0,1.228903609577518,0.0,0.0,0.4285714285714285,0.0,0.0,0.0,0.4285714285714285,0.0,371580671.79548323,1.9999999892351776,0.0,0.0,0.0,0.0,0.5266729755332219,0.0,0.0,0.0,0.0,0.0,0.0,0.0,0.0,1.8579033539774163,0.0,0.5714285714285715,1.0,0.0,1.5924885891234994,0.0,0.0,0.0,0.0,1.5924885891234997
0.534759,10.0,838.0,50.0,72.06,133.38,10.02,23.38,0.0,0.96846,1.0,1.0,0.805996,1.0,5.142692,74.87634,90.0,90.0,0.0,0.0,0.0,0.0,0.428571,0.862471,136.9812,1.708366,275.0,0.0,685.7143,201.4286,0.0,0.0,2.897249,1.443376,11.54701,0.0,-2.22e-16,0.0,0,0,3.7158067079548327,0.0,3.7158067079548327,0.0,0.4285714285714285,0.0,1.5924885891234997,0.0,1.228903609577518,0.0,0.0,0.4285714285714285,0.0,0.0,0.0,0.4285714285714285,0.0,371580671.79548323,1.9999999892351776,0.0,0.0,0.0,0.0,0.5266729755332219,0.0,0.0,0.0,0.0,0.0,0.0,0.0,0.0,1.8579033539774163,0.0,0.5714285714285715,1.0,0.0,1.5924885891234994,0.0,0.0,0.0,0.0,1.5924885891234997
0.534759,10.0,838.0,100.0,71.56,80.125,5.83,1.11,0.0,0.96846,1.0,1.0,0.805996,1.0,5.142692,74.87634,90.0,90.0,0.0,0.0,0.0,0.0,0.428571,0.862471,136.9812,1.708366,275.0,0.0,685.7143,201.4286,0.0,0.0,2.897249,1.443376,11.54701,0.0,-2.22e-16,0.0,0,0,3.7158067079548327,0.0,3.7158067079548327,0.0,0.4285714285714285,0.0,1.5924885891234997,0.0,1.228903609577518,0.0,0.0,0.4285714285714285,0.0,0.0,0.0,0.4285714285714285,0.0,371580671.79548323,1.9999999892351776,0.0,0.0,0.0,0.0,0.5266729755332219,0.0,0.0,0.0,0.0,0.0,0.0,0.0,0.0,1.8579033539774163,0.0,0.5714285714285715,1.0,0.0,1.5924885891234994,0.0,0.0,0.0,0.0,1.5924885891234997
0.534759,10.0,838.0,150.0,70.52,37.24,3.26,3.6,0.0,0.969292,1.0,1.0,0.805996,1.0,5.142692,74.87634,90.0,90.0,0.0,0.0,0.0,0.0,0.428571,0.862471,136.9812,1.708366,275.0,0.0,685.7143,201.4286,0.0,0.0,2.897249,1.443376,11.54701,0.0,-2.22e-16,0.0,0,0,3.7158067079548327,0.0,3.7158067079548327,0.0,0.4285714285714285,0.0,1.5924885891234997,0.0,1.228903609577518,0.0,0.0,0.4285714285714285,0.0,0.0,0.0,0.4285714285714285,0.0,371580671.79548323,1.9999999892351776,0.0,0.0,0.0,0.0,0.5266729755332219,0.0,0.0,0.0,0.0,0.0,0.0,0.0,0.0,1.8579033539774163,0.0,0.5714285714285715,1.0,0.0,1.5924885891234994,0.0,0.0,0.0,0.0,1.5924885891234997
0.534759,10.0,838.0,200.0,68.77,23.6815,1.7,10.663,1.0,0.0,1.0,1.0,0.805996,1.0,5.142692,74.87634,90.0,90.0,0.0,0.0,0.0,0.0,0.428571,0.862471,136.9812,1.708366,275.0,0.0,685.7143,201.4286,0.0,0.0,2.897249,1.443376,11.54701,0.0,-2.22e-16,0.0,0,0,3.7158067079548327,0.0,3.7158067079548327,0.0,0.4285714285714285,0.0,1.5924885891234997,0.0,1.228903609577518,0.0,0.0,0.4285714285714285,0.0,0.0,0.0,0.4285714285714285,0.0,371580671.79548323,1.9999999892351776,0.0,0.0,0.0,0.0,0.5266729755332219,0.0,0.0,0.0,0.0,0.0,0.0,0.0,0.0,1.8579033539774163,0.0,0.5714285714285715,1.0,0.0,1.5924885891234994,0.0,0.0,0.0,0.0,1.5924885891234997
0.534759,10.0,838.0,300.0,63.51,0.6,0.061,0.48,0.0,0.0,1.0,1.0,0.805996,1.0,5.142692,74.87634,90.0,90.0,0.0,0.0,0.0,0.0,0.428571,0.862471,136.9812,1.708366,275.0,0.0,685.7143,201.4286,0.0,0.0,2.897249,1.443376,11.54701,0.0,-2.22e-16,0.0,0,0,3.7158067079548327,0.0,3.7158067079548327,0.0,0.4285714285714285,0.0,1.5924885891234997,0.0,1.228903609577518,0.0,0.0,0.4285714285714285,0.0,0.0,0.0,0.4285714285714285,0.0,371580671.79548323,1.9999999892351776,0.0,0.0,0.0,0.0,0.5266729755332219,0.0,0.0,0.0,0.0,0.0,0.0,0.0,0.0,1.8579033539774163,0.0,0.5714285714285715,1.0,0.0,1.5924885891234994,0.0,0.0,0.0,0.0,1.5924885891234997
0.0375,20.0,627.0,179.4,26.353,51.5,1.27,0.153,1.0,0.0,1.0,2.0,1.0,1.0,2.416394,109.4712,109.4712,109.4712,3.240552,60.0,60.0,60.0,0.25,0.929726,290.2284,1.0,191.0,292.6667,1000.0,515.0,533.3333,161.6667,0.0,0.0,0.0,2.480511,1.767767,14.14214,1,0,2.8284271247461903,2.82842712474619,4.440892098500626e-16,8.0,1.0,0.0,2.8284271247461903,0.0,1.247219128924647,1.0,0.5669467095138409,1.0,0.0,0.0,0.0,1.0,0.0,1.0000000000000002,1.57009245313266e-16,4.535573676110727,9.977753031397176,0.0,0.0,1.247219128924647,0.0,0.0,0.0,0.0,533333.3,83258.3505,55899.3397,0.0,2.82842712474619,3.464426323889273,0.0,1.0,0.0,4.440892098500626e-16,0.0,0.0,0.0,0.0,2.8284271247461903
0.0375,20.0,627.0,7.4,0.17,62.0,0.0074,28.751,0.0,0.0,1.0,2.0,1.0,1.0,2.416394,109.4712,109.4712,109.4712,3.240552,60.0,60.0,60.0,0.25,0.887119,290.2284,1.0,191.0,292.6667,1000.0,515.0,533.3333,161.6667,0.0,0.0,0.0,2.480511,1.767767,14.14214,1,0,2.8284271247461903,2.82842712474619,4.440892098500626e-16,8.0,1.0,0.0,2.8284271247461903,0.0,1.247219128924647,1.0,0.5669467095138409,1.0,0.0,0.0,0.0,1.0,0.0,1.0000000000000002,1.57009245313266e-16,4.535573676110727,9.977753031397176,0.0,0.0,1.247219128924647,0.0,0.0,0.0,0.0,533333.3,83258.3505,55899.3397,0.0,2.82842712474619,3.464426323889273,0.0,1.0,0.0,4.440892098500626e-16,0.0,0.0,0.0,0.0,2.8284271247461903
0.0375,20.0,627.0,7.4,0.31,66.0,0.014,21.156,0.0,0.0,1.0,2.0,1.0,1.0,2.416394,109.4712,109.4712,109.4712,3.240552,60.0,60.0,60.0,0.25,0.887119,290.2284,1.0,191.0,292.6667,1000.0,515.0,533.3333,161.6667,0.0,0.0,0.0,2.480511,1.767767,14.14214,1,0,2.8284271247461903,2.82842712474619,4.440892098500626e-16,8.0,1.0,0.0,2.8284271247461903,0.0,1.247219128924647,1.0,0.5669467095138409,1.0,0.0,0.0,0.0,1.0,0.0,1.0000000000000002,1.57009245313266e-16,4.535573676110727,9.977753031397176,0.0,0.0,1.247219128924647,0.0,0.0,0.0,0.0,533333.3,83258.3505,55899.3397,0.0,2.82842712474619,3.464426323889273,0.0,1.0,0.0,4.440892098500626e-16,0.0,0.0,0.0,0.0,2.8284271247461903
0.0375,20.0,627.0,7.4,0.91,62.5,0.039,8.078,0.0,0.0,1.0,2.0,1.0,1.0,2.416394,109.4712,109.4712,109.4712,3.240552,60.0,60.0,60.0,0.25,0.887119,290.2284,1.0,191.0,292.6667,1000.0,515.0,533.3333,161.6667,0.0,0.0,0.0,2.480511,1.767767,14.14214,1,0,2.8284271247461903,2.82842712474619,4.440892098500626e-16,8.0,1.0,0.0,2.8284271247461903,0.0,1.247219128924647,1.0,0.5669467095138409,1.0,0.0,0.0,0.0,1.0,0.0,1.0000000000000002,1.57009245313266e-16,4.535573676110727,9.977753031397176,0.0,0.0,1.247219128924647,0.0,0.0,0.0,0.0,533333.3,83258.3505,55899.3397,0.0,2.82842712474619,3.464426323889273,0.0,1.0,0.0,4.440892098500626e-16,0.0,0.0,0.0,0.0,2.8284271247461903
0.3,40.0,720.0,5.0,4.326,252.0,0.624,131.724,0.0,0.035,1.0,0.0,0.805996,1.0,2.416394,109.4712,109.4712,109.4712,2.924839,90.0,90.0,120.0,0.666667,0.560302,184.6255,1.0,191.0,267.5,1000.0,515.0,800.0,257.5,0.0,0.0,0.0,2.859813,2.5,10.0,1,0,2.8284271247461903,2.8284271247461903,0.0,8.000000000000002,1.0,0.5,2.8284271247461903,1.4142135623730951,0.7071067811865476,1.5,0.8660254037844388,1.0,0.5,0.0,0.0,0.5,0.0,1.0,0.0,6.928203230275512,5.6568542494923815,0.5,0.0,0.3535533905932738,0.0,0.0,0.0,4.000000000000001,800000.0,132612.5,51092.5,3.464101615137756,2.8284271247461903,1.0717967697244897,0.5,1.0,3.8971143170299753,0.0,0.4330127018922194,4.000000000000001,0.0,4.000000000000001,1.4142135623730951
0.3,31.0,720.0,150.0,3.265,377.0,0.6935,258.139,0.0,0.1045,1.0,2.0,0.805996,1.0,2.416394,109.4712,109.4712,109.4712,2.924839,90.0,90.0,120.0,0.666667,0.560302,184.6255,1.0,191.0,267.5,1000.0,515.0,800.0,257.5,0.0,0.0,0.0,2.859813,2.5,10.0,1,0,2.8284271247461903,2.8284271247461903,0.0,8.000000000000002,1.0,0.5,2.8284271247461903,1.4142135623730951,0.7071067811865476,1.5,0.8660254037844388,1.0,0.5,0.0,0.0,0.5,0.0,1.0,0.0,6.928203230275512,5.6568542494923815,0.5,0.0,0.3535533905932738,0.0,0.0,0.0,4.000000000000001,800000.0,132612.5,51092.5,3.464101615137756,2.8284271247461903,1.0717967697244897,0.5,1.0,3.8971143170299753,0.0,0.4330127018922194,4.000000000000001,0.0,4.000000000000001,1.4142135623730951
0.3,30.0,850.0,5.0,26.707,1099.138,11.11,312.574,0.0,4.814,1.0,0.005,1.0,1.0,5.142692,74.87634,90.0,90.0,3.788512,90.0,90.0,90.0,0.416667,0.863158,67.30875,1.708366,275.0,279.6,685.7143,201.4286,680.0,188.0,2.897249,1.443376,11.54701,2.820943,1.440876,12.24745,1,0,3.7158067079548327,3.656648069074256,0.0591586388805764,13.587397423696208,0.4285714285714285,0.4,1.5924885891234997,1.4626592276297026,0.0404061017820884,1.5142857142857142,0.9994664294862464,0.4285714285714285,0.4,0.0,0.0,0.0285714285714285,0.0,1.0161783791060237,0.01604855926805162,13.580147589072272,0.5490137632555547,0.1714285714285714,0.0,0.0011544600509168087,0.0,0.0,0.0,2.329268129776493,466285.724,37868.576799999995,76890.0,2.3280253009838177,3.6862273885145447,0.007249834623935634,0.9714285714285715,1.0,14.163053618028277,0.0016902468251593216,0.17133710219764223,2.3292681297764926,0.0,2.329268129776493,0.1298293614937971
0.3,30.0,850.0,40.0,31.138,517.2415,5.75,327.4137,0.0,1.0,1.0,0.005,1.0,1.0,5.142692,74.87634,90.0,90.0,3.788512,90.0,90.0,90.0,0.416667,0.857895,67.30875,1.708366,275.0,279.6,685.7143,201.4286,680.0,188.0,2.897249,1.443376,11.54701,2.820943,1.440876,12.24745,1,0,3.7158067079548327,3.656648069074256,0.0591586388805764,13.587397423696208,0.4285714285714285,0.4,1.5924885891234997,1.4626592276297026,0.0404061017820884,1.5142857142857142,0.9994664294862464,0.4285714285714285,0.4,0.0,0.0,0.0285714285714285,0.0,1.0161783791060237,0.01604855926805162,13.580147589072272,0.5490137632555547,0.1714285714285714,0.0,0.0011544600509168087,0.0,0.0,0.0,2.329268129776493,466285.724,37868.576799999995,76890.0,2.3280253009838177,3.6862273885145447,0.007249834623935634,0.9714285714285715,1.0,14.163053618028277,0.0016902468251593216,0.17133710219764223,2.3292681297764926,0.0,2.329268129776493,0.1298293614937971
0.051903,30.0,850.0,5.0,33.757,988.9945,14.473,67.9945,0.0,5.112,1.0,0.005,1.0,1.0,5.142692,74.87634,90.0,90.0,3.788512,90.0,90.0,90.0,0.416667,0.847368,67.30875,1.708366,275.0,279.6,685.7143,201.4286,680.0,188.0,2.897249,1.443376,11.54701,2.820943,1.440876,12.24745,1,0,3.7158067079548327,3.656648069074256,0.0591586388805764,13.587397423696208,0.4285714285714285,0.4,1.5924885891234997,1.4626592276297026,0.0404061017820884,1.5142857142857142,0.9994664294862464,0.4285714285714285,0.4,0.0,0.0,0.0285714285714285,0.0,1.0161783791060237,0.01604855926805162,13.580147589072272,0.5490137632555547,0.1714285714285714,0.0,0.0011544600509168087,0.0,0.0,0.0,2.329268129776493,466285.724,37868.576799999995,76890.0,2.3280253009838177,3.6862273885145447,0.007249834623935634,0.9714285714285715,1.0,14.163053618028277,0.0016902468251593216,0.17133710219764223,2.3292681297764926,0.0,2.329268129776493,0.1298293614937971
0.051903,30.0,850.0,40.0,34.6,580.39,7.875,274.9405,0.0,3.1432,1.0,0.005,1.0,1.0,5.142692,74.87634,90.0,90.0,3.788512,90.0,90.0,90.0,0.416667,0.826316,67.30875,1.708366,275.0,279.6,685.7143,201.4286,680.0,188.0,2.897249,1.443376,11.54701,2.820943,1.440876,12.24745,1,0,3.7158067079548327,3.656648069074256,0.0591586388805764,13.587397423696208,0.4285714285714285,0.4,1.5924885891234997,1.4626592276297026,0.0404061017820884,1.5142857142857142,0.9994664294862464,0.4285714285714285,0.4,0.0,0.0,0.0285714285714285,0.0,1.0161783791060237,0.01604855926805162,13.580147589072272,0.5490137632555547,0.1714285714285714,0.0,0.0011544600509168087,0.0,0.0,0.0,2.329268129776493,466285.724,37868.576799999995,76890.0,2.3280253009838177,3.6862273885145447,0.007249834623935634,0.9714285714285715,1.0,14.163053618028277,0.0016902468251593216,0.17133710219764223,2.3292681297764926,0.0,2.329268129776493,0.1298293614937971
0.2,10.0,45.0,20.0,21.143,2318.5,9.743,45.87,0.0,0.0,1.0,0.0,0.805996,1.0,3.895077,90.0,90.0,90.0,5.479769,60.90148,87.36408,57.03681,0.4,-0.66667,3.349205,1.0,237.4,268.4,500.0,82.0,640.0,164.0,3.808834,2.366432,19.49359,3.449728,0.765466,12.24745,1,0,4.265912877522739,4.06348818808756,0.2024246894351788,17.334486589224266,0.4,0.4,1.7063651510090958,1.6253952752350245,0.282842712474619,1.44,0.9733285267845752,0.2,0.4,0.2,0.0,0.2,0.2,1.0498154983027754,0.048604860626746266,16.87215029445663,4.902933206251098,0.08000000000000002,0.0,0.0565685424949238,0.0565685424949238,0.0,0.0,2.7735178542758834,320000.0,13448.0,63718.159999999996,1.3497720235565307,4.164700532805149,0.4623362947676362,0.8,0.8,14.276383056992966,0.04048493788703576,0.07786628214276603,1.3867589271379415,0.0,2.7735178542758834,0.08096987577407133
0.2,30.0,45.0,20.0,10.89,818.148,4.1975,19.952,1.0,0.0,1.0,0.0,0.805996,1.0,3.895077,90.0,90.0,90.0,5.479769,60.90148,87.36408,57.03681,0.4,-0.66667,3.349205,1.0,237.4,268.4,500.0,82.0,640.0,164.0,3.808834,2.366432,19.49359,3.449728,0.765466,12.24745,1,0,4.265912877522739,4.06348818808756,0.2024246894351788,17.334486589224266,0.4,0.4,1.7063651510090958,1.6253952752350245,0.282842712474619,1.44,0.9733285267845752,0.2,0.4,0.2,0.0,0.2,0.2,1.0498154983027754,0.048604860626746266,16.87215029445663,4.902933206251098,0.08000000000000002,0.0,0.0565685424949238,0.0565685424949238,0.0,0.0,2.7735178542758834,320000.0,13448.0,63718.159999999996,1.3497720235565307,4.164700532805149,0.4623362947676362,0.8,0.8,14.276383056992966,0.04048493788703576,0.07786628214276603,1.3867589271379415,0.0,2.7735178542758834,0.08096987577407133
0.2,4.0,45.0,20.0,6.3092,1283.981,2.25,236.4043,0.0,5.75,1.0,0.2,0.805996,1.0,3.895077,90.0,90.0,90.0,5.479769,60.90148,87.36408,57.03681,0.4,-0.66667,3.349205,1.0,237.4,268.4,500.0,82.0,640.0,164.0,3.808834,2.366432,19.49359,3.449728,0.765466,12.24745,1,0,4.265912877522739,4.06348818808756,0.2024246894351788,17.334486589224266,0.4,0.4,1.7063651510090958,1.6253952752350245,0.282842712474619,1.44,0.9733285267845752,0.2,0.4,0.2,0.0,0.2,0.2,1.0498154983027754,0.048604860626746266,16.87215029445663,4.902933206251098,0.08000000000000002,0.0,0.0565685424949238,0.0565685424949238,0.0,0.0,2.7735178542758834,320000.0,13448.0,63718.159999999996,1.3497720235565307,4.164700532805149,0.4623362947676362,0.8,0.8,14.276383056992966,0.04048493788703576,0.07786628214276603,1.3867589271379415,0.0,2.7735178542758834,0.08096987577407133
0.2,10.0,45.0,20.0,9.0,2211.13,5.0,1249.769,0.0,2.5,1.0,0.2,0.805996,1.0,3.895077,90.0,90.0,90.0,5.479769,60.90148,87.36408,57.03681,0.4,-0.66667,3.349205,1.0,237.4,268.4,500.0,82.0,640.0,164.0,3.808834,2.366432,19.49359,3.449728,0.765466,12.24745,1,0,4.265912877522739,4.06348818808756,0.2024246894351788,17.334486589224266,0.4,0.4,1.7063651510090958,1.6253952752350245,0.282842712474619,1.44,0.9733285267845752,0.2,0.4,0.2,0.0,0.2,0.2,1.0498154983027754,0.048604860626746266,16.87215029445663,4.902933206251098,0.08000000000000002,0.0,0.0565685424949238,0.0565685424949238,0.0,0.0,2.7735178542758834,320000.0,13448.0,63718.159999999996,1.3497720235565307,4.164700532805149,0.4623362947676362,0.8,0.8,14.276383056992966,0.04048493788703576,0.07786628214276603,1.3867589271379415,0.0,2.7735178542758834,0.08096987577407133
0.2,30.0,45.0,20.0,18.83,3557.0,7.165,288.374,0.0,1.165,1.0,0.2,0.805996,1.0,3.895077,90.0,90.0,90.0,5.479769,60.90148,87.36408,57.03681,0.4,-0.66667,3.349205,1.0,237.4,268.4,500.0,82.0,640.0,164.0,3.808834,2.366432,19.49359,3.449728,0.765466,12.24745,1,0,4.265912877522739,4.06348818808756,0.2024246894351788,17.334486589224266,0.4,0.4,1.7063651510090958,1.6253952752350245,0.282842712474619,1.44,0.9733285267845752,0.2,0.4,0.2,0.0,0.2,0.2,1.0498154983027754,0.048604860626746266,16.87215029445663,4.902933206251098,0.08000000000000002,0.0,0.0565685424949238,0.0565685424949238,0.0,0.0,2.7735178542758834,320000.0,13448.0,63718.159999999996,1.3497720235565307,4.164700532805149,0.4623362947676362,0.8,0.8,14.276383056992966,0.04048493788703576,0.07786628214276603,1.3867589271379415,0.0,2.7735178542758834,0.08096987577407133
0.2,4.0,45.0,20.0,6.328,838.2735,1.9105,79.5885,0.0,4.7755,1.0,0.05,0.805996,1.0,3.895077,90.0,90.0,90.0,5.479769,60.90148,87.36408,57.03681,0.4,-0.66667,3.349205,1.0,237.4,268.4,500.0,82.0,640.0,164.0,3.808834,2.366432,19.49359,3.449728,0.765466,12.24745,1,0,4.265912877522739,4.06348818808756,0.2024246894351788,17.334486589224266,0.4,0.4,1.7063651510090958,1.6253952752350245,0.282842712474619,1.44,0.9733285267845752,0.2,0.4,0.2,0.0,0.2,0.2,1.0498154983027754,0.048604860626746266,16.87215029445663,4.902933206251098,0.08000000000000002,0.0,0.0565685424949238,0.0565685424949238,0.0,0.0,2.7735178542758834,320000.0,13448.0,63718.159999999996,1.3497720235565307,4.164700532805149,0.4623362947676362,0.8,0.8,14.276383056992966,0.04048493788703576,0.07786628214276603,1.3867589271379415,0.0,2.7735178542758834,0.08096987577407133
0.2,4.0,45.0,20.0,5.791,878.3785,2.0595,256.1785,0.0,5.4625,1.0,0.1,0.805996,1.0,3.895077,90.0,90.0,90.0,5.479769,60.90148,87.36408,57.03681,0.4,-0.66667,3.349205,1.0,237.4,268.4,500.0,82.0,640.0,164.0,3.808834,2.366432,19.49359,3.449728,0.765466,12.24745,1,0,4.265912877522739,4.06348818808756,0.2024246894351788,17.334486589224266,0.4,0.4,1.7063651510090958,1.6253952752350245,0.282842712474619,1.44,0.9733285267845752,0.2,0.4,0.2,0.0,0.2,0.2,1.0498154983027754,0.048604860626746266,16.87215029445663,4.902933206251098,0.08000000000000002,0.0,0.0565685424949238,0.0565685424949238,0.0,0.0,2.7735178542758834,320000.0,13448.0,63718.159999999996,1.3497720235565307,4.164700532805149,0.4623362947676362,0.8,0.8,14.276383056992966,0.04048493788703576,0.07786628214276603,1.3867589271379415,0.0,2.7735178542758834,0.08096987577407133
0.2,4.0,45.0,20.0,5.432,891.9945,2.0895,269.9945,0.0,5.4895,1.0,0.2,0.805996,1.0,3.895077,90.0,90.0,90.0,5.479769,60.90148,87.36408,57.03681,0.4,-0.66667,3.349205,1.0,237.4,268.4,500.0,82.0,640.0,164.0,3.808834,2.366432,19.49359,3.449728,0.765466,12.24745,1,0,4.265912877522739,4.06348818808756,0.2024246894351788,17.334486589224266,0.4,0.4,1.7063651510090958,1.6253952752350245,0.282842712474619,1.44,0.9733285267845752,0.2,0.4,0.2,0.0,0.2,0.2,1.0498154983027754,0.048604860626746266,16.87215029445663,4.902933206251098,0.08000000000000002,0.0,0.0565685424949238,0.0565685424949238,0.0,0.0,2.7735178542758834,320000.0,13448.0,63718.159999999996,1.3497720235565307,4.164700532805149,0.4623362947676362,0.8,0.8,14.276383056992966,0.04048493788703576,0.07786628214276603,1.3867589271379415,0.0,2.7735178542758834,0.08096987577407133
0.2,4.0,45.0,20.0,5.432,892.0,2.18,270.0,0.0,5.58,1.0,0.3,0.805996,1.0,3.895077,90.0,90.0,90.0,5.479769,60.90148,87.36408,57.03681,0.4,-0.66667,3.349205,1.0,237.4,268.4,500.0,82.0,640.0,164.0,3.808834,2.366432,19.49359,3.449728,0.765466,12.24745,1,0,4.265912877522739,4.06348818808756,0.2024246894351788,17.334486589224266,0.4,0.4,1.7063651510090958,1.6253952752350245,0.282842712474619,1.44,0.9733285267845752,0.2,0.4,0.2,0.0,0.2,0.2,1.0498154983027754,0.048604860626746266,16.87215029445663,4.902933206251098,0.08000000000000002,0.0,0.0565685424949238,0.0565685424949238,0.0,0.0,2.7735178542758834,320000.0,13448.0,63718.159999999996,1.3497720235565307,4.164700532805149,0.4623362947676362,0.8,0.8,14.276383056992966,0.04048493788703576,0.07786628214276603,1.3867589271379415,0.0,2.7735178542758834,0.08096987577407133
0.2,8.0,45.0,10.0,9.26,2838.8,4.265,225.8,0.0,3.681,1.0,0.05,0.805996,1.0,3.895077,90.0,90.0,90.0,5.479769,60.90148,87.36408,57.03681,0.4,-0.66667,3.349205,1.0,237.4,268.4,500.0,82.0,640.0,164.0,3.808834,2.366432,19.49359,3.449728,0.765466,12.24745,1,0,4.265912877522739,4.06348818808756,0.2024246894351788,17.334486589224266,0.4,0.4,1.7063651510090958,1.6253952752350245,0.282842712474619,1.44,0.9733285267845752,0.2,0.4,0.2,0.0,0.2,0.2,1.0498154983027754,0.048604860626746266,16.87215029445663,4.902933206251098,0.08000000000000002,0.0,0.0565685424949238,0.0565685424949238,0.0,0.0,2.7735178542758834,320000.0,13448.0,63718.159999999996,1.3497720235565307,4.164700532805149,0.4623362947676362,0.8,0.8,14.276383056992966,0.04048493788703576,0.07786628214276603,1.3867589271379415,0.0,2.7735178542758834,0.08096987577407133
0.2,8.0,45.0,10.0,8.85,2935.565,4.2655,322.565,0.0,4.598,1.0,0.1,0.805996,1.0,3.895077,90.0,90.0,90.0,5.479769,60.90148,87.36408,57.03681,0.4,-0.66667,3.349205,1.0,237.4,268.4,500.0,82.0,640.0,164.0,3.808834,2.366432,19.49359,3.449728,0.765466,12.24745,1,0,4.265912877522739,4.06348818808756,0.2024246894351788,17.334486589224266,0.4,0.4,1.7063651510090958,1.6253952752350245,0.282842712474619,1.44,0.9733285267845752,0.2,0.4,0.2,0.0,0.2,0.2,1.0498154983027754,0.048604860626746266,16.87215029445663,4.902933206251098,0.08000000000000002,0.0,0.0565685424949238,0.0565685424949238,0.0,0.0,2.7735178542758834,320000.0,13448.0,63718.159999999996,1.3497720235565307,4.164700532805149,0.4623362947676362,0.8,0.8,14.276383056992966,0.04048493788703576,0.07786628214276603,1.3867589271379415,0.0,2.7735178542758834,0.08096987577407133
0.2,8.0,45.0,10.0,8.686,2935.385,4.307,322.385,0.0,4.598,1.0,0.2,0.805996,1.0,3.895077,90.0,90.0,90.0,5.479769,60.90148,87.36408,57.03681,0.4,-0.66667,3.349205,1.0,237.4,268.4,500.0,82.0,640.0,164.0,3.808834,2.366432,19.49359,3.449728,0.765466,12.24745,1,0,4.265912877522739,4.06348818808756,0.2024246894351788,17.334486589224266,0.4,0.4,1.7063651510090958,1.6253952752350245,0.282842712474619,1.44,0.9733285267845752,0.2,0.4,0.2,0.0,0.2,0.2,1.0498154983027754,0.048604860626746266,16.87215029445663,4.902933206251098,0.08000000000000002,0.0,0.0565685424949238,0.0565685424949238,0.0,0.0,2.7735178542758834,320000.0,13448.0,63718.159999999996,1.3497720235565307,4.164700532805149,0.4623362947676362,0.8,0.8,14.276383056992966,0.04048493788703576,0.07786628214276603,1.3867589271379415,0.0,2.7735178542758834,0.08096987577407133
0.2,8.0,45.0,10.0,8.563,2919.26,4.3285,306.26,0.0,4.8275,1.0,0.3,0.805996,1.0,3.895077,90.0,90.0,90.0,5.479769,60.90148,87.36408,57.03681,0.4,-0.66667,3.349205,1.0,237.4,268.4,500.0,82.0,640.0,164.0,3.808834,2.366432,19.49359,3.449728,0.765466,12.24745,1,0,4.265912877522739,4.06348818808756,0.2024246894351788,17.334486589224266,0.4,0.4,1.7063651510090958,1.6253952752350245,0.282842712474619,1.44,0.9733285267845752,0.2,0.4,0.2,0.0,0.2,0.2,1.0498154983027754,0.048604860626746266,16.87215029445663,4.902933206251098,0.08000000000000002,0.0,0.0565685424949238,0.0565685424949238,0.0,0.0,2.7735178542758834,320000.0,13448.0,63718.159999999996,1.3497720235565307,4.164700532805149,0.4623362947676362,0.8,0.8,14.276383056992966,0.04048493788703576,0.07786628214276603,1.3867589271379415,0.0,2.7735178542758834,0.08096987577407133
0.2,8.0,45.0,10.0,8.359,2919.3,4.349,532.063,0.0,5.058,1.0,0.5,0.805996,1.0,3.895077,90.0,90.0,90.0,5.479769,60.90148,87.36408,57.03681,0.4,-0.66667,3.349205,1.0,237.4,268.4,500.0,82.0,640.0,164.0,3.808834,2.366432,19.49359,3.449728,0.765466,12.24745,1,0,4.265912877522739,4.06348818808756,0.2024246894351788,17.334486589224266,0.4,0.4,1.7063651510090958,1.6253952752350245,0.282842712474619,1.44,0.9733285267845752,0.2,0.4,0.2,0.0,0.2,0.2,1.0498154983027754,0.048604860626746266,16.87215029445663,4.902933206251098,0.08000000000000002,0.0,0.0565685424949238,0.0565685424949238,0.0,0.0,2.7735178542758834,320000.0,13448.0,63718.159999999996,1.3497720235565307,4.164700532805149,0.4623362947676362,0.8,0.8,14.276383056992966,0.04048493788703576,0.07786628214276603,1.3867589271379415,0.0,2.7735178542758834,0.08096987577407133
0.2,20.0,45.0,30.0,10.5378,1372.5,3.2605,1372.5,0.0,3.2605,1.0,0.4,0.805996,1.0,3.895077,90.0,90.0,90.0,5.479769,60.90148,87.36408,57.03681,0.4,-0.66667,3.349205,1.0,237.4,268.4,500.0,82.0,640.0,164.0,3.808834,2.366432,19.49359,3.449728,0.765466,12.24745,1,0,4.265912877522739,4.06348818808756,0.2024246894351788,17.334486589224266,0.4,0.4,1.7063651510090958,1.6253952752350245,0.282842712474619,1.44,0.9733285267845752,0.2,0.4,0.2,0.0,0.2,0.2,1.0498154983027754,0.048604860626746266,16.87215029445663,4.902933206251098,0.08000000000000002,0.0,0.0565685424949238,0.0565685424949238,0.0,0.0,2.7735178542758834,320000.0,13448.0,63718.159999999996,1.3497720235565307,4.164700532805149,0.4623362947676362,0.8,0.8,14.276383056992966,0.04048493788703576,0.07786628214276603,1.3867589271379415,0.0,2.7735178542758834,0.08096987577407133
0.2,20.0,45.0,30.0,10.298,2190.471,4.963,556.519,0.0,1.412,1.0,0.8,0.805996,1.0,3.895077,90.0,90.0,90.0,5.479769,60.90148,87.36408,57.03681,0.4,-0.66667,3.349205,1.0,237.4,268.4,500.0,82.0,640.0,164.0,3.808834,2.366432,19.49359,3.449728,0.765466,12.24745,1,0,4.265912877522739,4.06348818808756,0.2024246894351788,17.334486589224266,0.4,0.4,1.7063651510090958,1.6253952752350245,0.282842712474619,1.44,0.9733285267845752,0.2,0.4,0.2,0.0,0.2,0.2,1.0498154983027754,0.048604860626746266,16.87215029445663,4.902933206251098,0.08000000000000002,0.0,0.0565685424949238,0.0565685424949238,0.0,0.0,2.7735178542758834,320000.0,13448.0,63718.159999999996,1.3497720235565307,4.164700532805149,0.4623362947676362,0.8,0.8,14.276383056992966,0.04048493788703576,0.07786628214276603,1.3867589271379415,0.0,2.7735178542758834,0.08096987577407133
0.2,20.0,45.0,30.0,11.312,2353.799,5.217,589.1305,0.0,1.449,1.0,1.0,0.805996,1.0,3.895077,90.0,90.0,90.0,5.479769,60.90148,87.36408,57.03681,0.4,-0.66667,3.349205,1.0,237.4,268.4,500.0,82.0,640.0,164.0,3.808834,2.366432,19.49359,3.449728,0.765466,12.24745,1,0,4.265912877522739,4.06348818808756,0.2024246894351788,17.334486589224266,0.4,0.4,1.7063651510090958,1.6253952752350245,0.282842712474619,1.44,0.9733285267845752,0.2,0.4,0.2,0.0,0.2,0.2,1.0498154983027754,0.048604860626746266,16.87215029445663,4.902933206251098,0.08000000000000002,0.0,0.0565685424949238,0.0565685424949238,0.0,0.0,2.7735178542758834,320000.0,13448.0,63718.159999999996,1.3497720235565307,4.164700532805149,0.4623362947676362,0.8,0.8,14.276383056992966,0.04048493788703576,0.07786628214276603,1.3867589271379415,0.0,2.7735178542758834,0.08096987577407133
0.2,20.0,45.0,30.0,15.077,2550.85,5.399,328.675,0.0,0.979,1.0,2.0,0.805996,1.0,3.895077,90.0,90.0,90.0,5.479769,60.90148,87.36408,57.03681,0.4,-0.66667,3.349205,1.0,237.4,268.4,500.0,82.0,640.0,164.0,3.808834,2.366432,19.49359,3.449728,0.765466,12.24745,1,0,4.265912877522739,4.06348818808756,0.2024246894351788,17.334486589224266,0.4,0.4,1.7063651510090958,1.6253952752350245,0.282842712474619,1.44,0.9733285267845752,0.2,0.4,0.2,0.0,0.2,0.2,1.0498154983027754,0.048604860626746266,16.87215029445663,4.902933206251098,0.08000000000000002,0.0,0.0565685424949238,0.0565685424949238,0.0,0.0,2.7735178542758834,320000.0,13448.0,63718.159999999996,1.3497720235565307,4.164700532805149,0.4623362947676362,0.8,0.8,14.276383056992966,0.04048493788703576,0.07786628214276603,1.3867589271379415,0.0,2.7735178542758834,0.08096987577407133
0.2,20.0,45.0,40.0,13.72,900.1575,4.124,66.858,0.0,0.534,1.0,0.3,0.805996,1.0,3.895077,90.0,90.0,90.0,5.479769,60.90148,87.36408,57.03681,0.4,-0.66667,3.349205,1.0,237.4,268.4,500.0,82.0,640.0,164.0,3.808834,2.366432,19.49359,3.449728,0.765466,12.24745,1,0,4.265912877522739,4.06348818808756,0.2024246894351788,17.334486589224266,0.4,0.4,1.7063651510090958,1.6253952752350245,0.282842712474619,1.44,0.9733285267845752,0.2,0.4,0.2,0.0,0.2,0.2,1.0498154983027754,0.048604860626746266,16.87215029445663,4.902933206251098,0.08000000000000002,0.0,0.0565685424949238,0.0565685424949238,0.0,0.0,2.7735178542758834,320000.0,13448.0,63718.159999999996,1.3497720235565307,4.164700532805149,0.4623362947676362,0.8,0.8,14.276383056992966,0.04048493788703576,0.07786628214276603,1.3867589271379415,0.0,2.7735178542758834,0.08096987577407133
0.2,20.0,45.0,40.0,13.72,1008.733,4.3375,175.433,0.0,0.7465,1.0,2.0,0.805996,1.0,3.895077,90.0,90.0,90.0,5.479769,60.90148,87.36408,57.03681,0.4,-0.66667,3.349205,1.0,237.4,268.4,500.0,82.0,640.0,164.0,3.808834,2.366432,19.49359,3.449728,0.765466,12.24745,1,0,4.265912877522739,4.06348818808756,0.2024246894351788,17.334486589224266,0.4,0.4,1.7063651510090958,1.6253952752350245,0.282842712474619,1.44,0.9733285267845752,0.2,0.4,0.2,0.0,0.2,0.2,1.0498154983027754,0.048604860626746266,16.87215029445663,4.902933206251098,0.08000000000000002,0.0,0.0565685424949238,0.0565685424949238,0.0,0.0,2.7735178542758834,320000.0,13448.0,63718.159999999996,1.3497720235565307,4.164700532805149,0.4623362947676362,0.8,0.8,14.276383056992966,0.04048493788703576,0.07786628214276603,1.3867589271379415,0.0,2.7735178542758834,0.08096987577407133
0.154639,35.0,498.0,5.0,44.2,886.0,8.694605,117.0,0.0,0.0,1.0,0.02,1.0,1.0,5.143163,88.70422,78.31925,88.76834,0.0,0.0,0.0,0.0,0.219231,-1.2381,89.696,1.000258,306.2731,0.0,675.3846,111.6923,0.0,0.0,2.08027,2.343619,18.85126,0.0,-2.22e-16,0.0,0,0,2.8841727652298106,0.0,2.8841727652298106,0.0,0.2307692307692307,0.0,0.6655783304376486,0.0,1.2765407212532436,0.0,0.0,0.2192307692307692,0.0,0.0115384615384615,0.0,0.2192307692307692,0.0115384615384615,288417277.52298105,1.9999999861312054,0.0,0.0,0.0,0.0,0.2798570042747495,0.014729316014460453,0.0,0.0,0.0,0.0,0.0,0.0,0.0,1.4420863826149053,0.0,0.7807692307692308,0.9884615384615385,0.0,0.632299413915766,0.0,0.0,0.0,0.0,0.6655783304376486
0.154639,35.0,498.0,5.0,43.8,1218.0,8.694605,167.0,0.0,0.0,1.0,0.02,1.0,1.0,5.143163,88.70422,78.31925,88.76834,0.0,0.0,0.0,0.0,0.207692,-0.92857,89.696,1.000258,304.1615,0.0,666.1538,106.2692,0.0,0.0,2.055631,2.377108,19.47894,0.0,-2.22e-16,0.0,0,0,2.8602817764511164,0.0,2.8602817764511164,0.0,0.2307692307692307,0.0,0.660065025334873,0.0,1.2765059559678136,0.0,0.0,0.2076923076923077,0.0,0.023076923076923,0.0,0.2076923076923077,0.023076923076923,286028178.6451116,1.999999986015364,0.0,0.0,0.0,0.0,0.2651204677779305,0.02945782975310329,0.0,0.0,0.0,0.0,0.0,0.0,0.0,1.4301408882255582,0.0,0.7923076923076923,0.976923076923077,0.0,0.5940585228013857,0.0,0.0,0.0,0.0,0.660065025334873
0.154639,35.0,498.0,5.0,41.2,1377.0,8.694605,172.0,0.0,0.0,1.0,0.02,1.0,1.0,5.143163,88.70422,78.31925,88.76834,0.0,0.0,0.0,0.0,0.196154,-0.60714,89.696,1.000258,302.05,0.0,656.9231,100.8462,0.0,0.0,2.035417,2.416791,20.1598,0.0,-2.22e-16,0.0,0,0,2.836390787672422,0.0,2.836390787672422,0.0,0.2307692307692307,0.0,0.6545517202320974,0.0,1.2766797729280237,0.0,0.0,0.1961538461538461,0.0,0.0346153846153846,0.0,0.1961538461538461,0.0346153846153846,283639079.7672422,1.999999985897571,0.0,0.0,0.0,0.0,0.2504256477666507,0.04419276137058542,0.0,0.0,0.0,0.0,0.0,0.0,0.0,1.418195393836211,0.0,0.8038461538461539,0.9653846153846154,0.0,0.5563689621972826,0.0,0.0,0.0,0.0,0.6545517202320974
0.072727,10.0,850.0,2.0,2.9,1832.68,1.675,1387.54,0.0,0.999,1.0,0.66,0.805996,1.0,2.924839,90.0,90.0,120.0,5.996281,60.0,60.0,60.0,0.444444,0.628141,53.15795,1.176906,267.5,276.1429,800.0,257.5,714.2857,207.8571,2.859813,2.5,10.0,2.838877,2.039608,11.56632,1,0,2.8284271247461903,3.420013513551952,0.5915863888057618,9.673258988728865,0.5,0.4285714285714285,1.4142135623730951,1.4657200772365508,0.4629100498862757,1.357142857142857,0.9271050693011066,0.5,0.4285714285714285,0.0,0.0,0.0714285714285714,0.0,0.8270222077392978,0.18935488745343684,8.968127445113026,4.477848801035344,0.21428571428571425,0.0,0.03306500356330539,0.0,0.0,0.0,2.072841211870471,571428.56,53523.20325,73868.22575,1.9217415953813624,3.124220319149071,0.7051315436158384,0.9285714285714285,1.0,9.18843019195598,0.042256170628982966,0.19866537199309423,2.0728412118704704,0.0,2.072841211870471,0.0515065148634557
0.072727,50.0,850.0,2.0,8.3,1294.872,1.667,13.028,1.0,0.137,1.0,0.01,0.805996,1.0,2.924839,90.0,90.0,120.0,5.996281,60.0,60.0,60.0,0.444444,0.628141,53.15795,1.176906,267.5,276.1429,800.0,257.5,714.2857,207.8571,2.859813,2.5,10.0,2.838877,2.039608,11.56632,1,0,2.8284271247461903,3.420013513551952,0.5915863888057618,9.673258988728865,0.5,0.4285714285714285,1.4142135623730951,1.4657200772365508,0.4629100498862757,1.357142857142857,0.9271050693011066,0.5,0.4285714285714285,0.0,0.0,0.0714285714285714,0.0,0.8270222077392978,0.18935488745343684,8.968127445113026,4.477848801035344,0.21428571428571425,0.0,0.03306500356330539,0.0,0.0,0.0,2.072841211870471,571428.56,53523.20325,73868.22575,1.9217415953813624,3.124220319149071,0.7051315436158384,0.9285714285714285,1.0,9.18843019195598,0.042256170628982966,0.19866537199309423,2.0728412118704704,0.0,2.072841211870471,0.0515065148634557
0.072727,50.0,850.0,2.0,8.3,1461.595,1.8625,794.928,0.0,0.3325,1.0,0.1,0.805996,1.0,2.924839,90.0,90.0,120.0,5.996281,60.0,60.0,60.0,0.444444,0.628141,53.15795,1.176906,267.5,276.1429,800.0,257.5,714.2857,207.8571,2.859813,2.5,10.0,2.838877,2.039608,11.56632,1,0,2.8284271247461903,3.420013513551952,0.5915863888057618,9.673258988728865,0.5,0.4285714285714285,1.4142135623730951,1.4657200772365508,0.4629100498862757,1.357142857142857,0.9271050693011066,0.5,0.4285714285714285,0.0,0.0,0.0714285714285714,0.0,0.8270222077392978,0.18935488745343684,8.968127445113026,4.477848801035344,0.21428571428571425,0.0,0.03306500356330539,0.0,0.0,0.0,2.072841211870471,571428.56,53523.20325,73868.22575,1.9217415953813624,3.124220319149071,0.7051315436158384,0.9285714285714285,1.0,9.18843019195598,0.042256170628982966,0.19866537199309423,2.0728412118704704,0.0,2.072841211870471,0.0515065148634557
0.072727,29.0,850.0,100.0,13.6582,663.422,1.5055,81.257,0.0,0.0,1.0,0.1,0.805996,1.0,2.924839,90.0,90.0,120.0,5.996281,60.0,60.0,60.0,0.444444,0.628141,53.15795,1.176906,267.5,276.1429,800.0,257.5,714.2857,207.8571,2.859813,2.5,10.0,2.838877,2.039608,11.56632,1,0,2.8284271247461903,3.420013513551952,0.5915863888057618,9.673258988728865,0.5,0.4285714285714285,1.4142135623730951,1.4657200772365508,0.4629100498862757,1.357142857142857,0.9271050693011066,0.5,0.4285714285714285,0.0,0.0,0.0714285714285714,0.0,0.8270222077392978,0.18935488745343684,8.968127445113026,4.477848801035344,0.21428571428571425,0.0,0.03306500356330539,0.0,0.0,0.0,2.072841211870471,571428.56,53523.20325,73868.22575,1.9217415953813624,3.124220319149071,0.7051315436158384,0.9285714285714285,1.0,9.18843019195598,0.042256170628982966,0.19866537199309423,2.0728412118704704,0.0,2.072841211870471,0.0515065148634557
0.072727,27.0,850.0,50.0,13.6582,1088.335,2.1605,306.0945,0.0,0.0,1.0,0.1,0.805996,1.0,2.924839,90.0,90.0,120.0,5.996281,60.0,60.0,60.0,0.444444,0.628141,53.15795,1.176906,267.5,276.1429,800.0,257.5,714.2857,207.8571,2.859813,2.5,10.0,2.838877,2.039608,11.56632,1,0,2.8284271247461903,3.420013513551952,0.5915863888057618,9.673258988728865,0.5,0.4285714285714285,1.4142135623730951,1.4657200772365508,0.4629100498862757,1.357142857142857,0.9271050693011066,0.5,0.4285714285714285,0.0,0.0,0.0714285714285714,0.0,0.8270222077392978,0.18935488745343684,8.968127445113026,4.477848801035344,0.21428571428571425,0.0,0.03306500356330539,0.0,0.0,0.0,2.072841211870471,571428.56,53523.20325,73868.22575,1.9217415953813624,3.124220319149071,0.7051315436158384,0.9285714285714285,1.0,9.18843019195598,0.042256170628982966,0.19866537199309423,2.0728412118704704,0.0,2.072841211870471,0.0515065148634557
0.333333,50.0,1103.0,5.0,9.656,657.542,3.1,316.989,0.0,0.748,1.0,0.1,1.0,1.0,5.388094,122.2099,142.6878,47.91918,0.0,0.0,0.0,0.0,0.2,0.945568,195.4546,0.628658,243.0,0.0,520.0,94.0,0.0,0.0,3.403618,2.686808,19.49359,0.0,-2.22e-16,0.0,0,0,3.4514488412024686,0.0,3.4514488412024686,0.0,0.2,0.0,0.6902897682404938,0.0,1.2328828005937953,0.0,0.0,0.4,0.0,0.2,0.0,0.4,0.2,345144885.1202468,1.9999999884106643,0.0,0.0,0.0,0.0,0.4931531202375181,0.24657656011875906,0.0,0.0,0.0,0.0,0.0,0.0,0.0,1.7257244206012343,0.0,0.6,0.8,0.0,1.3805795364809876,0.0,0.0,0.0,0.0,0.6902897682404938
0.3,50.0,1103.0,5.0,7.487,523.2,1.879,84.611,0.0,0.345,1.0,0.1,1.0,1.0,5.388094,122.2099,142.6878,47.91918,0.0,0.0,0.0,0.0,0.2,0.945568,195.4546,0.628658,243.0,0.0,520.0,94.0,0.0,0.0,3.403618,2.686808,19.49359,0.0,-2.22e-16,0.0,0,0,3.4514488412024686,0.0,3.4514488412024686,0.0,0.2,0.0,0.6902897682404938,0.0,1.2328828005937953,0.0,0.0,0.4,0.0,0.2,0.0,0.4,0.2,345144885.1202468,1.9999999884106643,0.0,0.0,0.0,0.0,0.4931531202375181,0.24657656011875906,0.0,0.0,0.0,0.0,0.0,0.0,0.0,1.7257244206012343,0.0,0.6,0.8,0.0,1.3805795364809876,0.0,0.0,0.0,0.0,0.6902897682404938
0.176471,50.0,1103.0,5.0,4.37,381.864,1.0775,70.769,0.0,0.1985,1.0,0.1,1.0,1.0,5.388094,122.2099,142.6878,47.91918,0.0,0.0,0.0,0.0,0.2,0.945568,195.4546,0.628658,243.0,0.0,520.0,94.0,0.0,0.0,3.403618,2.686808,19.49359,0.0,-2.22e-16,0.0,0,0,3.4514488412024686,0.0,3.4514488412024686,0.0,0.2,0.0,0.6902897682404938,0.0,1.2328828005937953,0.0,0.0,0.4,0.0,0.2,0.0,0.4,0.2,345144885.1202468,1.9999999884106643,0.0,0.0,0.0,0.0,0.4931531202375181,0.24657656011875906,0.0,0.0,0.0,0.0,0.0,0.0,0.0,1.7257244206012343,0.0,0.6,0.8,0.0,1.3805795364809876,0.0,0.0,0.0,0.0,0.6902897682404938
0.3,50.0,1103.0,2.0,10.07,794.665,3.39,155.665,0.0,0.596,1.0,0.1,1.0,1.0,5.388094,122.2099,142.6878,47.91918,0.0,0.0,0.0,0.0,0.2,0.945568,195.4546,0.628658,243.0,0.0,520.0,94.0,0.0,0.0,3.403618,2.686808,19.49359,0.0,-2.22e-16,0.0,0,0,3.4514488412024686,0.0,3.4514488412024686,0.0,0.2,0.0,0.6902897682404938,0.0,1.2328828005937953,0.0,0.0,0.4,0.0,0.2,0.0,0.4,0.2,345144885.1202468,1.9999999884106643,0.0,0.0,0.0,0.0,0.4931531202375181,0.24657656011875906,0.0,0.0,0.0,0.0,0.0,0.0,0.0,1.7257244206012343,0.0,0.6,0.8,0.0,1.3805795364809876,0.0,0.0,0.0,0.0,0.6902897682404938
0.3,50.0,1103.0,5.0,9.754,688.265,3.15,114.745,0.0,0.35,1.0,0.1,1.0,1.0,5.388094,122.2099,142.6878,47.91918,0.0,0.0,0.0,0.0,0.2,0.945568,195.4546,0.628658,243.0,0.0,520.0,94.0,0.0,0.0,3.403618,2.686808,19.49359,0.0,-2.22e-16,0.0,0,0,3.4514488412024686,0.0,3.4514488412024686,0.0,0.2,0.0,0.6902897682404938,0.0,1.2328828005937953,0.0,0.0,0.4,0.0,0.2,0.0,0.4,0.2,345144885.1202468,1.9999999884106643,0.0,0.0,0.0,0.0,0.4931531202375181,0.24657656011875906,0.0,0.0,0.0,0.0,0.0,0.0,0.0,1.7257244206012343,0.0,0.6,0.8,0.0,1.3805795364809876,0.0,0.0,0.0,0.0,0.6902897682404938
0.3,50.0,1103.0,10.0,9.438,589.847,2.417,106.431,0.0,0.0,1.0,0.1,1.0,1.0,5.388094,122.2099,142.6878,47.91918,0.0,0.0,0.0,0.0,0.2,0.945568,195.4546,0.628658,243.0,0.0,520.0,94.0,0.0,0.0,3.403618,2.686808,19.49359,0.0,-2.22e-16,0.0,0,0,3.4514488412024686,0.0,3.4514488412024686,0.0,0.2,0.0,0.6902897682404938,0.0,1.2328828005937953,0.0,0.0,0.4,0.0,0.2,0.0,0.4,0.2,345144885.1202468,1.9999999884106643,0.0,0.0,0.0,0.0,0.4931531202375181,0.24657656011875906,0.0,0.0,0.0,0.0,0.0,0.0,0.0,1.7257244206012343,0.0,0.6,0.8,0.0,1.3805795364809876,0.0,0.0,0.0,0.0,0.6902897682404938
0.3,50.0,1103.0,17.0,9.158,499.745,2.375,16.745,0.0,0.0,1.0,0.1,1.0,1.0,5.388094,122.2099,142.6878,47.91918,0.0,0.0,0.0,0.0,0.2,0.945568,195.4546,0.628658,243.0,0.0,520.0,94.0,0.0,0.0,3.403618,2.686808,19.49359,0.0,-2.22e-16,0.0,0,0,3.4514488412024686,0.0,3.4514488412024686,0.0,0.2,0.0,0.6902897682404938,0.0,1.2328828005937953,0.0,0.0,0.4,0.0,0.2,0.0,0.4,0.2,345144885.1202468,1.9999999884106643,0.0,0.0,0.0,0.0,0.4931531202375181,0.24657656011875906,0.0,0.0,0.0,0.0,0.0,0.0,0.0,1.7257244206012343,0.0,0.6,0.8,0.0,1.3805795364809876,0.0,0.0,0.0,0.0,0.6902897682404938
0.3,50.0,1103.0,27.0,8.912,372.75,1.885,44.65,0.0,0.273,1.0,0.1,1.0,1.0,5.388094,122.2099,142.6878,47.91918,0.0,0.0,0.0,0.0,0.2,0.945568,195.4546,0.628658,243.0,0.0,520.0,94.0,0.0,0.0,3.403618,2.686808,19.49359,0.0,-2.22e-16,0.0,0,0,3.4514488412024686,0.0,3.4514488412024686,0.0,0.2,0.0,0.6902897682404938,0.0,1.2328828005937953,0.0,0.0,0.4,0.0,0.2,0.0,0.4,0.2,345144885.1202468,1.9999999884106643,0.0,0.0,0.0,0.0,0.4931531202375181,0.24657656011875906,0.0,0.0,0.0,0.0,0.0,0.0,0.0,1.7257244206012343,0.0,0.6,0.8,0.0,1.3805795364809876,0.0,0.0,0.0,0.0,0.6902897682404938
0.119048,70.0,334.0,10.0,0.4,169.0,1.860408,249.0,0.0,0.0862,1.0,5.0,0.805996,1.0,3.011828,107.295,89.50258,120.0378,0.0,0.0,0.0,0.0,0.5,0.860614,165.6702,1.757954,266.0,0.0,750.0,250.0,0.0,0.0,2.932331,2.0,10.0,0.0,-2.22e-16,0.0,0,0,3.350705235476804,0.0,3.350705235476804,0.0,0.5,0.0,1.675352617738402,0.0,1.224744871391589,0.0,0.0,0.5,0.0,0.0,0.0,0.5,0.0,335070524.5476804,1.9999999880622148,0.0,0.0,0.0,0.0,0.6123724356957945,0.0,0.0,0.0,0.0,0.0,0.0,0.0,0.0,1.675352617738402,0.0,0.5,1.0,0.0,1.675352617738402,0.0,0.0,0.0,0.0,1.675352617738402
0.143198,70.0,573.0,10.0,35.0,197.0,13.7658,76.0,0.0,1.574896,1.0,5.0,0.805996,1.0,3.011828,107.295,89.50258,120.0378,6.055896,59.84436,59.34137,60.17588,0.444444,0.326769,35.18325,1.757954,266.0,271.0,750.0,250.0,671.4286,192.8571,2.932331,2.0,10.0,3.126748,1.311577,11.58685,1,0,3.350705235476804,3.861106750459584,0.5104015149827803,12.937430603499758,0.5,0.4285714285714285,1.675352617738402,1.6547600359112502,0.5976143046671968,1.2857142857142856,0.87831006565368,0.5,0.4285714285714285,0.0,0.0,0.0714285714285714,0.0,0.8678095306222438,0.14154598443848632,11.363075522749801,7.7315935942906195,0.21428571428571425,0.0,0.042686736047656895,0.0,0.0,0.0,2.7723065578928052,503571.44999999995,48214.275,72086.0,2.434944754874957,3.605905992968194,1.5743550807499571,0.9285714285714285,1.0,11.367000903517516,0.03645725107019858,0.18820929978293138,2.772306557892805,0.0,2.7723065578928052,0.020592581827151735
0.160858,70.0,860.0,10.0,78.0,283.0,26.6802,55.0,0.0,2.3376,1.0,5.0,0.805996,1.0,3.011828,107.295,89.50258,120.0378,5.932914,120.4948,120.2024,89.39748,0.444444,-0.32423,54.35778,1.757954,266.0,275.7143,750.0,250.0,700.0,205.7143,2.932331,2.0,10.0,2.860376,1.707469,11.55577,1,0,3.350705235476804,3.569235830903556,0.2185305954267518,11.959457185259945,0.5,0.4285714285714285,1.675352617738402,1.5296724989586663,0.4629100498862757,1.357142857142857,0.9271050693011066,0.5,0.4285714285714285,0.0,0.0,0.0714285714285714,0.0,0.9387738425905107,0.06315966933789588,11.087673382544038,5.53615292224146,0.21428571428571425,0.0,0.03306500356330539,0.0,0.0,0.0,2.5627408254128445,525000.0,51428.575000000004,73340.00379999999,2.3759300105451504,3.45997053319018,0.8717838027159065,0.9285714285714285,1.0,11.156579990999061,0.015609328244767979,0.19866537199309423,2.562740825412845,0.0,2.5627408254128445,0.14568011877973563
0.3,50.0,85.0,5.0,0.96,1856.45,0.189,944.208,0.0,0.089,1.0,0.5,1.0,1.0,2.924839,90.0,90.0,120.0,0.0,0.0,0.0,0.0,0.5,0.806533,43.59214,1.176906,267.5,0.0,800.0,257.5,0.0,0.0,2.859813,2.5,10.0,0.0,-2.22e-16,0.0,0,0,2.8284271247461903,0.0,2.8284271247461903,0.0,0.5,0.0,1.4142135623730951,0.0,1.224744871391589,0.0,0.0,0.5,0.0,0.0,0.0,0.5,0.0,282842713.47461903,1.9999999858578645,0.0,0.0,0.0,0.0,0.6123724356957945,0.0,0.0,0.0,0.0,0.0,0.0,0.0,0.0,1.4142135623730951,0.0,0.5,1.0,0.0,1.4142135623730951,0.0,0.0,0.0,0.0,1.4142135623730951
0.122449,50.0,293.0,5.0,6.35,1047.21,0.219,877.4,0.0,0.219,1.0,0.5,1.0,1.0,3.566081,60.0,60.0,60.0,2.924839,90.0,90.0,120.0,0.666667,0.68593,75.13233,1.0,120.0,267.5,300.0,310.0,800.0,257.5,0.0,0.0,0.0,2.859813,2.5,10.0,1,0,8.94427190999916,2.8284271247461903,6.115844785252969,25.29822128134704,1.0,0.5,8.94427190999916,1.4142135623730951,1.5811388300841898,1.0,0.4714045207910318,1.0,0.5,1.0,0.0,0.5,1.0,3.162277652523574,1.0389877048267517,11.925695879998884,40.00000000000001,0.5,0.0,0.7905694150420949,1.5811388300841898,0.0,0.0,12.649110640673518,240000.0,79825.0,32100.0,5.962847939999442,5.8863495173726745,13.372525401348156,0.5,0.0,6.1985502003949575,3.0579223926264847,0.2357022603955159,12.64911064067352,0.0,12.649110640673518,7.530058347626064
0.103734,18.0,85.0,300.0,12.9406,525.72,0.00619,54.431,0.0,0.0094,1.0,0.01,1.0,1.0,2.924839,90.0,90.0,120.0,0.0,0.0,0.0,0.0,0.5,0.993719,43.59214,1.176906,267.5,0.0,800.0,257.5,0.0,0.0,2.859813,2.5,10.0,0.0,-2.22e-16,0.0,0,0,2.8284271247461903,0.0,2.8284271247461903,0.0,0.5,0.0,1.4142135623730951,0.0,1.224744871391589,0.0,0.0,0.5,0.0,0.0,0.0,0.5,0.0,282842713.47461903,1.9999999858578645,0.0,0.0,0.0,0.0,0.6123724356957945,0.0,0.0,0.0,0.0,0.0,0.0,0.0,0.0,1.4142135623730951,0.0,0.5,1.0,0.0,1.4142135623730951,0.0,0.0,0.0,0.0,1.4142135623730951
0.103448,18.0,591.6,300.0,12.9406,420.07,0.00615,46.4866,0.0,0.0094,1.0,0.01,1.0,1.0,5.216782,90.0,72.0,108.0,0.0,0.0,0.0,0.0,0.5,0.967337,71.19317,1.0,266.545,0.0,795.0,254.925,0.0,0.0,2.863278,2.509895,10.07572,0.0,-2.22e-16,0.0,0,0,2.8142849891224597,0.0,2.8142849891224597,0.0,0.5,0.0,1.4071424945612296,0.0,1.2227223724132965,0.0,0.0,0.5,0.0,0.0,0.0,0.5,0.0,281428499.912246,1.9999999857867985,0.0,0.0,0.0,0.0,0.6113611862066483,0.0,0.0,0.0,0.0,0.0,0.0,0.0,0.0,1.4071424945612299,0.0,0.5,1.0,0.0,1.4071424945612299,0.0,0.0,0.0,0.0,1.4071424945612296
0.108735,18.0,591.6,300.0,12.9406,533.0,0.00642,44.365,0.0,0.0094,1.0,0.01,1.0,1.0,5.216782,90.0,72.0,108.0,0.0,0.0,0.0,0.0,0.5,0.967337,71.19317,1.0,264.635,0.0,785.0,249.775,0.0,0.0,2.872657,2.53281,10.2316,0.0,-2.22e-16,0.0,0,0,2.7860007178749973,0.0,2.7860007178749973,0.0,0.5,0.0,1.3930003589374986,0.0,1.2187903839463126,0.0,0.0,0.5,0.0,0.0,0.0,0.5,0.0,278600072.7874997,1.9999999856425021,0.0,0.0,0.0,0.0,0.6093951919731563,0.0,0.0,0.0,0.0,0.0,0.0,0.0,0.0,1.3930003589374986,0.0,0.5,1.0,0.0,1.3930003589374986,0.0,0.0,0.0,0.0,1.3930003589374986
0.105485,18.0,591.6,300.0,12.9406,159.266,0.00237,15.541,0.0,0.0094,1.0,0.01,1.0,1.0,4.170578,90.0,84.0,102.0,0.0,0.0,0.0,0.0,0.5,0.967337,97.01571,1.024813,262.725,0.0,775.0,244.625,0.0,0.0,2.885347,2.559896,10.39357,0.0,-2.22e-16,0.0,0,0,2.7577164466275352,0.0,2.7577164466275352,0.0,0.5,0.0,1.3788582233137676,0.0,1.2150102880222866,0.0,0.0,0.5,0.0,0.0,0.0,0.5,0.0,275771645.6627535,1.9999999854952457,0.0,0.0,0.0,0.0,0.6075051440111433,0.0,0.0,0.0,0.0,0.0,0.0,0.0,0.0,1.3788582233137676,0.0,0.5,1.0,0.0,1.3788582233137676,0.0,0.0,0.0,0.0,1.3788582233137676
0.103734,51.04,85.0,3.0,3.8216,1044.68,0.01538,49.168,0.0,0.1065,1.0,0.01,1.0,1.0,2.924839,90.0,90.0,120.0,0.0,0.0,0.0,0.0,0.5,0.993719,43.59214,1.176906,267.5,0.0,800.0,257.5,0.0,0.0,2.859813,2.5,10.0,0.0,-2.22e-16,0.0,0,0,2.8284271247461903,0.0,2.8284271247461903,0.0,0.5,0.0,1.4142135623730951,0.0,1.224744871391589,0.0,0.0,0.5,0.0,0.0,0.0,0.5,0.0,282842713.47461903,1.9999999858578645,0.0,0.0,0.0,0.0,0.6123724356957945,0.0,0.0,0.0,0.0,0.0,0.0,0.0,0.0,1.4142135623730951,0.0,0.5,1.0,0.0,1.4142135623730951,0.0,0.0,0.0,0.0,1.4142135623730951
0.103448,50.0,602.4,3.0,34.4804,645.11,0.01022,55.388,0.0,5.5734,1.0,0.01,1.0,1.0,5.44824,66.31113,82.94563,70.81472,0.0,0.0,0.0,0.0,0.5,0.687186,99.75442,1.248343,266.545,0.0,795.0,254.925,0.0,0.0,2.863278,2.509895,10.07572,0.0,-2.22e-16,0.0,0,0,2.8142849891224597,0.0,2.8142849891224597,0.0,0.5,0.0,1.4071424945612296,0.0,1.2227223724132965,0.0,0.0,0.5,0.0,0.0,0.0,0.5,0.0,281428499.912246,1.9999999857867985,0.0,0.0,0.0,0.0,0.6113611862066483,0.0,0.0,0.0,0.0,0.0,0.0,0.0,0.0,1.4071424945612299,0.0,0.5,1.0,0.0,1.4071424945612299,0.0,0.0,0.0,0.0,1.4071424945612296
0.108735,50.0,602.4,3.0,34.4804,495.24,0.00872,74.345,0.0,5.365,1.0,0.01,1.0,1.0,5.44824,66.31113,82.94563,70.81472,0.0,0.0,0.0,0.0,0.5,0.687186,99.75442,1.248343,264.635,0.0,785.0,249.775,0.0,0.0,2.872657,2.53281,10.2316,0.0,-2.22e-16,0.0,0,0,2.7860007178749973,0.0,2.7860007178749973,0.0,0.5,0.0,1.3930003589374986,0.0,1.2187903839463126,0.0,0.0,0.5,0.0,0.0,0.0,0.5,0.0,278600072.7874997,1.9999999856425021,0.0,0.0,0.0,0.0,0.6093951919731563,0.0,0.0,0.0,0.0,0.0,0.0,0.0,0.0,1.3930003589374986,0.0,0.5,1.0,0.0,1.3930003589374986,0.0,0.0,0.0,0.0,1.3930003589374986
0.105485,50.0,602.4,3.0,34.4804,256.8,0.00514,30.212,0.0,5.365,1.0,0.01,1.0,1.0,5.44824,66.31113,82.94563,70.81472,0.0,0.0,0.0,0.0,0.5,0.687186,99.75442,1.248343,262.725,0.0,775.0,244.625,0.0,0.0,2.885347,2.559896,10.39357,0.0,-2.22e-16,0.0,0,0,2.7577164466275352,0.0,2.7577164466275352,0.0,0.5,0.0,1.3788582233137676,0.0,1.2150102880222866,0.0,0.0,0.5,0.0,0.0,0.0,0.5,0.0,275771645.6627535,1.9999999854952457,0.0,0.0,0.0,0.0,0.6075051440111433,0.0,0.0,0.0,0.0,0.0,0.0,0.0,0.0,1.3788582233137676,0.0,0.5,1.0,0.0,1.3788582233137676,0.0,0.0,0.0,0.0,1.3788582233137676
0.15,70.0,850.0,10.0,40.631,8040.0,22.5818,101.0,0.0,0.36435,1.0,5.0,0.805996,1.0,3.011828,107.295,89.50258,120.0378,5.142692,74.87634,90.0,90.0,0.444444,0.972509,104.2071,1.757954,266.0,275.0,750.0,250.0,685.7143,201.4286,2.932331,2.0,10.0,2.897249,1.443376,11.54701,1,0,3.350705235476804,3.7158067079548327,0.3651014724780288,12.450572990364083,0.5,0.4285714285714285,1.675352617738402,1.5924885891234997,0.662401321106836,1.2857142857142856,0.8542421961772493,0.5,0.4285714285714285,0.0,0.0,0.0714285714285714,0.0,0.9017436857751903,0.10333286757805993,10.635804814953756,8.247275997354258,0.21428571428571425,0.0,0.04731438007905969,0.0,0.0,0.0,2.6679799265065895,514285.725,50357.149999999994,73150.0,2.2791010317758045,3.5332559717158185,1.8147681754103269,0.9285714285714285,1.0,10.66932936747879,0.026078676605573475,0.18305189918083908,2.6679799265065887,0.0,2.6679799265065895,0.08286402861490227
0.15,70.0,850.0,50.0,40.631,8105.0,22.5904,74.0,0.0,0.358995,1.0,5.0,0.805996,1.0,3.011828,107.295,89.50258,120.0378,5.142692,74.87634,90.0,90.0,0.444444,0.972509,104.2071,1.757954,266.0,275.0,750.0,250.0,685.7143,201.4286,2.932331,2.0,10.0,2.897249,1.443376,11.54701,1,0,3.350705235476804,3.7158067079548327,0.3651014724780288,12.450572990364083,0.5,0.4285714285714285,1.675352617738402,1.5924885891234997,0.662401321106836,1.2857142857142856,0.8542421961772493,0.5,0.4285714285714285,0.0,0.0,0.0714285714285714,0.0,0.9017436857751903,0.10333286757805993,10.635804814953756,8.247275997354258,0.21428571428571425,0.0,0.04731438007905969,0.0,0.0,0.0,2.6679799265065895,514285.725,50357.149999999994,73150.0,2.2791010317758045,3.5332559717158185,1.8147681754103269,0.9285714285714285,1.0,10.66932936747879,0.026078676605573475,0.18305189918083908,2.6679799265065887,0.0,2.6679799265065895,0.08286402861490227
0.15,70.0,850.0,150.0,43.2134,4131.0,47.1517,55.0,0.0,0.499432,0.8,5.0,0.805996,1.0,3.011828,107.295,89.50258,120.0378,5.142692,74.87634,90.0,90.0,0.444444,0.972509,104.2071,1.757954,266.0,275.0,750.0,250.0,685.7143,201.4286,2.932331,2.0,10.0,2.897249,1.443376,11.54701,1,0,3.350705235476804,3.7158067079548327,0.3651014724780288,12.450572990364083,0.5,0.4285714285714285,1.675352617738402,1.5924885891234997,0.662401321106836,1.2857142857142856,0.8542421961772493,0.5,0.4285714285714285,0.0,0.0,0.0714285714285714,0.0,0.9017436857751903,0.10333286757805993,10.635804814953756,8.247275997354258,0.21428571428571425,0.0,0.04731438007905969,0.0,0.0,0.0,2.6679799265065895,514285.725,50357.149999999994,73150.0,2.2791010317758045,3.5332559717158185,1.8147681754103269,0.9285714285714285,1.0,10.66932936747879,0.026078676605573475,0.18305189918083908,2.6679799265065887,0.0,2.6679799265065895,0.08286402861490227
0.15,70.0,850.0,250.0,39.2628,1662.0,31.0905,30.0,0.0,0.384632,1.0,5.0,0.805996,1.0,3.011828,107.295,89.50258,120.0378,5.142692,74.87634,90.0,90.0,0.444444,0.972509,104.2071,1.757954,266.0,275.0,750.0,250.0,685.7143,201.4286,2.932331,2.0,10.0,2.897249,1.443376,11.54701,1,0,3.350705235476804,3.7158067079548327,0.3651014724780288,12.450572990364083,0.5,0.4285714285714285,1.675352617738402,1.5924885891234997,0.662401321106836,1.2857142857142856,0.8542421961772493,0.5,0.4285714285714285,0.0,0.0,0.0714285714285714,0.0,0.9017436857751903,0.10333286757805993,10.635804814953756,8.247275997354258,0.21428571428571425,0.0,0.04731438007905969,0.0,0.0,0.0,2.6679799265065895,514285.725,50357.149999999994,73150.0,2.2791010317758045,3.5332559717158185,1.8147681754103269,0.9285714285714285,1.0,10.66932936747879,0.026078676605573475,0.18305189918083908,2.6679799265065887,0.0,2.6679799265065895,0.08286402861490227
0.15,30.0,850.0,10.0,32.5494,8624.0,17.3368,178.0,0.0,0.0,1.0,5.0,0.805996,1.0,3.011828,107.295,89.50258,120.0378,5.142692,74.87634,90.0,90.0,0.444444,0.972509,104.2071,1.757954,266.0,275.0,750.0,250.0,685.7143,201.4286,2.932331,2.0,10.0,2.897249,1.443376,11.54701,1,0,3.350705235476804,3.7158067079548327,0.3651014724780288,12.450572990364083,0.5,0.4285714285714285,1.675352617738402,1.5924885891234997,0.662401321106836,1.2857142857142856,0.8542421961772493,0.5,0.4285714285714285,0.0,0.0,0.0714285714285714,0.0,0.9017436857751903,0.10333286757805993,10.635804814953756,8.247275997354258,0.21428571428571425,0.0,0.04731438007905969,0.0,0.0,0.0,2.6679799265065895,514285.725,50357.149999999994,73150.0,2.2791010317758045,3.5332559717158185,1.8147681754103269,0.9285714285714285,1.0,10.66932936747879,0.026078676605573475,0.18305189918083908,2.6679799265065887,0.0,2.6679799265065895,0.08286402861490227
0.15,30.0,850.0,50.0,32.823,8200.0,17.4304,109.0,0.0,0.0,1.0,5.0,0.805996,1.0,3.011828,107.295,89.50258,120.0378,5.142692,74.87634,90.0,90.0,0.444444,0.972509,104.2071,1.757954,266.0,275.0,750.0,250.0,685.7143,201.4286,2.932331,2.0,10.0,2.897249,1.443376,11.54701,1,0,3.350705235476804,3.7158067079548327,0.3651014724780288,12.450572990364083,0.5,0.4285714285714285,1.675352617738402,1.5924885891234997,0.662401321106836,1.2857142857142856,0.8542421961772493,0.5,0.4285714285714285,0.0,0.0,0.0714285714285714,0.0,0.9017436857751903,0.10333286757805993,10.635804814953756,8.247275997354258,0.21428571428571425,0.0,0.04731438007905969,0.0,0.0,0.0,2.6679799265065895,514285.725,50357.149999999994,73150.0,2.2791010317758045,3.5332559717158185,1.8147681754103269,0.9285714285714285,1.0,10.66932936747879,0.026078676605573475,0.18305189918083908,2.6679799265065887,0.0,2.6679799265065895,0.08286402861490227
0.15,30.0,850.0,150.0,48.2282,4302.0,16.0526,45.0,0.0,1.218,1.0,5.0,0.805996,1.0,3.011828,107.295,89.50258,120.0378,5.142692,74.87634,90.0,90.0,0.444444,0.972509,104.2071,1.757954,266.0,275.0,750.0,250.0,685.7143,201.4286,2.932331,2.0,10.0,2.897249,1.443376,11.54701,1,0,3.350705235476804,3.7158067079548327,0.3651014724780288,12.450572990364083,0.5,0.4285714285714285,1.675352617738402,1.5924885891234997,0.662401321106836,1.2857142857142856,0.8542421961772493,0.5,0.4285714285714285,0.0,0.0,0.0714285714285714,0.0,0.9017436857751903,0.10333286757805993,10.635804814953756,8.247275997354258,0.21428571428571425,0.0,0.04731438007905969,0.0,0.0,0.0,2.6679799265065895,514285.725,50357.149999999994,73150.0,2.2791010317758045,3.5332559717158185,1.8147681754103269,0.9285714285714285,1.0,10.66932936747879,0.026078676605573475,0.18305189918083908,2.6679799265065887,0.0,2.6679799265065895,0.08286402861490227
0.15,30.0,850.0,250.0,29.0628,1737.0,16.628,36.0,0.0,1.464,1.0,5.0,0.805996,1.0,3.011828,107.295,89.50258,120.0378,5.142692,74.87634,90.0,90.0,0.444444,0.972509,104.2071,1.757954,266.0,275.0,750.0,250.0,685.7143,201.4286,2.932331,2.0,10.0,2.897249,1.443376,11.54701,1,0,3.350705235476804,3.7158067079548327,0.3651014724780288,12.450572990364083,0.5,0.4285714285714285,1.675352617738402,1.5924885891234997,0.662401321106836,1.2857142857142856,0.8542421961772493,0.5,0.4285714285714285,0.0,0.0,0.0714285714285714,0.0,0.9017436857751903,0.10333286757805993,10.635804814953756,8.247275997354258,0.21428571428571425,0.0,0.04731438007905969,0.0,0.0,0.0,2.6679799265065895,514285.725,50357.149999999994,73150.0,2.2791010317758045,3.5332559717158185,1.8147681754103269,0.9285714285714285,1.0,10.66932936747879,0.026078676605573475,0.18305189918083908,2.6679799265065887,0.0,2.6679799265065895,0.08286402861490227
0.061224,70.0,850.0,10.0,46.0336,3197.0,36.8626,253.0,0.0,0.1374,1.0,5.0,0.805996,1.0,3.011828,107.295,89.50258,120.0378,5.142692,74.87634,90.0,90.0,0.444444,0.972509,104.2071,1.757954,266.0,275.0,750.0,250.0,685.7143,201.4286,2.932331,2.0,10.0,2.897249,1.443376,11.54701,1,0,3.350705235476804,3.7158067079548327,0.3651014724780288,12.450572990364083,0.5,0.4285714285714285,1.675352617738402,1.5924885891234997,0.662401321106836,1.2857142857142856,0.8542421961772493,0.5,0.4285714285714285,0.0,0.0,0.0714285714285714,0.0,0.9017436857751903,0.10333286757805993,10.635804814953756,8.247275997354258,0.21428571428571425,0.0,0.04731438007905969,0.0,0.0,0.0,2.6679799265065895,514285.725,50357.149999999994,73150.0,2.2791010317758045,3.5332559717158185,1.8147681754103269,0.9285714285714285,1.0,10.66932936747879,0.026078676605573475,0.18305189918083908,2.6679799265065887,0.0,2.6679799265065895,0.08286402861490227
0.061224,70.0,850.0,50.0,46.0336,2656.0,36.8626,160.0,0.0,0.2522,0.8,5.0,0.805996,1.0,3.011828,107.295,89.50258,120.0378,5.142692,74.87634,90.0,90.0,0.444444,0.972509,104.2071,1.757954,266.0,275.0,750.0,250.0,685.7143,201.4286,2.932331,2.0,10.0,2.897249,1.443376,11.54701,1,0,3.350705235476804,3.7158067079548327,0.3651014724780288,12.450572990364083,0.5,0.4285714285714285,1.675352617738402,1.5924885891234997,0.662401321106836,1.2857142857142856,0.8542421961772493,0.5,0.4285714285714285,0.0,0.0,0.0714285714285714,0.0,0.9017436857751903,0.10333286757805993,10.635804814953756,8.247275997354258,0.21428571428571425,0.0,0.04731438007905969,0.0,0.0,0.0,2.6679799265065895,514285.725,50357.149999999994,73150.0,2.2791010317758045,3.5332559717158185,1.8147681754103269,0.9285714285714285,1.0,10.66932936747879,0.026078676605573475,0.18305189918083908,2.6679799265065887,0.0,2.6679799265065895,0.08286402861490227
0.061224,70.0,850.0,150.0,38.6424,1346.0,39.2301,58.0,0.0,0.336232,1.0,5.0,0.805996,1.0,3.011828,107.295,89.50258,120.0378,5.142692,74.87634,90.0,90.0,0.444444,0.972509,104.2071,1.757954,266.0,275.0,750.0,250.0,685.7143,201.4286,2.932331,2.0,10.0,2.897249,1.443376,11.54701,1,0,3.350705235476804,3.7158067079548327,0.3651014724780288,12.450572990364083,0.5,0.4285714285714285,1.675352617738402,1.5924885891234997,0.662401321106836,1.2857142857142856,0.8542421961772493,0.5,0.4285714285714285,0.0,0.0,0.0714285714285714,0.0,0.9017436857751903,0.10333286757805993,10.635804814953756,8.247275997354258,0.21428571428571425,0.0,0.04731438007905969,0.0,0.0,0.0,2.6679799265065895,514285.725,50357.149999999994,73150.0,2.2791010317758045,3.5332559717158185,1.8147681754103269,0.9285714285714285,1.0,10.66932936747879,0.026078676605573475,0.18305189918083908,2.6679799265065887,0.0,2.6679799265065895,0.08286402861490227
0.061224,70.0,850.0,250.0,24.9028,503.0,24.7645,11.0,0.0,0.384632,1.0,5.0,0.805996,1.0,3.011828,107.295,89.50258,120.0378,5.142692,74.87634,90.0,90.0,0.444444,0.972509,104.2071,1.757954,266.0,275.0,750.0,250.0,685.7143,201.4286,2.932331,2.0,10.0,2.897249,1.443376,11.54701,1,0,3.350705235476804,3.7158067079548327,0.3651014724780288,12.450572990364083,0.5,0.4285714285714285,1.675352617738402,1.5924885891234997,0.662401321106836,1.2857142857142856,0.8542421961772493,0.5,0.4285714285714285,0.0,0.0,0.0714285714285714,0.0,0.9017436857751903,0.10333286757805993,10.635804814953756,8.247275997354258,0.21428571428571425,0.0,0.04731438007905969,0.0,0.0,0.0,2.6679799265065895,514285.725,50357.149999999994,73150.0,2.2791010317758045,3.5332559717158185,1.8147681754103269,0.9285714285714285,1.0,10.66932936747879,0.026078676605573475,0.18305189918083908,2.6679799265065887,0.0,2.6679799265065895,0.08286402861490227
0.061224,70.0,850.0,325.0,24.836,275.0,17.9265,2.0,0.0,0.5519,1.0,5.0,0.805996,1.0,3.011828,107.295,89.50258,120.0378,5.142692,74.87634,90.0,90.0,0.444444,0.972509,104.2071,1.757954,266.0,275.0,750.0,250.0,685.7143,201.4286,2.932331,2.0,10.0,2.897249,1.443376,11.54701,1,0,3.350705235476804,3.7158067079548327,0.3651014724780288,12.450572990364083,0.5,0.4285714285714285,1.675352617738402,1.5924885891234997,0.662401321106836,1.2857142857142856,0.8542421961772493,0.5,0.4285714285714285,0.0,0.0,0.0714285714285714,0.0,0.9017436857751903,0.10333286757805993,10.635804814953756,8.247275997354258,0.21428571428571425,0.0,0.04731438007905969,0.0,0.0,0.0,2.6679799265065895,514285.725,50357.149999999994,73150.0,2.2791010317758045,3.5332559717158185,1.8147681754103269,0.9285714285714285,1.0,10.66932936747879,0.026078676605573475,0.18305189918083908,2.6679799265065887,0.0,2.6679799265065895,0.08286402861490227
0.061224,70.0,850.0,10.0,49.812,3016.0,20.5784,238.0,0.0,1.00868,0.8,2.0,0.805996,1.0,3.011828,107.295,89.50258,120.0378,5.142692,74.87634,90.0,90.0,0.444444,0.972509,104.2071,1.757954,266.0,275.0,750.0,250.0,685.7143,201.4286,2.932331,2.0,10.0,2.897249,1.443376,11.54701,1,0,3.350705235476804,3.7158067079548327,0.3651014724780288,12.450572990364083,0.5,0.4285714285714285,1.675352617738402,1.5924885891234997,0.662401321106836,1.2857142857142856,0.8542421961772493,0.5,0.4285714285714285,0.0,0.0,0.0714285714285714,0.0,0.9017436857751903,0.10333286757805993,10.635804814953756,8.247275997354258,0.21428571428571425,0.0,0.04731438007905969,0.0,0.0,0.0,2.6679799265065895,514285.725,50357.149999999994,73150.0,2.2791010317758045,3.5332559717158185,1.8147681754103269,0.9285714285714285,1.0,10.66932936747879,0.026078676605573475,0.18305189918083908,2.6679799265065887,0.0,2.6679799265065895,0.08286402861490227
0.061224,70.0,850.0,50.0,49.812,2528.0,20.5784,147.0,0.0,0.26428,0.8,2.0,0.805996,1.0,3.011828,107.295,89.50258,120.0378,5.142692,74.87634,90.0,90.0,0.444444,0.972509,104.2071,1.757954,266.0,275.0,750.0,250.0,685.7143,201.4286,2.932331,2.0,10.0,2.897249,1.443376,11.54701,1,0,3.350705235476804,3.7158067079548327,0.3651014724780288,12.450572990364083,0.5,0.4285714285714285,1.675352617738402,1.5924885891234997,0.662401321106836,1.2857142857142856,0.8542421961772493,0.5,0.4285714285714285,0.0,0.0,0.0714285714285714,0.0,0.9017436857751903,0.10333286757805993,10.635804814953756,8.247275997354258,0.21428571428571425,0.0,0.04731438007905969,0.0,0.0,0.0,2.6679799265065895,514285.725,50357.149999999994,73150.0,2.2791010317758045,3.5332559717158185,1.8147681754103269,0.9285714285714285,1.0,10.66932936747879,0.026078676605573475,0.18305189918083908,2.6679799265065887,0.0,2.6679799265065895,0.08286402861490227
0.061224,30.0,850.0,10.0,49.1154,4652.0,18.7704,943.0,0.0,0.69,1.0,5.0,0.805996,1.0,3.011828,107.295,89.50258,120.0378,5.142692,74.87634,90.0,90.0,0.444444,0.972509,104.2071,1.757954,266.0,275.0,750.0,250.0,685.7143,201.4286,2.932331,2.0,10.0,2.897249,1.443376,11.54701,1,0,3.350705235476804,3.7158067079548327,0.3651014724780288,12.450572990364083,0.5,0.4285714285714285,1.675352617738402,1.5924885891234997,0.662401321106836,1.2857142857142856,0.8542421961772493,0.5,0.4285714285714285,0.0,0.0,0.0714285714285714,0.0,0.9017436857751903,0.10333286757805993,10.635804814953756,8.247275997354258,0.21428571428571425,0.0,0.04731438007905969,0.0,0.0,0.0,2.6679799265065895,514285.725,50357.149999999994,73150.0,2.2791010317758045,3.5332559717158185,1.8147681754103269,0.9285714285714285,1.0,10.66932936747879,0.026078676605573475,0.18305189918083908,2.6679799265065887,0.0,2.6679799265065895,0.08286402861490227
0.061224,30.0,850.0,50.0,48.707,3697.0,19.4404,376.0,0.0,1.783,1.0,5.0,0.805996,1.0,3.011828,107.295,89.50258,120.0378,5.142692,74.87634,90.0,90.0,0.444444,0.972509,104.2071,1.757954,266.0,275.0,750.0,250.0,685.7143,201.4286,2.932331,2.0,10.0,2.897249,1.443376,11.54701,1,0,3.350705235476804,3.7158067079548327,0.3651014724780288,12.450572990364083,0.5,0.4285714285714285,1.675352617738402,1.5924885891234997,0.662401321106836,1.2857142857142856,0.8542421961772493,0.5,0.4285714285714285,0.0,0.0,0.0714285714285714,0.0,0.9017436857751903,0.10333286757805993,10.635804814953756,8.247275997354258,0.21428571428571425,0.0,0.04731438007905969,0.0,0.0,0.0,2.6679799265065895,514285.725,50357.149999999994,73150.0,2.2791010317758045,3.5332559717158185,1.8147681754103269,0.9285714285714285,1.0,10.66932936747879,0.026078676605573475,0.18305189918083908,2.6679799265065887,0.0,2.6679799265065895,0.08286402861490227
0.061224,30.0,850.0,150.0,46.6082,1805.0,20.5726,81.0,0.0,2.368,1.0,5.0,0.805996,1.0,3.011828,107.295,89.50258,120.0378,5.142692,74.87634,90.0,90.0,0.444444,0.972509,104.2071,1.757954,266.0,275.0,750.0,250.0,685.7143,201.4286,2.932331,2.0,10.0,2.897249,1.443376,11.54701,1,0,3.350705235476804,3.7158067079548327,0.3651014724780288,12.450572990364083,0.5,0.4285714285714285,1.675352617738402,1.5924885891234997,0.662401321106836,1.2857142857142856,0.8542421961772493,0.5,0.4285714285714285,0.0,0.0,0.0714285714285714,0.0,0.9017436857751903,0.10333286757805993,10.635804814953756,8.247275997354258,0.21428571428571425,0.0,0.04731438007905969,0.0,0.0,0.0,2.6679799265065895,514285.725,50357.149999999994,73150.0,2.2791010317758045,3.5332559717158185,1.8147681754103269,0.9285714285714285,1.0,10.66932936747879,0.026078676605573475,0.18305189918083908,2.6679799265065887,0.0,2.6679799265065895,0.08286402861490227
0.061224,30.0,850.0,250.0,46.0694,687.0,18.8874,23.0,0.0,2.033,1.0,5.0,0.805996,1.0,3.011828,107.295,89.50258,120.0378,5.142692,74.87634,90.0,90.0,0.444444,0.972509,104.2071,1.757954,266.0,275.0,750.0,250.0,685.7143,201.4286,2.932331,2.0,10.0,2.897249,1.443376,11.54701,1,0,3.350705235476804,3.7158067079548327,0.3651014724780288,12.450572990364083,0.5,0.4285714285714285,1.675352617738402,1.5924885891234997,0.662401321106836,1.2857142857142856,0.8542421961772493,0.5,0.4285714285714285,0.0,0.0,0.0714285714285714,0.0,0.9017436857751903,0.10333286757805993,10.635804814953756,8.247275997354258,0.21428571428571425,0.0,0.04731438007905969,0.0,0.0,0.0,2.6679799265065895,514285.725,50357.149999999994,73150.0,2.2791010317758045,3.5332559717158185,1.8147681754103269,0.9285714285714285,1.0,10.66932936747879,0.026078676605573475,0.18305189918083908,2.6679799265065887,0.0,2.6679799265065895,0.08286402861490227
0.47619,50.0,813.0,10.0,28.685,5500.0,6.6,800.0,0.0,0.6,1.0,1.0,1.0,1.0,3.011828,107.295,89.50258,120.0378,6.617077,57.30339,57.30339,45.08058,0.4375,0.831615,46.07136,1.757954,266.0,275.9286,750.0,250.0,707.1429,206.7857,2.932331,2.0,10.0,2.849642,1.887024,11.56137,1,0,3.350705235476804,3.4946246722277534,0.1439194367509495,11.709457185259945,0.5,0.4285714285714285,1.675352617738402,1.4976962880976084,0.524890659167824,1.3214285714285714,0.9059488977176248,0.5,0.4285714285714285,0.0,0.0,0.0714285714285714,0.0,0.9588169117322196,0.04204894088989805,10.608169829857967,6.146184700468505,0.21428571428571425,0.0,0.037492189940558834,0.0,0.0,0.0,2.509169396841416,530357.175,51696.424999999996,73397.00760000001,2.2731792492552785,3.4226649538522786,1.1012873554019766,0.9285714285714285,1.0,10.691681675605906,0.01027995976792496,0.1941319066537767,2.509169396841416,0.0,2.509169396841416,0.1776563296407936
0.042735,12.0,922.0,300.0,82.4,900.0,27.4,14.182,0.6,4.8,1.0,0.0,1.0,1.0,5.932914,120.4948,120.2024,89.39748,4.799136,84.38479,89.90052,99.4604,0.6,0.572101,73.01221,1.0,275.7143,184.6667,700.0,205.7143,833.3333,480.0,2.860376,1.707469,11.55577,0.127637,0.565685,0.294628,1,0,3.569235830903556,4.5569807724467095,0.9877449415431538,16.26493905375536,0.4285714285714285,1.0,1.5296724989586663,4.5569807724467095,0.7126966450997984,1.238095238095238,0.8305395344999219,0.4285714285714285,1.0,0.0,0.0,0.5714285714285714,0.0,0.7832457522428219,0.24310081488719354,13.508674910375577,11.591967496364134,0.4285714285714285,0.0,0.40725522577131335,0.0,0.0,0.0,6.970688165895152,583333.31,98742.864,50915.24992380999,5.789432104446675,4.063108301675133,2.756264143379783,0.4285714285714285,1.0,6.145377619232355,0.5644256808818021,0.35594551478568076,6.970688165895153,0.0,6.970688165895152,3.0273082734880434
0.044118,12.0,922.0,300.0,80.0,760.0,26.1,19.15,0.4,13.0,1.0,0.0,1.0,1.0,5.932914,120.4948,120.2024,89.39748,3.038005,90.0,90.0,108.9187,0.6,0.671053,120.9341,1.0,275.7143,184.6667,700.0,205.7143,833.3333,480.0,2.860376,1.707469,11.55577,0.127637,0.565685,0.294628,1,0,3.569235830903556,4.5569807724467095,0.9877449415431538,16.26493905375536,0.4285714285714285,1.0,1.5296724989586663,4.5569807724467095,0.7126966450997984,1.238095238095238,0.8305395344999219,0.4285714285714285,1.0,0.0,0.0,0.5714285714285714,0.0,0.7832457522428219,0.24310081488719354,13.508674910375577,11.591967496364134,0.4285714285714285,0.0,0.40725522577131335,0.0,0.0,0.0,6.970688165895152,583333.31,98742.864,50915.24992380999,5.789432104446675,4.063108301675133,2.756264143379783,0.4285714285714285,1.0,6.145377619232355,0.5644256808818021,0.35594551478568076,6.970688165895153,0.0,6.970688165895152,3.0273082734880434
0.046225,12.0,922.0,300.0,94.6,750.0,29.6,16.852,0.4,9.1,1.0,0.0,1.0,1.0,5.932914,120.4948,120.2024,89.39748,4.678483,80.9258,90.0,97.31929,0.6,0.635036,79.29629,1.0,275.7143,184.6667,700.0,205.7143,833.3333,480.0,2.860376,1.707469,11.55577,0.127637,0.565685,0.294628,1,0,3.569235830903556,4.5569807724467095,0.9877449415431538,16.26493905375536,0.4285714285714285,1.0,1.5296724989586663,4.5569807724467095,0.7126966450997984,1.238095238095238,0.8305395344999219,0.4285714285714285,1.0,0.0,0.0,0.5714285714285714,0.0,0.7832457522428219,0.24310081488719354,13.508674910375577,11.591967496364134,0.4285714285714285,0.0,0.40725522577131335,0.0,0.0,0.0,6.970688165895152,583333.31,98742.864,50915.24992380999,5.789432104446675,4.063108301675133,2.756264143379783,0.4285714285714285,1.0,6.145377619232355,0.5644256808818021,0.35594551478568076,6.970688165895153,0.0,6.970688165895152,3.0273082734880434
0.061728,12.0,922.0,10.0,111.4,650.0,29.0,76.254,0.6,2.9,1.0,1.2,1.0,1.0,5.932914,120.4948,120.2024,89.39748,4.595866,77.90107,90.0,93.86646,0.6,0.565702,82.23531,1.0,275.7143,184.6667,700.0,205.7143,833.3333,480.0,2.860376,1.707469,11.55577,0.127637,0.565685,0.294628,1,0,3.569235830903556,4.5569807724467095,0.9877449415431538,16.26493905375536,0.4285714285714285,1.0,1.5296724989586663,4.5569807724467095,0.7126966450997984,1.238095238095238,0.8305395344999219,0.4285714285714285,1.0,0.0,0.0,0.5714285714285714,0.0,0.7832457522428219,0.24310081488719354,13.508674910375577,11.591967496364134,0.4285714285714285,0.0,0.40725522577131335,0.0,0.0,0.0,6.970688165895152,583333.31,98742.864,50915.24992380999,5.789432104446675,4.063108301675133,2.756264143379783,0.4285714285714285,1.0,6.145377619232355,0.5644256808818021,0.35594551478568076,6.970688165895153,0.0,6.970688165895152,3.0273082734880434
0.079365,12.0,922.0,10.0,141.3,540.0,30.0,73.298,0.0,53.3,1.0,1.2,1.0,1.0,5.932914,120.4948,120.2024,89.39748,1.548393,54.0,54.0,67.73291,0.6,0.573864,146.9973,1.0,275.7143,184.6667,700.0,205.7143,833.3333,480.0,2.860376,1.707469,11.55577,0.127637,0.565685,0.294628,1,0,3.569235830903556,4.5569807724467095,0.9877449415431538,16.26493905375536,0.4285714285714285,1.0,1.5296724989586663,4.5569807724467095,0.7126966450997984,1.238095238095238,0.8305395344999219,0.4285714285714285,1.0,0.0,0.0,0.5714285714285714,0.0,0.7832457522428219,0.24310081488719354,13.508674910375577,11.591967496364134,0.4285714285714285,0.0,0.40725522577131335,0.0,0.0,0.0,6.970688165895152,583333.31,98742.864,50915.24992380999,5.789432104446675,4.063108301675133,2.756264143379783,0.4285714285714285,1.0,6.145377619232355,0.5644256808818021,0.35594551478568076,6.970688165895153,0.0,6.970688165895152,3.0273082734880434
0.381437,70.0,830.0,10.0,31.563,17500.0,24.911,462.0,0.0,1.0,1.0,6.6,0.842785,1.055308,5.388094,122.2099,142.6878,47.91918,5.932914,120.4948,120.2024,89.39748,0.333333,0.791602,52.46157,0.628658,243.0,275.7143,520.0,94.0,700.0,205.7143,3.403618,2.686808,19.49359,2.860376,1.707469,11.55577,1,0,3.4514488412024686,3.569235830903556,0.117786989701087,12.319034872550407,0.2,0.4285714285714285,0.6902897682404938,1.5296724989586663,0.3854496446637726,1.4,0.9500692495536144,0.4,0.4285714285714285,0.2,0.0,0.0285714285714285,0.2,0.9669993816740141,0.03355427422442865,11.70393621658877,4.748367614225177,0.1714285714285714,0.0,0.011012846990393475,0.07708992893275451,0.0,0.0,1.0559172747900347,364000.0,19337.144200000002,66998.57489999999,2.006389065700932,3.5103423360530126,0.6150986559616363,0.9714285714285715,0.8,12.292462452824033,0.0033653425628881917,0.162869014209191,2.1118345495800694,0.0,1.0559172747900347,0.8393827307181725
0.381437,70.0,830.0,10.0,31.5,18797.0,24.6,646.0,0.0,0.0,0.0,0.0,0.842785,1.055308,5.388094,122.2099,142.6878,47.91918,5.932914,120.4948,120.2024,89.39748,0.333333,0.704482,52.46157,0.628658,243.0,275.7143,520.0,94.0,700.0,205.7143,3.403618,2.686808,19.49359,2.860376,1.707469,11.55577,1,0,3.4514488412024686,3.569235830903556,0.117786989701087,12.319034872550407,0.2,0.4285714285714285,0.6902897682404938,1.5296724989586663,0.3854496446637726,1.4,0.9500692495536144,0.4,0.4285714285714285,0.2,0.0,0.0285714285714285,0.2,0.9669993816740141,0.03355427422442865,11.70393621658877,4.748367614225177,0.1714285714285714,0.0,0.011012846990393475,0.07708992893275451,0.0,0.0,1.0559172747900347,364000.0,19337.144200000002,66998.57489999999,2.006389065700932,3.5103423360530126,0.6150986559616363,0.9714285714285715,0.8,12.292462452824033,0.0033653425628881917,0.162869014209191,2.1118345495800694,0.0,1.0559172747900347,0.8393827307181725
0.3,50.0,1043.0,15.0,37.926,2517.667,41.6033,1003.173,0.0,1.7205,1.0,0.01,1.0,1.0,2.459352,109.4691,109.4671,109.4596,3.788512,90.0,90.0,90.0,0.5,0.578059,137.653,1.000148,183.0,279.6,800.0,470.0,680.0,188.0,0.0,0.0,0.0,2.820943,1.440876,12.24745,1,0,4.898979485566356,3.656648069074256,1.2423314164920995,17.913843876330606,1.0,0.4,4.898979485566356,1.4626592276297026,0.848528137423857,1.4,0.8029550685469662,1.0,0.4,0.0,0.0,0.6,0.0,1.339745961226495,0.29041269168247663,14.384011737658692,15.200400578484576,0.4,0.0,0.5091168824543142,0.0,0.0,0.0,7.165537550532243,544000.0,88360.0,51166.8,5.753604695063477,4.277813777320306,3.529832138671914,0.4,1.0,6.074786722482264,0.7453988498952597,0.3211820274187865,7.1655375505322425,0.0,7.165537550532243,3.436320257936653
0.3,50.0,1043.0,30.0,22.15,1408.45,5.8334,106.0,1.0,0.0714,1.0,0.01,1.0,1.0,2.459352,109.4691,109.4671,109.4596,3.788512,90.0,90.0,90.0,0.5,0.578059,137.653,1.000148,183.0,279.6,800.0,470.0,680.0,188.0,0.0,0.0,0.0,2.820943,1.440876,12.24745,1,0,4.898979485566356,3.656648069074256,1.2423314164920995,17.913843876330606,1.0,0.4,4.898979485566356,1.4626592276297026,0.848528137423857,1.4,0.8029550685469662,1.0,0.4,0.0,0.0,0.6,0.0,1.339745961226495,0.29041269168247663,14.384011737658692,15.200400578484576,0.4,0.0,0.5091168824543142,0.0,0.0,0.0,7.165537550532243,544000.0,88360.0,51166.8,5.753604695063477,4.277813777320306,3.529832138671914,0.4,1.0,6.074786722482264,0.7453988498952597,0.3211820274187865,7.1655375505322425,0.0,7.165537550532243,3.436320257936653
0.096774,20.0,720.0,2.0,1.19,6.5,0.0056,15.5,0.0,0.000545,0.4,0.01,1.0,1.0,2.924839,90.0,90.0,120.0,2.924839,90.0,90.0,120.0,0.5,0.990385,184.6255,1.176906,267.5,267.5,800.0,257.5,800.0,257.5,2.859813,2.5,10.0,2.859813,2.5,10.0,1,0,2.8284271247461903,2.8284271247461903,0.0,8.000000000000002,0.5,0.5,1.4142135623730951,1.4142135623730951,0.0,1.5,1.0000000000000002,0.5,0.5,0.0,0.0,0.0,0.0,1.0,0.0,8.000000000000004,0.0,0.25,0.0,0.0,0.0,0.0,0.0,2.0000000000000004,640000.0,66306.25,71556.25,2.000000000000001,2.8284271247461903,-1.776356839400251e-15,1.0,1.0,9.000000000000004,0.0,0.25000000000000006,2.0000000000000004,0.0,2.0000000000000004,0.0
0.096774,20.0,720.0,25.0,1.16,5.0,0.0048,12.0,0.0,0.000545,0.6,0.01,1.0,1.0,2.924839,90.0,90.0,120.0,2.924839,90.0,90.0,120.0,0.5,0.990385,184.6255,1.176906,267.5,267.5,800.0,257.5,800.0,257.5,2.859813,2.5,10.0,2.859813,2.5,10.0,1,0,2.8284271247461903,2.8284271247461903,0.0,8.000000000000002,0.5,0.5,1.4142135623730951,1.4142135623730951,0.0,1.5,1.0000000000000002,0.5,0.5,0.0,0.0,0.0,0.0,1.0,0.0,8.000000000000004,0.0,0.25,0.0,0.0,0.0,0.0,0.0,2.0000000000000004,640000.0,66306.25,71556.25,2.000000000000001,2.8284271247461903,-1.776356839400251e-15,1.0,1.0,9.000000000000004,0.0,0.25000000000000006,2.0000000000000004,0.0,2.0000000000000004,0.0
0.096774,20.0,720.0,50.0,1.09,14.0,0.0135,11.0,0.0,0.000489,0.6,0.01,1.0,1.0,2.924839,90.0,90.0,120.0,2.924839,90.0,90.0,120.0,0.5,0.990385,184.6255,1.176906,267.5,267.5,800.0,257.5,800.0,257.5,2.859813,2.5,10.0,2.859813,2.5,10.0,1,0,2.8284271247461903,2.8284271247461903,0.0,8.000000000000002,0.5,0.5,1.4142135623730951,1.4142135623730951,0.0,1.5,1.0000000000000002,0.5,0.5,0.0,0.0,0.0,0.0,1.0,0.0,8.000000000000004,0.0,0.25,0.0,0.0,0.0,0.0,0.0,2.0000000000000004,640000.0,66306.25,71556.25,2.000000000000001,2.8284271247461903,-1.776356839400251e-15,1.0,1.0,9.000000000000004,0.0,0.25000000000000006,2.0000000000000004,0.0,2.0000000000000004,0.0
0.096774,20.0,720.0,100.0,3.32,35.0,0.0104,11.0,0.0,0.002645,0.8,0.01,1.0,1.0,2.924839,90.0,90.0,120.0,2.924839,90.0,90.0,120.0,0.5,0.990385,184.6255,1.176906,267.5,267.5,800.0,257.5,800.0,257.5,2.859813,2.5,10.0,2.859813,2.5,10.0,1,0,2.8284271247461903,2.8284271247461903,0.0,8.000000000000002,0.5,0.5,1.4142135623730951,1.4142135623730951,0.0,1.5,1.0000000000000002,0.5,0.5,0.0,0.0,0.0,0.0,1.0,0.0,8.000000000000004,0.0,0.25,0.0,0.0,0.0,0.0,0.0,2.0000000000000004,640000.0,66306.25,71556.25,2.000000000000001,2.8284271247461903,-1.776356839400251e-15,1.0,1.0,9.000000000000004,0.0,0.25000000000000006,2.0000000000000004,0.0,2.0000000000000004,0.0
0.096774,20.0,720.0,200.0,3.64,36.0,0.0075,7.0,0.0,0.003191,1.0,0.01,1.0,1.0,2.924839,90.0,90.0,120.0,2.924839,90.0,90.0,120.0,0.5,0.990385,184.6255,1.176906,267.5,267.5,800.0,257.5,800.0,257.5,2.859813,2.5,10.0,2.859813,2.5,10.0,1,0,2.8284271247461903,2.8284271247461903,0.0,8.000000000000002,0.5,0.5,1.4142135623730951,1.4142135623730951,0.0,1.5,1.0000000000000002,0.5,0.5,0.0,0.0,0.0,0.0,1.0,0.0,8.000000000000004,0.0,0.25,0.0,0.0,0.0,0.0,0.0,2.0000000000000004,640000.0,66306.25,71556.25,2.000000000000001,2.8284271247461903,-1.776356839400251e-15,1.0,1.0,9.000000000000004,0.0,0.25000000000000006,2.0000000000000004,0.0,2.0000000000000004,0.0
0.096774,20.0,720.0,300.0,32.1746,12.0,0.0059,2.0,1.0,1.09e-05,0.8,0.01,1.0,1.0,2.924839,90.0,90.0,120.0,2.924839,90.0,90.0,120.0,0.5,0.990385,184.6255,1.176906,267.5,267.5,800.0,257.5,800.0,257.5,2.859813,2.5,10.0,2.859813,2.5,10.0,1,0,2.8284271247461903,2.8284271247461903,0.0,8.000000000000002,0.5,0.5,1.4142135623730951,1.4142135623730951,0.0,1.5,1.0000000000000002,0.5,0.5,0.0,0.0,0.0,0.0,1.0,0.0,8.000000000000004,0.0,0.25,0.0,0.0,0.0,0.0,0.0,2.0000000000000004,640000.0,66306.25,71556.25,2.000000000000001,2.8284271247461903,-1.776356839400251e-15,1.0,1.0,9.000000000000004,0.0,0.25000000000000006,2.0000000000000004,0.0,2.0000000000000004,0.0
0.055556,20.0,720.0,2.0,0.31,8.5,0.0034,7.5,1.0,1.632464,0.4,0.01,1.0,1.0,2.924839,90.0,90.0,120.0,2.924839,90.0,90.0,120.0,0.5,0.990385,184.6255,1.176906,267.5,267.5,800.0,257.5,800.0,257.5,2.859813,2.5,10.0,2.859813,2.5,10.0,1,0,2.8284271247461903,2.8284271247461903,0.0,8.000000000000002,0.5,0.5,1.4142135623730951,1.4142135623730951,0.0,1.5,1.0000000000000002,0.5,0.5,0.0,0.0,0.0,0.0,1.0,0.0,8.000000000000004,0.0,0.25,0.0,0.0,0.0,0.0,0.0,2.0000000000000004,640000.0,66306.25,71556.25,2.000000000000001,2.8284271247461903,-1.776356839400251e-15,1.0,1.0,9.000000000000004,0.0,0.25000000000000006,2.0000000000000004,0.0,2.0000000000000004,0.0
0.055556,20.0,720.0,25.0,0.13,21.0,0.0069,3.0,1.0,1.632464,0.4,0.01,1.0,1.0,2.924839,90.0,90.0,120.0,2.924839,90.0,90.0,120.0,0.5,0.990385,184.6255,1.176906,267.5,267.5,800.0,257.5,800.0,257.5,2.859813,2.5,10.0,2.859813,2.5,10.0,1,0,2.8284271247461903,2.8284271247461903,0.0,8.000000000000002,0.5,0.5,1.4142135623730951,1.4142135623730951,0.0,1.5,1.0000000000000002,0.5,0.5,0.0,0.0,0.0,0.0,1.0,0.0,8.000000000000004,0.0,0.25,0.0,0.0,0.0,0.0,0.0,2.0000000000000004,640000.0,66306.25,71556.25,2.000000000000001,2.8284271247461903,-1.776356839400251e-15,1.0,1.0,9.000000000000004,0.0,0.25000000000000006,2.0000000000000004,0.0,2.0000000000000004,0.0
0.055556,20.0,720.0,50.0,0.35,17.0,0.0076,7.0,1.0,1.632464,0.4,0.01,1.0,1.0,2.924839,90.0,90.0,120.0,2.924839,90.0,90.0,120.0,0.5,0.990385,184.6255,1.176906,267.5,267.5,800.0,257.5,800.0,257.5,2.859813,2.5,10.0,2.859813,2.5,10.0,1,0,2.8284271247461903,2.8284271247461903,0.0,8.000000000000002,0.5,0.5,1.4142135623730951,1.4142135623730951,0.0,1.5,1.0000000000000002,0.5,0.5,0.0,0.0,0.0,0.0,1.0,0.0,8.000000000000004,0.0,0.25,0.0,0.0,0.0,0.0,0.0,2.0000000000000004,640000.0,66306.25,71556.25,2.000000000000001,2.8284271247461903,-1.776356839400251e-15,1.0,1.0,9.000000000000004,0.0,0.25000000000000006,2.0000000000000004,0.0,2.0000000000000004,0.0
0.055556,20.0,720.0,100.0,0.14,21.0,0.0043,5.0,1.0,1.632247,0.6,0.01,1.0,1.0,2.924839,90.0,90.0,120.0,2.924839,90.0,90.0,120.0,0.5,0.990385,184.6255,1.176906,267.5,267.5,800.0,257.5,800.0,257.5,2.859813,2.5,10.0,2.859813,2.5,10.0,1,0,2.8284271247461903,2.8284271247461903,0.0,8.000000000000002,0.5,0.5,1.4142135623730951,1.4142135623730951,0.0,1.5,1.0000000000000002,0.5,0.5,0.0,0.0,0.0,0.0,1.0,0.0,8.000000000000004,0.0,0.25,0.0,0.0,0.0,0.0,0.0,2.0000000000000004,640000.0,66306.25,71556.25,2.000000000000001,2.8284271247461903,-1.776356839400251e-15,1.0,1.0,9.000000000000004,0.0,0.25000000000000006,2.0000000000000004,0.0,2.0000000000000004,0.0
0.055556,20.0,720.0,200.0,0.25,18.0,0.0078,5.0,0.0,0.002144,0.8,0.01,1.0,1.0,2.924839,90.0,90.0,120.0,2.924839,90.0,90.0,120.0,0.5,0.990385,184.6255,1.176906,267.5,267.5,800.0,257.5,800.0,257.5,2.859813,2.5,10.0,2.859813,2.5,10.0,1,0,2.8284271247461903,2.8284271247461903,0.0,8.000000000000002,0.5,0.5,1.4142135623730951,1.4142135623730951,0.0,1.5,1.0000000000000002,0.5,0.5,0.0,0.0,0.0,0.0,1.0,0.0,8.000000000000004,0.0,0.25,0.0,0.0,0.0,0.0,0.0,2.0000000000000004,640000.0,66306.25,71556.25,2.000000000000001,2.8284271247461903,-1.776356839400251e-15,1.0,1.0,9.000000000000004,0.0,0.25000000000000006,2.0000000000000004,0.0,2.0000000000000004,0.0
0.055556,20.0,720.0,300.0,0.097,22.5,0.0085,4.5,0.0,0.001982,1.0,0.01,1.0,1.0,2.924839,90.0,90.0,120.0,2.924839,90.0,90.0,120.0,0.5,0.990385,184.6255,1.176906,267.5,267.5,800.0,257.5,800.0,257.5,2.859813,2.5,10.0,2.859813,2.5,10.0,1,0,2.8284271247461903,2.8284271247461903,0.0,8.000000000000002,0.5,0.5,1.4142135623730951,1.4142135623730951,0.0,1.5,1.0000000000000002,0.5,0.5,0.0,0.0,0.0,0.0,1.0,0.0,8.000000000000004,0.0,0.25,0.0,0.0,0.0,0.0,0.0,2.0000000000000004,640000.0,66306.25,71556.25,2.000000000000001,2.8284271247461903,-1.776356839400251e-15,1.0,1.0,9.000000000000004,0.0,0.25000000000000006,2.0000000000000004,0.0,2.0000000000000004,0.0
1.034483,50.0,540.0,5.0,75.0,221.5,0.394,7.2,0.0,0.155,1.0,5.0,0.805996,1.0,3.788512,90.0,90.0,90.0,5.142692,74.87634,90.0,90.0,0.416667,0.795789,52.96172,1.0,279.6,275.0,680.0,188.0,685.7143,201.4286,2.820943,1.440876,12.24745,2.897249,1.443376,11.54701,1,0,3.656648069074256,3.7158067079548327,0.0591586388805764,13.587397423696208,0.4,0.4285714285714285,1.4626592276297026,1.5924885891234997,0.0404061017820884,1.5142857142857142,0.9994664294862464,0.4,0.4285714285714285,0.0,0.0,0.0285714285714285,0.0,0.9840791937334304,0.01604855926805162,13.580147589072272,0.5490137632555547,0.1714285714285714,0.0,0.0011544600509168087,0.0,0.0,0.0,2.329268129776493,466285.724,37868.576799999995,76890.0,2.3280253009838177,3.6862273885145447,0.007249834623935634,0.9714285714285715,1.0,14.163053618028277,0.0016902468251593216,0.17133710219764223,2.3292681297764926,0.0,2.329268129776493,0.1298293614937971
0.789474,50.0,770.0,5.0,76.0,294.7,0.9395,20.4,0.0,0.1205,1.0,5.0,0.805996,1.0,3.788512,90.0,90.0,90.0,5.142692,74.87634,90.0,90.0,0.416667,0.810526,75.51949,1.0,279.6,275.0,680.0,188.0,685.7143,201.4286,2.820943,1.440876,12.24745,2.897249,1.443376,11.54701,1,0,3.656648069074256,3.7158067079548327,0.0591586388805764,13.587397423696208,0.4,0.4285714285714285,1.4626592276297026,1.5924885891234997,0.0404061017820884,1.5142857142857142,0.9994664294862464,0.4,0.4285714285714285,0.0,0.0,0.0285714285714285,0.0,0.9840791937334304,0.01604855926805162,13.580147589072272,0.5490137632555547,0.1714285714285714,0.0,0.0011544600509168087,0.0,0.0,0.0,2.329268129776493,466285.724,37868.576799999995,76890.0,2.3280253009838177,3.6862273885145447,0.007249834623935634,0.9714285714285715,1.0,14.163053618028277,0.0016902468251593216,0.17133710219764223,2.3292681297764926,0.0,2.329268129776493,0.1298293614937971
0.555556,50.0,900.0,5.0,80.0,405.7,1.546,51.8,0.0,0.091,1.0,5.0,0.805996,1.0,3.788512,90.0,90.0,90.0,5.142692,74.87634,90.0,90.0,0.416667,0.810526,88.26953,1.0,279.6,275.0,680.0,188.0,685.7143,201.4286,2.820943,1.440876,12.24745,2.897249,1.443376,11.54701,1,0,3.656648069074256,3.7158067079548327,0.0591586388805764,13.587397423696208,0.4,0.4285714285714285,1.4626592276297026,1.5924885891234997,0.0404061017820884,1.5142857142857142,0.9994664294862464,0.4,0.4285714285714285,0.0,0.0,0.0285714285714285,0.0,0.9840791937334304,0.01604855926805162,13.580147589072272,0.5490137632555547,0.1714285714285714,0.0,0.0011544600509168087,0.0,0.0,0.0,2.329268129776493,466285.724,37868.576799999995,76890.0,2.3280253009838177,3.6862273885145447,0.007249834623935634,0.9714285714285715,1.0,14.163053618028277,0.0016902468251593216,0.17133710219764223,2.3292681297764926,0.0,2.329268129776493,0.1298293614937971
0.465116,50.0,900.0,5.0,84.0,406.9,3.485,19.7,0.0,0.364,1.0,5.0,0.805996,1.0,3.788512,90.0,90.0,90.0,5.142692,74.87634,90.0,90.0,0.416667,0.810526,88.26953,1.0,279.6,275.0,680.0,188.0,685.7143,201.4286,2.820943,1.440876,12.24745,2.897249,1.443376,11.54701,1,0,3.656648069074256,3.7158067079548327,0.0591586388805764,13.587397423696208,0.4,0.4285714285714285,1.4626592276297026,1.5924885891234997,0.0404061017820884,1.5142857142857142,0.9994664294862464,0.4,0.4285714285714285,0.0,0.0,0.0285714285714285,0.0,0.9840791937334304,0.01604855926805162,13.580147589072272,0.5490137632555547,0.1714285714285714,0.0,0.0011544600509168087,0.0,0.0,0.0,2.329268129776493,466285.724,37868.576799999995,76890.0,2.3280253009838177,3.6862273885145447,0.007249834623935634,0.9714285714285715,1.0,14.163053618028277,0.0016902468251593216,0.17133710219764223,2.3292681297764926,0.0,2.329268129776493,0.1298293614937971
0.315789,50.0,900.0,5.0,89.0,415.6,3.197,20.4,0.0,0.105,1.0,5.0,0.805996,1.0,3.788512,90.0,90.0,90.0,5.142692,74.87634,90.0,90.0,0.416667,0.810526,88.26953,1.0,279.6,275.0,680.0,188.0,685.7143,201.4286,2.820943,1.440876,12.24745,2.897249,1.443376,11.54701,1,0,3.656648069074256,3.7158067079548327,0.0591586388805764,13.587397423696208,0.4,0.4285714285714285,1.4626592276297026,1.5924885891234997,0.0404061017820884,1.5142857142857142,0.9994664294862464,0.4,0.4285714285714285,0.0,0.0,0.0285714285714285,0.0,0.9840791937334304,0.01604855926805162,13.580147589072272,0.5490137632555547,0.1714285714285714,0.0,0.0011544600509168087,0.0,0.0,0.0,2.329268129776493,466285.724,37868.576799999995,76890.0,2.3280253009838177,3.6862273885145447,0.007249834623935634,0.9714285714285715,1.0,14.163053618028277,0.0016902468251593216,0.17133710219764223,2.3292681297764926,0.0,2.329268129776493,0.1298293614937971
0.3,50.0,860.0,5.0,37.9886,1160.0,50.446,740.0,0.0,3.788,0.0,0.0,1.0,1.0,2.459352,109.4691,109.4671,109.4596,5.142692,74.87634,90.0,90.0,0.5,0.470258,105.4331,1.000148,183.0,275.0,800.0,470.0,685.7143,201.4286,0.0,0.0,0.0,2.897249,1.443376,11.54701,1,0,4.898979485566356,3.7158067079548327,1.183172777611523,18.20366083460058,1.0,0.4285714285714285,4.898979485566356,1.5924885891234997,0.8081220356417685,1.4285714285714286,0.8219949365267865,1.0,0.4285714285714285,0.0,0.0,0.5714285714285714,0.0,1.3184161253313889,0.2746841879266823,14.963317032292652,14.710779449789756,0.4285714285714285,0.0,0.46178402036672483,0.0,0.0,0.0,7.801568929114534,548571.44,94671.442,50325.0,6.41285015669685,4.3073930967605945,3.240343802307928,0.4285714285714285,1.0,6.765133700922616,0.6760987300637274,0.3522835442257656,7.8015689291145325,0.0,7.801568929114534,3.306490896442856
0.3,50.0,860.0,5.0,54.574,1125.0,53.0,35.0,1.0,1.234,0.0,0.0,1.0,1.0,2.459352,109.4691,109.4671,109.4596,5.142692,74.87634,90.0,90.0,0.5,0.148997,105.4331,1.000148,183.0,275.0,800.0,470.0,685.7143,201.4286,0.0,0.0,0.0,2.897249,1.443376,11.54701,1,0,4.898979485566356,3.7158067079548327,1.183172777611523,18.20366083460058,1.0,0.4285714285714285,4.898979485566356,1.5924885891234997,0.8081220356417685,1.4285714285714286,0.8219949365267865,1.0,0.4285714285714285,0.0,0.0,0.5714285714285714,0.0,1.3184161253313889,0.2746841879266823,14.963317032292652,14.710779449789756,0.4285714285714285,0.0,0.46178402036672483,0.0,0.0,0.0,7.801568929114534,548571.44,94671.442,50325.0,6.41285015669685,4.3073930967605945,3.240343802307928,0.4285714285714285,1.0,6.765133700922616,0.6760987300637274,0.3522835442257656,7.8015689291145325,0.0,7.801568929114534,3.306490896442856
0.3,50.0,860.0,5.0,108.0,1165.0,56.809,75.0,0.0,2.575,1.0,1.8,1.0,1.0,2.459352,109.4691,109.4671,109.4596,5.142692,74.87634,90.0,90.0,0.5,0.46425,105.4331,1.000148,183.0,275.0,800.0,470.0,685.7143,201.4286,0.0,0.0,0.0,2.897249,1.443376,11.54701,1,0,4.898979485566356,3.7158067079548327,1.183172777611523,18.20366083460058,1.0,0.4285714285714285,4.898979485566356,1.5924885891234997,0.8081220356417685,1.4285714285714286,0.8219949365267865,1.0,0.4285714285714285,0.0,0.0,0.5714285714285714,0.0,1.3184161253313889,0.2746841879266823,14.963317032292652,14.710779449789756,0.4285714285714285,0.0,0.46178402036672483,0.0,0.0,0.0,7.801568929114534,548571.44,94671.442,50325.0,6.41285015669685,4.3073930967605945,3.240343802307928,0.4285714285714285,1.0,6.765133700922616,0.6760987300637274,0.3522835442257656,7.8015689291145325,0.0,7.801568929114534,3.306490896442856
0.085714,50.0,860.0,5.0,17.338,1960.0,32.776,200.0,0.0,3.888,1.8,0.0,1.0,1.0,2.459352,109.4691,109.4671,109.4596,5.142692,74.87634,90.0,90.0,0.5,0.59041,105.4331,1.000148,183.0,275.0,800.0,470.0,685.7143,201.4286,0.0,0.0,0.0,2.897249,1.443376,11.54701,1,0,4.898979485566356,3.7158067079548327,1.183172777611523,18.20366083460058,1.0,0.4285714285714285,4.898979485566356,1.5924885891234997,0.8081220356417685,1.4285714285714286,0.8219949365267865,1.0,0.4285714285714285,0.0,0.0,0.5714285714285714,0.0,1.3184161253313889,0.2746841879266823,14.963317032292652,14.710779449789756,0.4285714285714285,0.0,0.46178402036672483,0.0,0.0,0.0,7.801568929114534,548571.44,94671.442,50325.0,6.41285015669685,4.3073930967605945,3.240343802307928,0.4285714285714285,1.0,6.765133700922616,0.6760987300637274,0.3522835442257656,7.8015689291145325,0.0,7.801568929114534,3.306490896442856
0.085714,50.0,860.0,5.0,17.338,1890.0,36.48,130.0,0.0,1.48,1.8,0.0,1.0,1.0,2.459352,109.4691,109.4671,109.4596,5.142692,74.87634,90.0,90.0,0.5,0.59041,105.4331,1.000148,183.0,275.0,800.0,470.0,685.7143,201.4286,0.0,0.0,0.0,2.897249,1.443376,11.54701,1,0,4.898979485566356,3.7158067079548327,1.183172777611523,18.20366083460058,1.0,0.4285714285714285,4.898979485566356,1.5924885891234997,0.8081220356417685,1.4285714285714286,0.8219949365267865,1.0,0.4285714285714285,0.0,0.0,0.5714285714285714,0.0,1.3184161253313889,0.2746841879266823,14.963317032292652,14.710779449789756,0.4285714285714285,0.0,0.46178402036672483,0.0,0.0,0.0,7.801568929114534,548571.44,94671.442,50325.0,6.41285015669685,4.3073930967605945,3.240343802307928,0.4285714285714285,1.0,6.765133700922616,0.6760987300637274,0.3522835442257656,7.8015689291145325,0.0,7.801568929114534,3.306490896442856
0.085714,50.0,860.0,5.0,62.8,1910.0,37.5,220.0,0.0,0.3654,0.0,1.8,1.0,1.0,2.459352,109.4691,109.4671,109.4596,5.142692,74.87634,90.0,90.0,0.5,0.613945,105.4331,1.000148,183.0,275.0,800.0,470.0,685.7143,201.4286,0.0,0.0,0.0,2.897249,1.443376,11.54701,1,0,4.898979485566356,3.7158067079548327,1.183172777611523,18.20366083460058,1.0,0.4285714285714285,4.898979485566356,1.5924885891234997,0.8081220356417685,1.4285714285714286,0.8219949365267865,1.0,0.4285714285714285,0.0,0.0,0.5714285714285714,0.0,1.3184161253313889,0.2746841879266823,14.963317032292652,14.710779449789756,0.4285714285714285,0.0,0.46178402036672483,0.0,0.0,0.0,7.801568929114534,548571.44,94671.442,50325.0,6.41285015669685,4.3073930967605945,3.240343802307928,0.4285714285714285,1.0,6.765133700922616,0.6760987300637274,0.3522835442257656,7.8015689291145325,0.0,7.801568929114534,3.306490896442856
0.3,50.0,860.0,25.0,14.2424,1765.0,37.7465,15.0,0.0,0.2535,1.8,0.9,1.0,1.0,2.459352,109.4691,109.4671,109.4596,5.142692,74.87634,90.0,90.0,0.5,0.24803,105.4331,1.000148,183.0,275.0,800.0,470.0,685.7143,201.4286,0.0,0.0,0.0,2.897249,1.443376,11.54701,1,0,4.898979485566356,3.7158067079548327,1.183172777611523,18.20366083460058,1.0,0.4285714285714285,4.898979485566356,1.5924885891234997,0.8081220356417685,1.4285714285714286,0.8219949365267865,1.0,0.4285714285714285,0.0,0.0,0.5714285714285714,0.0,1.3184161253313889,0.2746841879266823,14.963317032292652,14.710779449789756,0.4285714285714285,0.0,0.46178402036672483,0.0,0.0,0.0,7.801568929114534,548571.44,94671.442,50325.0,6.41285015669685,4.3073930967605945,3.240343802307928,0.4285714285714285,1.0,6.765133700922616,0.6760987300637274,0.3522835442257656,7.8015689291145325,0.0,7.801568929114534,3.306490896442856
0.3,50.0,860.0,100.0,56.974,1170.0,31.3325,20.0,1.0,0.0,0.0,0.1,1.0,1.0,2.459352,109.4691,109.4671,109.4596,5.142692,74.87634,90.0,90.0,0.5,0.241225,105.4331,1.000148,183.0,275.0,800.0,470.0,685.7143,201.4286,0.0,0.0,0.0,2.897249,1.443376,11.54701,1,0,4.898979485566356,3.7158067079548327,1.183172777611523,18.20366083460058,1.0,0.4285714285714285,4.898979485566356,1.5924885891234997,0.8081220356417685,1.4285714285714286,0.8219949365267865,1.0,0.4285714285714285,0.0,0.0,0.5714285714285714,0.0,1.3184161253313889,0.2746841879266823,14.963317032292652,14.710779449789756,0.4285714285714285,0.0,0.46178402036672483,0.0,0.0,0.0,7.801568929114534,548571.44,94671.442,50325.0,6.41285015669685,4.3073930967605945,3.240343802307928,0.4285714285714285,1.0,6.765133700922616,0.6760987300637274,0.3522835442257656,7.8015689291145325,0.0,7.801568929114534,3.306490896442856
0.3,50.0,860.0,175.0,23.492,875.0,26.275,13.0,1.0,0.615,1.8,0.044,1.0,1.0,2.459352,109.4691,109.4671,109.4596,5.142692,74.87634,90.0,90.0,0.5,0.598937,105.4331,1.000148,183.0,275.0,800.0,470.0,685.7143,201.4286,0.0,0.0,0.0,2.897249,1.443376,11.54701,1,0,4.898979485566356,3.7158067079548327,1.183172777611523,18.20366083460058,1.0,0.4285714285714285,4.898979485566356,1.5924885891234997,0.8081220356417685,1.4285714285714286,0.8219949365267865,1.0,0.4285714285714285,0.0,0.0,0.5714285714285714,0.0,1.3184161253313889,0.2746841879266823,14.963317032292652,14.710779449789756,0.4285714285714285,0.0,0.46178402036672483,0.0,0.0,0.0,7.801568929114534,548571.44,94671.442,50325.0,6.41285015669685,4.3073930967605945,3.240343802307928,0.4285714285714285,1.0,6.765133700922616,0.6760987300637274,0.3522835442257656,7.8015689291145325,0.0,7.801568929114534,3.306490896442856
0.3,50.0,860.0,250.0,23.492,735.0,25.0,15.0,1.0,0.66,1.8,0.024,1.0,1.0,2.459352,109.4691,109.4671,109.4596,5.142692,74.87634,90.0,90.0,0.5,0.810718,105.4331,1.000148,183.0,275.0,800.0,470.0,685.7143,201.4286,0.0,0.0,0.0,2.897249,1.443376,11.54701,1,0,4.898979485566356,3.7158067079548327,1.183172777611523,18.20366083460058,1.0,0.4285714285714285,4.898979485566356,1.5924885891234997,0.8081220356417685,1.4285714285714286,0.8219949365267865,1.0,0.4285714285714285,0.0,0.0,0.5714285714285714,0.0,1.3184161253313889,0.2746841879266823,14.963317032292652,14.710779449789756,0.4285714285714285,0.0,0.46178402036672483,0.0,0.0,0.0,7.801568929114534,548571.44,94671.442,50325.0,6.41285015669685,4.3073930967605945,3.240343802307928,0.4285714285714285,1.0,6.765133700922616,0.6760987300637274,0.3522835442257656,7.8015689291145325,0.0,7.801568929114534,3.306490896442856
0.085714,50.0,860.0,25.0,73.7245,1065.6,54.166,16.292,0.0,0.166,1.0,4.16,1.0,1.0,2.459352,109.4691,109.4671,109.4596,5.142692,74.87634,90.0,90.0,0.5,0.473885,105.4331,1.000148,183.0,275.0,800.0,470.0,685.7143,201.4286,0.0,0.0,0.0,2.897249,1.443376,11.54701,1,0,4.898979485566356,3.7158067079548327,1.183172777611523,18.20366083460058,1.0,0.4285714285714285,4.898979485566356,1.5924885891234997,0.8081220356417685,1.4285714285714286,0.8219949365267865,1.0,0.4285714285714285,0.0,0.0,0.5714285714285714,0.0,1.3184161253313889,0.2746841879266823,14.963317032292652,14.710779449789756,0.4285714285714285,0.0,0.46178402036672483,0.0,0.0,0.0,7.801568929114534,548571.44,94671.442,50325.0,6.41285015669685,4.3073930967605945,3.240343802307928,0.4285714285714285,1.0,6.765133700922616,0.6760987300637274,0.3522835442257656,7.8015689291145325,0.0,7.801568929114534,3.306490896442856
0.085714,50.0,860.0,65.0,53.48,868.891,51.15,0.109,0.0,0.0,0.0,2.04,1.0,1.0,2.459352,109.4691,109.4671,109.4596,5.142692,74.87634,90.0,90.0,0.5,0.599302,105.4331,1.000148,183.0,275.0,800.0,470.0,685.7143,201.4286,0.0,0.0,0.0,2.897249,1.443376,11.54701,1,0,4.898979485566356,3.7158067079548327,1.183172777611523,18.20366083460058,1.0,0.4285714285714285,4.898979485566356,1.5924885891234997,0.8081220356417685,1.4285714285714286,0.8219949365267865,1.0,0.4285714285714285,0.0,0.0,0.5714285714285714,0.0,1.3184161253313889,0.2746841879266823,14.963317032292652,14.710779449789756,0.4285714285714285,0.0,0.46178402036672483,0.0,0.0,0.0,7.801568929114534,548571.44,94671.442,50325.0,6.41285015669685,4.3073930967605945,3.240343802307928,0.4285714285714285,1.0,6.765133700922616,0.6760987300637274,0.3522835442257656,7.8015689291145325,0.0,7.801568929114534,3.306490896442856
0.085714,50.0,860.0,75.0,74.8445,844.3,48.276,8.317,0.0,0.574,1.0,4.16,1.0,1.0,2.459352,109.4691,109.4671,109.4596,5.142692,74.87634,90.0,90.0,0.5,0.661331,105.4331,1.000148,183.0,275.0,800.0,470.0,685.7143,201.4286,0.0,0.0,0.0,2.897249,1.443376,11.54701,1,0,4.898979485566356,3.7158067079548327,1.183172777611523,18.20366083460058,1.0,0.4285714285714285,4.898979485566356,1.5924885891234997,0.8081220356417685,1.4285714285714286,0.8219949365267865,1.0,0.4285714285714285,0.0,0.0,0.5714285714285714,0.0,1.3184161253313889,0.2746841879266823,14.963317032292652,14.710779449789756,0.4285714285714285,0.0,0.46178402036672483,0.0,0.0,0.0,7.801568929114534,548571.44,94671.442,50325.0,6.41285015669685,4.3073930967605945,3.240343802307928,0.4285714285714285,1.0,6.765133700922616,0.6760987300637274,0.3522835442257656,7.8015689291145325,0.0,7.801568929114534,3.306490896442856
0.085714,50.0,860.0,100.0,74.8445,688.5,43.6775,0.8,0.0,0.2875,1.0,3.88,1.0,1.0,2.459352,109.4691,109.4671,109.4596,5.142692,74.87634,90.0,90.0,0.5,0.720025,105.4331,1.000148,183.0,275.0,800.0,470.0,685.7143,201.4286,0.0,0.0,0.0,2.897249,1.443376,11.54701,1,0,4.898979485566356,3.7158067079548327,1.183172777611523,18.20366083460058,1.0,0.4285714285714285,4.898979485566356,1.5924885891234997,0.8081220356417685,1.4285714285714286,0.8219949365267865,1.0,0.4285714285714285,0.0,0.0,0.5714285714285714,0.0,1.3184161253313889,0.2746841879266823,14.963317032292652,14.710779449789756,0.4285714285714285,0.0,0.46178402036672483,0.0,0.0,0.0,7.801568929114534,548571.44,94671.442,50325.0,6.41285015669685,4.3073930967605945,3.240343802307928,0.4285714285714285,1.0,6.765133700922616,0.6760987300637274,0.3522835442257656,7.8015689291145325,0.0,7.801568929114534,3.306490896442856
0.085714,50.0,860.0,250.0,41.12,598.417,39.655,24.417,0.0,0.863,1.0,1.0,1.0,1.0,2.459352,109.4691,109.4671,109.4596,5.142692,74.87634,90.0,90.0,0.5,-0.18811,105.4331,1.000148,183.0,275.0,800.0,470.0,685.7143,201.4286,0.0,0.0,0.0,2.897249,1.443376,11.54701,1,0,4.898979485566356,3.7158067079548327,1.183172777611523,18.20366083460058,1.0,0.4285714285714285,4.898979485566356,1.5924885891234997,0.8081220356417685,1.4285714285714286,0.8219949365267865,1.0,0.4285714285714285,0.0,0.0,0.5714285714285714,0.0,1.3184161253313889,0.2746841879266823,14.963317032292652,14.710779449789756,0.4285714285714285,0.0,0.46178402036672483,0.0,0.0,0.0,7.801568929114534,548571.44,94671.442,50325.0,6.41285015669685,4.3073930967605945,3.240343802307928,0.4285714285714285,1.0,6.765133700922616,0.6760987300637274,0.3522835442257656,7.8015689291145325,0.0,7.801568929114534,3.306490896442856
0.007029,20.0,30.0,34.0,13811.0,174.68,1.4016,1.427,0.0,0.1963,0.6,5.0,1.0,34.146,3.274224,60.0,60.0,60.0,0.0,0.0,0.0,0.0,0.5,0.779894,13.74371,1.0,172.0,0.0,300.0,0.0,0.0,0.0,7.071068,7.071068,0.0,0.0,-2.22e-16,0.0,0,0,1.4142135623730951,0.0,1.4142135623730951,0.0,0.5,0.0,0.7071067811865476,0.0,1.224744871391589,0.0,0.0,0.5,0.0,0.0,0.0,0.5,0.0,141421357.23730952,1.999999971715729,0.0,0.0,0.0,0.0,0.6123724356957945,0.0,0.0,0.0,0.0,0.0,0.0,0.0,0.0,0.7071067811865476,0.0,0.5,1.0,0.0,0.7071067811865476,0.0,0.0,0.0,0.0,0.7071067811865476
0.016771,20.0,850.0,219.0,18787.0,166.69,21.6117,0.182,0.0,2.1019,1.0,5.0,1.0,14.31,2.855955,60.0,60.0,60.0,3.274224,60.0,60.0,60.0,0.333333,0.968686,389.4052,1.0,161.0,172.0,300.0,428.0,300.0,0.0,0.0,0.0,0.0,7.071068,7.071068,0.0,1,0,1.7320508075688772,1.4142135623730951,0.317837245195782,2.4494897427831783,0.0,0.5,0.0,0.7071067811865476,1.224744871391589,1.0,0.5773502691896258,0.0,0.5,0.0,0.0,0.5,0.0,1.2247448698024026,0.20204102758296416,1.4142135623730954,3.0,0.0,0.0,0.6123724356957945,0.0,0.0,0.0,0.0,90000.0,0.0,27692.0,0.0,1.5731321849709863,1.035276180410083,0.5,1.0,0.9957819157813607,0.158918622597891,0.0,0.0,0.0,0.0,0.7071067811865476
0.021374,20.0,850.0,269.0,18688.0,180.66,21.6117,3.374,0.0,2.1019,1.0,5.0,1.0,11.2285,2.855955,60.0,60.0,60.0,3.274224,60.0,60.0,60.0,0.333333,0.964936,389.4052,1.0,161.0,172.0,300.0,428.0,300.0,0.0,0.0,0.0,0.0,7.071068,7.071068,0.0,1,0,1.7320508075688772,1.4142135623730951,0.317837245195782,2.4494897427831783,0.0,0.5,0.0,0.7071067811865476,1.224744871391589,1.0,0.5773502691896258,0.0,0.5,0.0,0.0,0.5,0.0,1.2247448698024026,0.20204102758296416,1.4142135623730954,3.0,0.0,0.0,0.6123724356957945,0.0,0.0,0.0,0.0,90000.0,0.0,27692.0,0.0,1.5731321849709863,1.035276180410083,0.5,1.0,0.9957819157813607,0.158918622597891,0.0,0.0,0.0,0.0,0.7071067811865476
0.017153,20.0,850.0,219.0,23606.0,159.93,21.6117,0.888,0.0,2.1019,1.0,5.0,1.0,13.99188,2.855955,60.0,60.0,60.0,3.274224,60.0,60.0,60.0,0.333333,0.968686,389.4052,1.0,161.0,172.0,300.0,428.0,300.0,0.0,0.0,0.0,0.0,7.071068,7.071068,0.0,1,0,1.7320508075688772,1.4142135623730951,0.317837245195782,2.4494897427831783,0.0,0.5,0.0,0.7071067811865476,1.224744871391589,1.0,0.5773502691896258,0.0,0.5,0.0,0.0,0.5,0.0,1.2247448698024026,0.20204102758296416,1.4142135623730954,3.0,0.0,0.0,0.6123724356957945,0.0,0.0,0.0,0.0,90000.0,0.0,27692.0,0.0,1.5731321849709863,1.035276180410083,0.5,1.0,0.9957819157813607,0.158918622597891,0.0,0.0,0.0,0.0,0.7071067811865476
0.016667,20.0,850.0,157.0,24229.0,84.76,17.9867,1.422,1.0,0.158,0.8,0.0,1.0,14.4,2.855955,60.0,60.0,60.0,3.274224,60.0,60.0,60.0,0.333333,0.972509,389.4052,1.0,161.0,172.0,300.0,428.0,300.0,0.0,0.0,0.0,0.0,7.071068,7.071068,0.0,1,0,1.7320508075688772,1.4142135623730951,0.317837245195782,2.4494897427831783,0.0,0.5,0.0,0.7071067811865476,1.224744871391589,1.0,0.5773502691896258,0.0,0.5,0.0,0.0,0.5,0.0,1.2247448698024026,0.20204102758296416,1.4142135623730954,3.0,0.0,0.0,0.6123724356957945,0.0,0.0,0.0,0.0,90000.0,0.0,27692.0,0.0,1.5731321849709863,1.035276180410083,0.5,1.0,0.9957819157813607,0.158918622597891,0.0,0.0,0.0,0.0,0.7071067811865476
0.016273,20.0,694.0,241.0,4234.0,141.98,16.8,0.711,0.0,0.0,1.0,0.002,1.0,14.7484,2.855955,60.0,60.0,60.0,3.274224,60.0,60.0,60.0,0.333333,0.582115,317.9379,1.0,161.0,172.0,300.0,428.0,300.0,0.0,0.0,0.0,0.0,7.071068,7.071068,0.0,1,0,1.7320508075688772,1.4142135623730951,0.317837245195782,2.4494897427831783,0.0,0.5,0.0,0.7071067811865476,1.224744871391589,1.0,0.5773502691896258,0.0,0.5,0.0,0.0,0.5,0.0,1.2247448698024026,0.20204102758296416,1.4142135623730954,3.0,0.0,0.0,0.6123724356957945,0.0,0.0,0.0,0.0,90000.0,0.0,27692.0,0.0,1.5731321849709863,1.035276180410083,0.5,1.0,0.9957819157813607,0.158918622597891,0.0,0.0,0.0,0.0,0.7071067811865476
0.011488,20.0,850.0,157.0,82732.0,44.78,21.6117,0.4,1.0,0.3789,1.0,0.0,1.0,20.8912,2.855955,60.0,60.0,60.0,3.274224,60.0,60.0,60.0,0.333333,0.972509,389.4052,1.0,161.0,172.0,300.0,428.0,300.0,0.0,0.0,0.0,0.0,7.071068,7.071068,0.0,1,0,1.7320508075688772,1.4142135623730951,0.317837245195782,2.4494897427831783,0.0,0.5,0.0,0.7071067811865476,1.224744871391589,1.0,0.5773502691896258,0.0,0.5,0.0,0.0,0.5,0.0,1.2247448698024026,0.20204102758296416,1.4142135623730954,3.0,0.0,0.0,0.6123724356957945,0.0,0.0,0.0,0.0,90000.0,0.0,27692.0,0.0,1.5731321849709863,1.035276180410083,0.5,1.0,0.9957819157813607,0.158918622597891,0.0,0.0,0.0,0.0,0.7071067811865476
0.006482,20.0,821.4,216.6,106600.0,50.71,0.5622,1.31,1.0,0.0614,0.8,1.24,1.0,37.028,2.855955,60.0,60.0,60.0,3.274224,60.0,60.0,60.0,0.333333,0.554374,376.3029,1.0,161.0,172.0,300.0,428.0,300.0,0.0,0.0,0.0,0.0,7.071068,7.071068,0.0,1,0,1.7320508075688772,1.4142135623730951,0.317837245195782,2.4494897427831783,0.0,0.5,0.0,0.7071067811865476,1.224744871391589,1.0,0.5773502691896258,0.0,0.5,0.0,0.0,0.5,0.0,1.2247448698024026,0.20204102758296416,1.4142135623730954,3.0,0.0,0.0,0.6123724356957945,0.0,0.0,0.0,0.0,90000.0,0.0,27692.0,0.0,1.5731321849709863,1.035276180410083,0.5,1.0,0.9957819157813607,0.158918622597891,0.0,0.0,0.0,0.0,0.7071067811865476
0.007819,20.0,414.0,34.0,7377.0,152.36,1.4016,6.045,0.0,0.1963,0.6,5.0,1.0,30.69628,2.855955,60.0,60.0,60.0,3.274224,60.0,60.0,60.0,0.333333,0.779894,189.6633,1.0,161.0,172.0,300.0,428.0,300.0,0.0,0.0,0.0,0.0,7.071068,7.071068,0.0,1,0,1.7320508075688772,1.4142135623730951,0.317837245195782,2.4494897427831783,0.0,0.5,0.0,0.7071067811865476,1.224744871391589,1.0,0.5773502691896258,0.0,0.5,0.0,0.0,0.5,0.0,1.2247448698024026,0.20204102758296416,1.4142135623730954,3.0,0.0,0.0,0.6123724356957945,0.0,0.0,0.0,0.0,90000.0,0.0,27692.0,0.0,1.5731321849709863,1.035276180410083,0.5,1.0,0.9957819157813607,0.158918622597891,0.0,0.0,0.0,0.0,0.7071067811865476
0.008852,20.0,414.0,34.0,10000.0,269.9,1.4016,38.2,0.0,0.1963,0.6,5.0,1.0,27.112,2.855955,60.0,60.0,60.0,3.274224,60.0,60.0,60.0,0.333333,0.779894,189.6633,1.0,161.0,172.0,300.0,428.0,300.0,0.0,0.0,0.0,0.0,7.071068,7.071068,0.0,1,0,1.7320508075688772,1.4142135623730951,0.317837245195782,2.4494897427831783,0.0,0.5,0.0,0.7071067811865476,1.224744871391589,1.0,0.5773502691896258,0.0,0.5,0.0,0.0,0.5,0.0,1.2247448698024026,0.20204102758296416,1.4142135623730954,3.0,0.0,0.0,0.6123724356957945,0.0,0.0,0.0,0.0,90000.0,0.0,27692.0,0.0,1.5731321849709863,1.035276180410083,0.5,1.0,0.9957819157813607,0.158918622597891,0.0,0.0,0.0,0.0,0.7071067811865476
0.008783,20.0,853.2,205.0,62869.0,46.53,8.9658,0.13,0.0,0.0614,1.0,3.8,1.0,27.32632,2.855955,60.0,60.0,60.0,3.274224,60.0,60.0,60.0,0.333333,0.727016,390.8712,1.0,161.0,172.0,300.0,428.0,300.0,0.0,0.0,0.0,0.0,7.071068,7.071068,0.0,1,0,1.7320508075688772,1.4142135623730951,0.317837245195782,2.4494897427831783,0.0,0.5,0.0,0.7071067811865476,1.224744871391589,1.0,0.5773502691896258,0.0,0.5,0.0,0.0,0.5,0.0,1.2247448698024026,0.20204102758296416,1.4142135623730954,3.0,0.0,0.0,0.6123724356957945,0.0,0.0,0.0,0.0,90000.0,0.0,27692.0,0.0,1.5731321849709863,1.035276180410083,0.5,1.0,0.9957819157813607,0.158918622597891,0.0,0.0,0.0,0.0,0.7071067811865476
0.15,70.0,805.4,10.0,17.2267,1954.353,0.1275,58.0,0.0,0.0045,1.0,7.0,1.0,1.0,3.134792,126.9981,126.9981,78.25372,3.788512,90.0,90.0,90.0,0.333333,0.822785,159.4425,1.0,181.0,279.6,300.0,420.0,680.0,188.0,0.0,0.0,0.0,2.820943,1.440876,12.24745,1,0,1.7320508075688772,3.656648069074256,1.924597261505379,6.333500241035241,0.0,0.4,0.0,1.4626592276297026,1.5874507866387544,1.0,0.468292905790847,1.0,0.4,0.0,0.0,0.6,0.0,0.47367172889313863,0.7143087036109212,2.9659332317014226,10.054119939808134,0.4,0.0,0.9524704719832526,0.0,0.0,0.0,0.0,204000.0,78960.0,50607.600000000006,1.186373292680569,2.6943494383215665,3.3675670093338184,0.4,1.0,1.3736904549969078,1.1547583569032274,0.1873171623163388,2.5334000964140966,0.0,0.0,1.4626592276297026
0.15,70.0,795.4,50.0,17.1471,3401.469,0.1185,52.0,0.0,0.0035,1.0,7.0,1.0,1.0,3.134792,126.9981,126.9981,78.25372,3.788512,90.0,90.0,90.0,0.333333,0.818565,157.4629,1.0,181.0,279.6,300.0,420.0,680.0,188.0,0.0,0.0,0.0,2.820943,1.440876,12.24745,1,0,1.7320508075688772,3.656648069074256,1.924597261505379,6.333500241035241,0.0,0.4,0.0,1.4626592276297026,1.5874507866387544,1.0,0.468292905790847,1.0,0.4,0.0,0.0,0.6,0.0,0.47367172889313863,0.7143087036109212,2.9659332317014226,10.054119939808134,0.4,0.0,0.9524704719832526,0.0,0.0,0.0,0.0,204000.0,78960.0,50607.600000000006,1.186373292680569,2.6943494383215665,3.3675670093338184,0.4,1.0,1.3736904549969078,1.1547583569032274,0.1873171623163388,2.5334000964140966,0.0,0.0,1.4626592276297026
0.15,70.0,850.0,150.0,39.7,4132.514,0.1215,16.0,0.0,0.0005,1.0,7.0,1.0,1.0,3.134792,126.9981,126.9981,78.25372,3.788512,90.0,90.0,90.0,0.333333,0.78903,168.2719,1.0,181.0,279.6,300.0,420.0,680.0,188.0,0.0,0.0,0.0,2.820943,1.440876,12.24745,1,0,1.7320508075688772,3.656648069074256,1.924597261505379,6.333500241035241,0.0,0.4,0.0,1.4626592276297026,1.5874507866387544,1.0,0.468292905790847,1.0,0.4,0.0,0.0,0.6,0.0,0.47367172889313863,0.7143087036109212,2.9659332317014226,10.054119939808134,0.4,0.0,0.9524704719832526,0.0,0.0,0.0,0.0,204000.0,78960.0,50607.600000000006,1.186373292680569,2.6943494383215665,3.3675670093338184,0.4,1.0,1.3736904549969078,1.1547583569032274,0.1873171623163388,2.5334000964140966,0.0,0.0,1.4626592276297026
0.15,70.0,818.2,200.0,26.8692,2595.9,0.122,29.0,1.0,0.003,1.0,7.0,1.0,1.0,3.134792,126.9981,126.9981,78.25372,3.788512,90.0,90.0,90.0,0.333333,0.774262,161.9765,1.0,181.0,279.6,300.0,420.0,680.0,188.0,0.0,0.0,0.0,2.820943,1.440876,12.24745,1,0,1.7320508075688772,3.656648069074256,1.924597261505379,6.333500241035241,0.0,0.4,0.0,1.4626592276297026,1.5874507866387544,1.0,0.468292905790847,1.0,0.4,0.0,0.0,0.6,0.0,0.47367172889313863,0.7143087036109212,2.9659332317014226,10.054119939808134,0.4,0.0,0.9524704719832526,0.0,0.0,0.0,0.0,204000.0,78960.0,50607.600000000006,1.186373292680569,2.6943494383215665,3.3675670093338184,0.4,1.0,1.3736904549969078,1.1547583569032274,0.1873171623163388,2.5334000964140966,0.0,0.0,1.4626592276297026
0.15,70.0,805.4,10.0,17.1471,2088.645,0.103,210.0,0.0,0.007,1.0,7.0,1.0,1.0,3.134792,126.9981,126.9981,78.25372,3.788512,90.0,90.0,90.0,0.333333,0.822785,159.4425,1.0,181.0,279.6,300.0,420.0,680.0,188.0,0.0,0.0,0.0,2.820943,1.440876,12.24745,1,0,1.7320508075688772,3.656648069074256,1.924597261505379,6.333500241035241,0.0,0.4,0.0,1.4626592276297026,1.5874507866387544,1.0,0.468292905790847,1.0,0.4,0.0,0.0,0.6,0.0,0.47367172889313863,0.7143087036109212,2.9659332317014226,10.054119939808134,0.4,0.0,0.9524704719832526,0.0,0.0,0.0,0.0,204000.0,78960.0,50607.600000000006,1.186373292680569,2.6943494383215665,3.3675670093338184,0.4,1.0,1.3736904549969078,1.1547583569032274,0.1873171623163388,2.5334000964140966,0.0,0.0,1.4626592276297026
0.15,70.0,795.4,50.0,17.1471,2118.482,0.094,164.0,0.0,0.003,1.0,7.0,1.0,1.0,3.134792,126.9981,126.9981,78.25372,3.788512,90.0,90.0,90.0,0.333333,0.818565,157.4629,1.0,181.0,279.6,300.0,420.0,680.0,188.0,0.0,0.0,0.0,2.820943,1.440876,12.24745,1,0,1.7320508075688772,3.656648069074256,1.924597261505379,6.333500241035241,0.0,0.4,0.0,1.4626592276297026,1.5874507866387544,1.0,0.468292905790847,1.0,0.4,0.0,0.0,0.6,0.0,0.47367172889313863,0.7143087036109212,2.9659332317014226,10.054119939808134,0.4,0.0,0.9524704719832526,0.0,0.0,0.0,0.0,204000.0,78960.0,50607.600000000006,1.186373292680569,2.6943494383215665,3.3675670093338184,0.4,1.0,1.3736904549969078,1.1547583569032274,0.1873171623163388,2.5334000964140966,0.0,0.0,1.4626592276297026
0.15,70.0,850.0,150.0,39.7,1561.62,0.0735,76.0,0.0,0.0005,1.0,7.0,1.0,1.0,3.134792,126.9981,126.9981,78.25372,3.788512,90.0,90.0,90.0,0.333333,0.78903,168.2719,1.0,181.0,279.6,300.0,420.0,680.0,188.0,0.0,0.0,0.0,2.820943,1.440876,12.24745,1,0,1.7320508075688772,3.656648069074256,1.924597261505379,6.333500241035241,0.0,0.4,0.0,1.4626592276297026,1.5874507866387544,1.0,0.468292905790847,1.0,0.4,0.0,0.0,0.6,0.0,0.47367172889313863,0.7143087036109212,2.9659332317014226,10.054119939808134,0.4,0.0,0.9524704719832526,0.0,0.0,0.0,0.0,204000.0,78960.0,50607.600000000006,1.186373292680569,2.6943494383215665,3.3675670093338184,0.4,1.0,1.3736904549969078,1.1547583569032274,0.1873171623163388,2.5334000964140966,0.0,0.0,1.4626592276297026
0.15,70.0,742.4,200.0,45.378,1292.956,0.0665,64.0,0.0,0.0,0.0,7.0,1.0,1.0,3.134792,126.9981,126.9981,78.25372,3.788512,90.0,90.0,90.0,0.333333,0.710549,146.9706,1.0,181.0,279.6,300.0,420.0,680.0,188.0,0.0,0.0,0.0,2.820943,1.440876,12.24745,1,0,1.7320508075688772,3.656648069074256,1.924597261505379,6.333500241035241,0.0,0.4,0.0,1.4626592276297026,1.5874507866387544,1.0,0.468292905790847,1.0,0.4,0.0,0.0,0.6,0.0,0.47367172889313863,0.7143087036109212,2.9659332317014226,10.054119939808134,0.4,0.0,0.9524704719832526,0.0,0.0,0.0,0.0,204000.0,78960.0,50607.600000000006,1.186373292680569,2.6943494383215665,3.3675670093338184,0.4,1.0,1.3736904549969078,1.1547583569032274,0.1873171623163388,2.5334000964140966,0.0,0.0,1.4626592276297026
0.085714,20.0,646.0,2.0,42.6224,74.385,3.93,24.0,0.0,0.017,1.0,5.0,1.0,1.0,2.416394,109.4712,109.4712,109.4712,3.341156,90.0,90.0,120.0,0.333333,-1.72727,145.0097,1.0,191.0,175.8,1000.0,515.0,440.0,103.0,0.0,0.0,0.0,6.06348,6.138888,18.97367,1,0,2.8284271247461903,2.389876597875265,0.4385505268709253,6.759591794226543,1.0,0.2,2.8284271247461903,0.477975319575053,1.0583005244258363,0.8,0.6666666666666666,1.0,0.2,0.0,0.0,0.8,0.0,1.1835034183044377,0.16808164051049126,4.5063945294843615,7.15367954073453,0.2,0.0,0.8466404195406692,0.0,0.0,0.0,1.3519183588453088,440000.0,53045.0,33577.8,0.9012789058968723,2.6091518613107274,2.253197264742181,0.19999999999999996,1.0,1.0346122392302055,0.3508404214967402,0.13333333333333333,1.3519183588453085,0.0,1.3519183588453088,2.3504518051711374
0.085714,20.0,769.8,2.0,58.6866,43.9,3.88,7.0,1.0,0.067,1.0,5.0,1.0,1.0,2.416394,109.4712,109.4712,109.4712,3.341156,90.0,90.0,120.0,0.333333,-1.72727,172.7995,1.0,191.0,175.8,1000.0,515.0,440.0,103.0,0.0,0.0,0.0,6.06348,6.138888,18.97367,1,0,2.8284271247461903,2.389876597875265,0.4385505268709253,6.759591794226543,1.0,0.2,2.8284271247461903,0.477975319575053,1.0583005244258363,0.8,0.6666666666666666,1.0,0.2,0.0,0.0,0.8,0.0,1.1835034183044377,0.16808164051049126,4.5063945294843615,7.15367954073453,0.2,0.0,0.8466404195406692,0.0,0.0,0.0,1.3519183588453088,440000.0,53045.0,33577.8,0.9012789058968723,2.6091518613107274,2.253197264742181,0.19999999999999996,1.0,1.0346122392302055,0.3508404214967402,0.13333333333333333,1.3519183588453085,0.0,1.3519183588453088,2.3504518051711374
0.12,9.0,850.0,2.0,67.85,441.0,35.365,19.0,0.0,4.503,1.0,5.0,1.0,1.0,2.949546,60.0,60.0,60.0,5.142692,74.87634,90.0,90.0,0.375,0.828389,138.9428,1.0,0.0,275.0,0.0,0.0,685.7143,201.4286,0.0,0.0,0.0,2.897249,1.443376,11.54701,1,0,1.7320508075688772,3.7158067079548327,1.9837559003859555,6.435966009283019,0.0,0.4285714285714285,0.0,1.5924885891234997,2.1237241067597865,0.0,0.0,1.0,0.4285714285714285,1.0,0.0,0.5714285714285714,1.0,0.4661304930634799,0.7282701089191586,0.0,13.668216164200928,0.4285714285714285,0.0,1.2135566324341636,2.1237241067597865,0.0,0.0,0.0,0.0,0.0,0.0,0.0,2.723928757761855,6.435966009283019,0.4285714285714285,0.0,0.0,1.133574800220546,0.0,2.7582711468355794,0.0,0.0,1.5924885891234997
0.107143,9.0,850.0,2.0,51.94,455.0,18.62,51.0,0.0,1.765,1.0,5.0,1.0,1.0,2.949546,60.0,60.0,60.0,5.142692,74.87634,90.0,90.0,0.375,0.800136,138.9428,1.0,0.0,275.0,0.0,0.0,685.7143,201.4286,0.0,0.0,0.0,2.897249,1.443376,11.54701,1,0,1.7320508075688772,3.7158067079548327,1.9837559003859555,6.435966009283019,0.0,0.4285714285714285,0.0,1.5924885891234997,2.1237241067597865,0.0,0.0,1.0,0.4285714285714285,1.0,0.0,0.5714285714285714,1.0,0.4661304930634799,0.7282701089191586,0.0,13.668216164200928,0.4285714285714285,0.0,1.2135566324341636,2.1237241067597865,0.0,0.0,0.0,0.0,0.0,0.0,0.0,2.723928757761855,6.435966009283019,0.4285714285714285,0.0,0.0,1.133574800220546,0.0,2.7582711468355794,0.0,0.0,1.5924885891234997
0.096774,9.0,850.0,2.0,43.3285,802.384,15.5,237.0,0.0,3.601,1.0,5.0,1.0,1.0,2.949546,60.0,60.0,60.0,5.142692,74.87634,90.0,90.0,0.375,0.800136,138.9428,1.0,0.0,275.0,0.0,0.0,685.7143,201.4286,0.0,0.0,0.0,2.897249,1.443376,11.54701,1,0,1.7320508075688772,3.7158067079548327,1.9837559003859555,6.435966009283019,0.0,0.4285714285714285,0.0,1.5924885891234997,2.1237241067597865,0.0,0.0,1.0,0.4285714285714285,1.0,0.0,0.5714285714285714,1.0,0.4661304930634799,0.7282701089191586,0.0,13.668216164200928,0.4285714285714285,0.0,1.2135566324341636,2.1237241067597865,0.0,0.0,0.0,0.0,0.0,0.0,0.0,2.723928757761855,6.435966009283019,0.4285714285714285,0.0,0.0,1.133574800220546,0.0,2.7582711468355794,0.0,0.0,1.5924885891234997
0.833333,50.0,524.0,10.0,37.9288,570.0,3.485416,15.0,0.0,5.4882,1.0,1.0,1.0,1.0,5.479769,60.90148,87.36408,57.03681,0.0,0.0,0.0,0.0,0.4,0.673684,77.99927,1.116844,268.4,0.0,640.0,164.0,0.0,0.0,3.449728,0.765466,12.24745,0.0,-2.22e-16,0.0,0,0,4.06348818808756,0.0,4.06348818808756,0.0,0.4,0.0,1.6253952752350245,0.0,1.2328828005937953,0.0,0.0,0.4,0.0,0.0,0.0,0.4,0.0,406348819.808756,1.9999999901562406,0.0,0.0,0.0,0.0,0.4931531202375181,0.0,0.0,0.0,0.0,0.0,0.0,0.0,0.0,2.03174409404378,0.0,0.6,1.0,0.0,1.6253952752350243,0.0,0.0,0.0,0.0,1.6253952752350245
0.833333,50.0,524.0,10.0,37.9288,260.0,3.485416,360.0,0.0,5.4882,1.0,1.0,1.0,1.0,5.479769,60.90148,87.36408,57.03681,0.0,0.0,0.0,0.0,0.4,0.673684,77.99927,1.116844,268.4,0.0,640.0,164.0,0.0,0.0,3.449728,0.765466,12.24745,0.0,-2.22e-16,0.0,0,0,4.06348818808756,0.0,4.06348818808756,0.0,0.4,0.0,1.6253952752350245,0.0,1.2328828005937953,0.0,0.0,0.4,0.0,0.0,0.0,0.4,0.0,406348819.808756,1.9999999901562406,0.0,0.0,0.0,0.0,0.4931531202375181,0.0,0.0,0.0,0.0,0.0,0.0,0.0,0.0,2.03174409404378,0.0,0.6,1.0,0.0,1.6253952752350243,0.0,0.0,0.0,0.0,1.6253952752350245
0.882353,50.0,524.0,10.0,37.9288,500.0,3.485416,310.0,0.0,5.4882,1.0,1.0,1.0,1.0,5.479769,60.90148,87.36408,57.03681,0.0,0.0,0.0,0.0,0.4,0.673684,77.99927,1.116844,268.4,0.0,640.0,164.0,0.0,0.0,3.449728,0.765466,12.24745,0.0,-2.22e-16,0.0,0,0,4.06348818808756,0.0,4.06348818808756,0.0,0.4,0.0,1.6253952752350245,0.0,1.2328828005937953,0.0,0.0,0.4,0.0,0.0,0.0,0.4,0.0,406348819.808756,1.9999999901562406,0.0,0.0,0.0,0.0,0.4931531202375181,0.0,0.0,0.0,0.0,0.0,0.0,0.0,0.0,2.03174409404378,0.0,0.6,1.0,0.0,1.6253952752350243,0.0,0.0,0.0,0.0,1.6253952752350245
0.882353,50.0,524.0,10.0,37.9288,400.0,3.485416,340.0,0.0,5.4882,1.0,1.0,1.0,1.0,5.479769,60.90148,87.36408,57.03681,0.0,0.0,0.0,0.0,0.4,0.673684,77.99927,1.116844,268.4,0.0,640.0,164.0,0.0,0.0,3.449728,0.765466,12.24745,0.0,-2.22e-16,0.0,0,0,4.06348818808756,0.0,4.06348818808756,0.0,0.4,0.0,1.6253952752350245,0.0,1.2328828005937953,0.0,0.0,0.4,0.0,0.0,0.0,0.4,0.0,406348819.808756,1.9999999901562406,0.0,0.0,0.0,0.0,0.4931531202375181,0.0,0.0,0.0,0.0,0.0,0.0,0.0,0.0,2.03174409404378,0.0,0.6,1.0,0.0,1.6253952752350243,0.0,0.0,0.0,0.0,1.6253952752350245
0.833333,50.0,524.0,60.0,0.16,7.0,3.485416,14.0,0.0,5.4882,1.0,1.0,1.0,1.0,5.479769,60.90148,87.36408,57.03681,0.0,0.0,0.0,0.0,0.4,0.673684,77.99927,1.116844,268.4,0.0,640.0,164.0,0.0,0.0,3.449728,0.765466,12.24745,0.0,-2.22e-16,0.0,0,0,4.06348818808756,0.0,4.06348818808756,0.0,0.4,0.0,1.6253952752350245,0.0,1.2328828005937953,0.0,0.0,0.4,0.0,0.0,0.0,0.4,0.0,406348819.808756,1.9999999901562406,0.0,0.0,0.0,0.0,0.4931531202375181,0.0,0.0,0.0,0.0,0.0,0.0,0.0,0.0,2.03174409404378,0.0,0.6,1.0,0.0,1.6253952752350243,0.0,0.0,0.0,0.0,1.6253952752350245
0.176471,50.0,566.8,10.0,13.1,21.0,0.003,130.0,0.0,5.4882,1.0,1.0,1.0,1.0,5.479769,60.90148,87.36408,57.03681,0.0,0.0,0.0,0.0,0.4,0.673684,84.37021,1.116844,268.4,0.0,640.0,164.0,0.0,0.0,3.449728,0.765466,12.24745,0.0,-2.22e-16,0.0,0,0,4.06348818808756,0.0,4.06348818808756,0.0,0.4,0.0,1.6253952752350245,0.0,1.2328828005937953,0.0,0.0,0.4,0.0,0.0,0.0,0.4,0.0,406348819.808756,1.9999999901562406,0.0,0.0,0.0,0.0,0.4931531202375181,0.0,0.0,0.0,0.0,0.0,0.0,0.0,0.0,2.03174409404378,0.0,0.6,1.0,0.0,1.6253952752350243,0.0,0.0,0.0,0.0,1.6253952752350245
0.384615,50.0,566.8,10.0,37.9288,52.0,3.485416,47.0,0.0,5.4882,1.0,1.0,1.0,1.0,5.479769,60.90148,87.36408,57.03681,0.0,0.0,0.0,0.0,0.4,0.673684,84.37021,1.116844,268.4,0.0,640.0,164.0,0.0,0.0,3.449728,0.765466,12.24745,0.0,-2.22e-16,0.0,0,0,4.06348818808756,0.0,4.06348818808756,0.0,0.4,0.0,1.6253952752350245,0.0,1.2328828005937953,0.0,0.0,0.4,0.0,0.0,0.0,0.4,0.0,406348819.808756,1.9999999901562406,0.0,0.0,0.0,0.0,0.4931531202375181,0.0,0.0,0.0,0.0,0.0,0.0,0.0,0.0,2.03174409404378,0.0,0.6,1.0,0.0,1.6253952752350243,0.0,0.0,0.0,0.0,1.6253952752350245
0.098039,15.0,812.4,5.0,61.1217,450.0,12.82513,159.0,0.0,12.63382,1.0,2.642,1.0,1.0,2.924839,90.0,90.0,120.0,2.924839,90.0,90.0,120.0,0.5,0.876482,184.6255,1.176906,267.5,250.4,800.0,257.5,657.5,207.625,2.859813,2.5,10.0,3.74458,1.122156,10.03032,1,0,2.8284271247461903,4.295062137464067,1.466635012717877,12.148270252073718,0.5,0.5,1.4142135623730951,2.1475310687320337,0.6717514421272202,1.2625,0.8484100452344039,0.5,0.5,0.0,0.0,0.0,0.0,0.6585299671196092,0.41177432985841833,10.306714514081627,8.16061806118173,0.25,0.0,0.0,0.0,0.0,0.0,3.0370675630184296,526000.0,53463.4375,66982.0,2.5766786285204066,3.561744631105129,1.841555737992092,1.0,1.0,11.15512455931603,0.0,0.21210251130860097,3.0370675630184296,0.0,3.0370675630184296,0.7333175063589386
0.093168,15.0,1065.2,5.0,1.277,4587.4,0.746,271.0,0.0,0.1,1.0,1.402,1.0,1.0,2.924839,90.0,90.0,120.0,6.277448,64.18189,64.18189,58.69534,0.5,0.44,40.58229,1.176906,267.5,250.67,800.0,257.5,659.75,208.4125,2.859813,2.5,10.0,3.731629,1.203541,10.03849,1,0,2.8284271247461903,4.271904742526417,1.443477617780227,12.082771248093607,0.5,0.5,1.4142135623730951,2.1359523712632087,0.661144840409422,1.26625,0.8528495216559339,0.5,0.5,0.0,0.0,0.0,0.0,0.6620997654672544,0.40659440733120383,10.304785679214703,7.988461868524401,0.25,0.0,0.0,0.0,0.0,0.0,3.0206928120234022,527800.0,53666.21875,67054.22499999999,2.5761964198036758,3.550165933636304,1.7779855688789032,1.0,1.0,11.157635200870638,0.0,0.21321238041398347,3.020692812023402,0.0,3.0206928120234022,0.7217388088901135
0.10772,15.0,1280.4,5.0,1.436,4067.7,0.8815,201.0,0.0,0.0695,1.0,0.801,1.0,1.0,2.924839,90.0,90.0,120.0,6.617077,57.30339,57.30339,45.08058,0.5,0.462121,46.07136,1.176906,267.5,251.12,800.0,257.5,663.5,209.725,2.859813,2.5,10.0,3.70999,1.32405,10.05119,1,0,2.8284271247461903,4.233309084296999,1.4048819595508086,11.973606241460088,0.5,0.5,1.4142135623730951,2.1166545421484995,0.6434671708797582,1.2725,0.860155704728831,0.5,0.5,0.0,0.0,0.0,0.0,0.668136219619912,0.3978857079857709,10.29916571476863,7.7046225334205385,0.25,0.0,0.0,0.0,0.0,0.0,2.993401560365022,530800.0,54004.1875,67174.6,2.5747914286921576,3.530868104521595,1.674440526691457,1.0,1.0,11.159321419497461,0.0,0.21503892618220774,2.993401560365022,0.0,2.993401560365022,0.7024409797754043
0.097403,15.0,1280.4,5.0,0.8435,659.0,0.456,203.0,0.0,0.036,1.0,1.8,1.0,1.0,2.924839,90.0,90.0,120.0,3.556118,78.0,78.0,95.99999,0.5,0.3125,168.7524,1.176906,267.5,251.3,800.0,257.5,665.0,210.25,2.859813,2.5,10.0,3.701314,1.367925,10.05596,1,0,2.8284271247461903,4.217870821005232,1.389443696259042,11.92994023880668,0.5,0.5,1.4142135623730951,2.108935410502616,0.6363961030678927,1.275,0.8630442403635764,0.5,0.5,0.0,0.0,0.0,0.0,0.6705817337872577,0.39437551548698113,10.296066210983774,7.592167477809417,0.25,0.0,0.0,0.0,0.0,0.0,2.9824850597016703,532000.0,54139.375,67222.75,2.5740165527459435,3.5231489728757115,1.6338740278229054,1.0,1.0,11.15911045134735,0.0,0.2157610600908941,2.98248505970167,0.0,2.9824850597016703,0.694721848129521
0.042254,10.0,855.6,5.0,62.0,655.636,18.75,78.462,0.0,3.75,1.0,4.5,0.805996,1.0,5.512634,96.2034,96.2034,141.6175,5.142692,74.87634,90.0,90.0,0.444444,-0.33,104.8936,1.0,263.5,275.0,700.0,235.0,685.7143,201.4286,3.055028,1.428571,10.0,2.897249,1.443376,11.54701,1,0,3.863703305156273,3.7158067079548327,0.1478965972014401,14.356774658846936,0.5,0.4285714285714285,1.9318516525781364,1.5924885891234997,0.101015254455221,1.4999999999999998,0.996615895540124,0.5,0.4285714285714285,0.0,0.0,0.0714285714285714,0.0,1.0398020156664236,0.039025371443629865,14.308189833694497,1.450253245319692,0.21428571428571425,0.0,0.007215375318230068,0.0,0.0,0.0,3.0764517126100577,480000.01,47335.721,72462.5,3.0660406786488204,3.789755006555553,0.04858482515243901,0.9285714285714285,1.0,14.211605320003574,0.010564042657245717,0.21356054904431224,3.0764517126100572,0.0,3.0764517126100577,0.33936306345463674
0.085714,70.0,1168.0,10.0,28.36,503.7545,1.1055,62.0135,0.0,0.2425,1.0,4.0,1.0,1.0,5.47254,117.5959,119.9996,90.00007,3.788512,90.0,90.0,90.0,0.4,0.245675,115.6127,1.000013,272.8,279.6,600.0,180.0,680.0,188.0,3.196548,0.0,12.24745,2.820943,1.440876,12.24745,1,0,4.468337566957918,3.656648069074256,0.8116894978836617,16.33913793618863,0.4,0.4,1.7873350267831674,1.4626592276297026,0.8,0.96,0.7635417155709332,0.4,0.4,0.0,0.0,0.0,0.0,1.22197637845673,0.19980084451744107,12.475613410747584,13.071310348950906,0.16000000000000003,0.0,0.0,0.0,0.0,0.0,2.6142620697901813,408000.0,33840.0,76274.88,1.9960981457196139,4.0624928180160875,3.863524525441047,1.0,1.0,13.239155126318519,0.0,0.12216667449134934,2.6142620697901817,0.0,2.6142620697901813,0.3246757991534648
0.090909,70.0,1168.0,10.0,28.36,674.281,0.7655,62.043,0.0,0.1235,1.0,4.0,1.0,1.0,5.47254,117.5959,119.9996,90.00007,3.788512,90.0,90.0,90.0,0.4,0.245675,115.6127,1.000013,272.8,279.6,600.0,180.0,680.0,188.0,3.196548,0.0,12.24745,2.820943,1.440876,12.24745,1,0,4.468337566957918,3.656648069074256,0.8116894978836617,16.33913793618863,0.4,0.4,1.7873350267831674,1.4626592276297026,0.8,0.96,0.7635417155709332,0.4,0.4,0.0,0.0,0.0,0.0,1.22197637845673,0.19980084451744107,12.475613410747584,13.071310348950906,0.16000000000000003,0.0,0.0,0.0,0.0,0.0,2.6142620697901813,408000.0,33840.0,76274.88,1.9960981457196139,4.0624928180160875,3.863524525441047,1.0,1.0,13.239155126318519,0.0,0.12216667449134934,2.6142620697901817,0.0,2.6142620697901813,0.3246757991534648
0.1,70.0,1168.0,10.0,28.36,569.9019,5.634,128.6,0.0,0.257,1.0,4.0,1.0,1.0,5.47254,117.5959,119.9996,90.00007,3.788512,90.0,90.0,90.0,0.4,0.356401,115.6127,1.000013,272.8,279.6,600.0,180.0,680.0,188.0,3.196548,0.0,12.24745,2.820943,1.440876,12.24745,1,0,4.468337566957918,3.656648069074256,0.8116894978836617,16.33913793618863,0.4,0.4,1.7873350267831674,1.4626592276297026,0.8,0.96,0.7635417155709332,0.4,0.4,0.0,0.0,0.0,0.0,1.22197637845673,0.19980084451744107,12.475613410747584,13.071310348950906,0.16000000000000003,0.0,0.0,0.0,0.0,0.0,2.6142620697901813,408000.0,33840.0,76274.88,1.9960981457196139,4.0624928180160875,3.863524525441047,1.0,1.0,13.239155126318519,0.0,0.12216667449134934,2.6142620697901817,0.0,2.6142620697901813,0.3246757991534648
0.088235,70.0,634.8,10.0,27.752,4287.732,6.8934,1389.196,0.0,0.5498,1.0,4.0,1.0,1.0,5.47254,117.5959,119.9996,90.00007,3.788512,90.0,90.0,90.0,0.4,0.256055,62.8347,1.000013,272.8,279.6,600.0,180.0,680.0,188.0,3.196548,0.0,12.24745,2.820943,1.440876,12.24745,1,0,4.468337566957918,3.656648069074256,0.8116894978836617,16.33913793618863,0.4,0.4,1.7873350267831674,1.4626592276297026,0.8,0.96,0.7635417155709332,0.4,0.4,0.0,0.0,0.0,0.0,1.22197637845673,0.19980084451744107,12.475613410747584,13.071310348950906,0.16000000000000003,0.0,0.0,0.0,0.0,0.0,2.6142620697901813,408000.0,33840.0,76274.88,1.9960981457196139,4.0624928180160875,3.863524525441047,1.0,1.0,13.239155126318519,0.0,0.12216667449134934,2.6142620697901817,0.0,2.6142620697901813,0.3246757991534648
0.088235,70.0,1168.0,10.0,28.36,631.624,0.386,143.324,0.0,0.076,1.0,4.0,1.0,1.0,5.47254,117.5959,119.9996,90.00007,3.788512,90.0,90.0,90.0,0.4,0.245675,115.6127,1.000013,272.8,279.6,600.0,180.0,680.0,188.0,3.196548,0.0,12.24745,2.820943,1.440876,12.24745,1,0,4.468337566957918,3.656648069074256,0.8116894978836617,16.33913793618863,0.4,0.4,1.7873350267831674,1.4626592276297026,0.8,0.96,0.7635417155709332,0.4,0.4,0.0,0.0,0.0,0.0,1.22197637845673,0.19980084451744107,12.475613410747584,13.071310348950906,0.16000000000000003,0.0,0.0,0.0,0.0,0.0,2.6142620697901813,408000.0,33840.0,76274.88,1.9960981457196139,4.0624928180160875,3.863524525441047,1.0,1.0,13.239155126318519,0.0,0.12216667449134934,2.6142620697901817,0.0,2.6142620697901813,0.3246757991534648
0.107143,40.0,856.4,5.0,32.3186,195.0,13.7992,93.6132,0.4722,0.3462,0.01,1.81,1.0,1.0,2.815882,109.4712,109.4712,109.4712,3.788512,90.0,90.0,90.0,0.5,0.576842,113.0259,1.0,154.0,279.6,400.0,433.0,680.0,188.0,0.0,0.0,0.0,2.820943,1.440876,12.24745,1,0,2.8284271247461903,3.656648069074256,0.8282209443280659,10.342562584220406,1.0,0.4,2.8284271247461903,1.4626592276297026,1.2328828005937953,1.0,0.5735393346764044,1.0,0.4,0.0,0.0,0.6,0.0,0.7735026925156702,0.2554236973421777,5.931866463402845,12.751167524150254,0.4,0.0,0.7397296803562772,0.0,0.0,0.0,4.137025033688163,272000.0,81404.0,43058.4,2.372746585361138,3.242537596910223,4.410696120817561,0.4,1.0,2.6021623192317,0.49693256659683954,0.22941573387056177,4.137025033688163,0.0,4.137025033688163,1.3657678971164877
0.069767,40.0,931.4,5.0,50.8904,716.0,22.2458,229.506,0.361,0.07308,0.01,3.64,1.0,1.0,2.815882,109.4712,109.4712,109.4712,3.788512,90.0,90.0,90.0,0.5,0.720632,122.9243,1.0,154.0,279.6,400.0,433.0,680.0,188.0,0.0,0.0,0.0,2.820943,1.440876,12.24745,1,0,2.8284271247461903,3.656648069074256,0.8282209443280659,10.342562584220406,1.0,0.4,2.8284271247461903,1.4626592276297026,1.2328828005937953,1.0,0.5735393346764044,1.0,0.4,0.0,0.0,0.6,0.0,0.7735026925156702,0.2554236973421777,5.931866463402845,12.751167524150254,0.4,0.0,0.7397296803562772,0.0,0.0,0.0,4.137025033688163,272000.0,81404.0,43058.4,2.372746585361138,3.242537596910223,4.410696120817561,0.4,1.0,2.6021623192317,0.49693256659683954,0.22941573387056177,4.137025033688163,0.0,4.137025033688163,1.3657678971164877
0.068182,40.0,916.8,5.0,24.1227,8537.0,13.94298,181.7098,0.0722,0.21928,0.01,1.85,1.0,1.0,2.815882,109.4712,109.4712,109.4712,3.788512,90.0,90.0,90.0,0.5,0.654105,120.9974,1.0,154.0,279.6,400.0,433.0,680.0,188.0,0.0,0.0,0.0,2.820943,1.440876,12.24745,1,0,2.8284271247461903,3.656648069074256,0.8282209443280659,10.342562584220406,1.0,0.4,2.8284271247461903,1.4626592276297026,1.2328828005937953,1.0,0.5735393346764044,1.0,0.4,0.0,0.0,0.6,0.0,0.7735026925156702,0.2554236973421777,5.931866463402845,12.751167524150254,0.4,0.0,0.7397296803562772,0.0,0.0,0.0,4.137025033688163,272000.0,81404.0,43058.4,2.372746585361138,3.242537596910223,4.410696120817561,0.4,1.0,2.6021623192317,0.49693256659683954,0.22941573387056177,4.137025033688163,0.0,4.137025033688163,1.3657678971164877
0.066667,40.0,916.8,5.0,34.0527,7324.0,16.76298,263.1766,0.0722,0.21928,0.01,1.85,1.0,1.0,2.815882,109.4712,109.4712,109.4712,3.788512,90.0,90.0,90.0,0.5,0.654105,120.9974,1.0,154.0,279.6,400.0,433.0,680.0,188.0,0.0,0.0,0.0,2.820943,1.440876,12.24745,1,0,2.8284271247461903,3.656648069074256,0.8282209443280659,10.342562584220406,1.0,0.4,2.8284271247461903,1.4626592276297026,1.2328828005937953,1.0,0.5735393346764044,1.0,0.4,0.0,0.0,0.6,0.0,0.7735026925156702,0.2554236973421777,5.931866463402845,12.751167524150254,0.4,0.0,0.7397296803562772,0.0,0.0,0.0,4.137025033688163,272000.0,81404.0,43058.4,2.372746585361138,3.242537596910223,4.410696120817561,0.4,1.0,2.6021623192317,0.49693256659683954,0.22941573387056177,4.137025033688163,0.0,4.137025033688163,1.3657678971164877
0.333333,60.0,703.0,5.0,79.0,15000.0,60.04,333.3,0.0,4.37,1.0,5.0,1.0,1.0,5.932914,120.4948,120.2024,89.39748,5.996281,60.0,60.0,60.0,0.428571,0.395989,29.30983,1.0,275.7143,276.1429,700.0,205.7143,714.2857,207.8571,2.860376,1.707469,11.55577,2.838877,2.039608,11.56632,1,0,3.569235830903556,3.420013513551952,0.1492223173516036,12.20683477474399,0.4285714285714285,0.4285714285714285,1.5296724989586663,1.4657200772365508,0.2020305089104421,1.4081632653061225,0.9857142857142858,0.4285714285714285,0.4285714285714285,0.0,0.0,0.0,0.0,1.0436320840031723,0.04270052750170508,12.032451420819077,2.4661530417272104,0.18367346938775503,0.0,0.0,0.0,0.0,0.0,2.242071693320324,499999.99,42759.17782653,76136.54637346999,2.210042097701462,3.4946246722277543,0.17438335392491353,1.0,1.0,13.018165706533363,0.0,0.18104956268221567,2.242071693320324,0.0,2.242071693320324,0.06395242172211546
0.352941,60.0,846.4,5.0,84.0,20000.0,62.16,443.2,0.0,1.0,1.0,5.0,1.0,1.0,5.932914,120.4948,120.2024,89.39748,2.924839,90.0,90.0,120.0,0.444444,0.748744,108.5188,1.0,275.7143,267.5,700.0,205.7143,800.0,257.5,2.860376,1.707469,11.55577,2.859813,2.5,10.0,1,0,3.569235830903556,2.8284271247461903,0.7408087061573654,10.095323438743623,0.4285714285714285,0.5,1.5296724989586663,1.4142135623730951,0.5976143046671968,1.2857142857142856,0.87831006565368,0.4285714285714285,0.5,0.0,0.0,0.0714285714285714,0.0,1.261915428916942,0.23158728710060844,8.866824192278045,6.033109697235225,0.21428571428571425,0.0,0.042686736047656895,0.0,0.0,0.0,2.16328359401649,560000.0,52971.432250000005,73753.57525,1.9000337554881521,3.198831477824873,1.2284992464655773,0.9285714285714285,1.0,9.04905323950803,0.05291490758266893,0.18820929978293138,2.1632835940164905,0.0,2.16328359401649,0.11545893658557116
0.054545,50.0,631.0,2.0,53.2,224.0,12.1,13.0,0.0,0.7,1.0,2.0,1.0,1.0,2.416394,109.4712,109.4712,109.4712,5.555777,90.0,90.0,107.2641,0.333333,0.745789,85.18161,1.0,191.0,237.2,1000.0,515.0,440.0,86.6,0.0,0.0,0.0,3.824173,2.845905,19.49359,1,0,2.8284271247461903,2.262741699796952,0.5656854249492382,6.4,1.0,0.2,2.8284271247461903,0.4525483399593904,1.1832159566199232,1.0,0.5976143046671968,1.0,0.2,0.0,0.0,0.8,0.0,1.2499999988951458,0.22222222134925096,3.8247315498700596,7.572582122367509,0.2,0.0,0.9465727652959386,0.0,0.0,0.0,1.28,440000.0,44599.0,45305.2,0.7649463099740119,2.5455844122715714,2.5752684501299408,0.19999999999999996,1.0,0.8844691709074511,0.4525483399593906,0.11952286093343936,1.2800000000000002,0.0,1.28,2.3758787847867997
0.054545,50.0,631.0,2.0,54.6,265.0,16.2,27.88,0.0,3.222,1.0,0.1,1.0,1.0,2.416394,109.4712,109.4712,109.4712,5.555777,90.0,90.0,107.2641,0.333333,0.680118,85.18161,1.0,191.0,237.2,1000.0,515.0,440.0,86.6,0.0,0.0,0.0,3.824173,2.845905,19.49359,1,0,2.8284271247461903,2.262741699796952,0.5656854249492382,6.4,1.0,0.2,2.8284271247461903,0.4525483399593904,1.1832159566199232,1.0,0.5976143046671968,1.0,0.2,0.0,0.0,0.8,0.0,1.2499999988951458,0.22222222134925096,3.8247315498700596,7.572582122367509,0.2,0.0,0.9465727652959386,0.0,0.0,0.0,1.28,440000.0,44599.0,45305.2,0.7649463099740119,2.5455844122715714,2.5752684501299408,0.19999999999999996,1.0,0.8844691709074511,0.4525483399593906,0.11952286093343936,1.2800000000000002,0.0,1.28,2.3758787847867997
0.638997,30.0,793.0,60.0,35.59,9631.198,26.2,226.5605,0.0,12.72,1.0,0.1,0.671139,1.0,5.47254,117.5959,119.9996,90.00007,5.932914,120.4948,120.2024,89.39748,0.416667,0.721824,40.09834,1.000013,272.8,275.7143,600.0,180.0,700.0,205.7143,3.196548,0.0,12.24745,2.860376,1.707469,11.55577,1,0,4.468337566957918,3.569235830903556,0.8991017360543623,15.948550548558616,0.4,0.4285714285714285,1.7873350267831674,1.5296724989586663,0.7634508123364222,0.9428571428571428,0.7735319310485174,0.4,0.4285714285714285,0.0,0.0,0.0285714285714285,0.0,1.2519031456959575,0.22372467144283525,12.336713103251437,12.175933871885567,0.1714285714285714,0.0,0.02181288035246915,0.0,0.0,0.0,2.7340372368957624,420000.0,37028.574,75214.86104,2.1148651034145316,4.018786698930737,3.611837445307179,0.9714285714285715,1.0,12.735666604748529,0.025688621030124575,0.13260547389403152,2.7340372368957624,0.0,2.7340372368957624,0.25766252782450105
0.638997,30.0,793.0,100.0,35.3615,8468.948,24.038,90.0845,0.0,0.596,1.0,0.1,0.671139,1.0,5.47254,117.5959,119.9996,90.00007,5.932914,120.4948,120.2024,89.39748,0.416667,0.771987,40.09834,1.000013,272.8,275.7143,600.0,180.0,700.0,205.7143,3.196548,0.0,12.24745,2.860376,1.707469,11.55577,1,0,4.468337566957918,3.569235830903556,0.8991017360543623,15.948550548558616,0.4,0.4285714285714285,1.7873350267831674,1.5296724989586663,0.7634508123364222,0.9428571428571428,0.7735319310485174,0.4,0.4285714285714285,0.0,0.0,0.0285714285714285,0.0,1.2519031456959575,0.22372467144283525,12.336713103251437,12.175933871885567,0.1714285714285714,0.0,0.02181288035246915,0.0,0.0,0.0,2.7340372368957624,420000.0,37028.574,75214.86104,2.1148651034145316,4.018786698930737,3.611837445307179,0.9714285714285715,1.0,12.735666604748529,0.025688621030124575,0.13260547389403152,2.7340372368957624,0.0,2.7340372368957624,0.25766252782450105
0.638997,30.0,793.0,200.0,35.609,4155.25,17.944,54.588,1.0,0.0,0.0,0.1,0.671139,1.0,5.47254,117.5959,119.9996,90.00007,5.932914,120.4948,120.2024,89.39748,0.416667,0.973941,40.09834,1.000013,272.8,275.7143,600.0,180.0,700.0,205.7143,3.196548,0.0,12.24745,2.860376,1.707469,11.55577,1,0,4.468337566957918,3.569235830903556,0.8991017360543623,15.948550548558616,0.4,0.4285714285714285,1.7873350267831674,1.5296724989586663,0.7634508123364222,0.9428571428571428,0.7735319310485174,0.4,0.4285714285714285,0.0,0.0,0.0285714285714285,0.0,1.2519031456959575,0.22372467144283525,12.336713103251437,12.175933871885567,0.1714285714285714,0.0,0.02181288035246915,0.0,0.0,0.0,2.7340372368957624,420000.0,37028.574,75214.86104,2.1148651034145316,4.018786698930737,3.611837445307179,0.9714285714285715,1.0,12.735666604748529,0.025688621030124575,0.13260547389403152,2.7340372368957624,0.0,2.7340372368957624,0.25766252782450105
0.638997,30.0,793.0,300.0,34.666,2615.741,14.1485,115.7405,0.0,0.1885,0.0,0.0,0.671139,1.0,5.47254,117.5959,119.9996,90.00007,5.932914,120.4948,120.2024,89.39748,0.416667,0.975896,40.09834,1.000013,272.8,275.7143,600.0,180.0,700.0,205.7143,3.196548,0.0,12.24745,2.860376,1.707469,11.55577,1,0,4.468337566957918,3.569235830903556,0.8991017360543623,15.948550548558616,0.4,0.4285714285714285,1.7873350267831674,1.5296724989586663,0.7634508123364222,0.9428571428571428,0.7735319310485174,0.4,0.4285714285714285,0.0,0.0,0.0285714285714285,0.0,1.2519031456959575,0.22372467144283525,12.336713103251437,12.175933871885567,0.1714285714285714,0.0,0.02181288035246915,0.0,0.0,0.0,2.7340372368957624,420000.0,37028.574,75214.86104,2.1148651034145316,4.018786698930737,3.611837445307179,0.9714285714285715,1.0,12.735666604748529,0.025688621030124575,0.13260547389403152,2.7340372368957624,0.0,2.7340372368957624,0.25766252782450105
1.049781,30.0,793.0,60.0,33.3745,7572.0,24.105,48.19,0.0,0.0,1.0,0.1,0.671139,1.0,5.47254,117.5959,119.9996,90.00007,5.932914,120.4948,120.2024,89.39748,0.416667,0.771987,40.09834,1.000013,272.8,275.7143,600.0,180.0,700.0,205.7143,3.196548,0.0,12.24745,2.860376,1.707469,11.55577,1,0,4.468337566957918,3.569235830903556,0.8991017360543623,15.948550548558616,0.4,0.4285714285714285,1.7873350267831674,1.5296724989586663,0.7634508123364222,0.9428571428571428,0.7735319310485174,0.4,0.4285714285714285,0.0,0.0,0.0285714285714285,0.0,1.2519031456959575,0.22372467144283525,12.336713103251437,12.175933871885567,0.1714285714285714,0.0,0.02181288035246915,0.0,0.0,0.0,2.7340372368957624,420000.0,37028.574,75214.86104,2.1148651034145316,4.018786698930737,3.611837445307179,0.9714285714285715,1.0,12.735666604748529,0.025688621030124575,0.13260547389403152,2.7340372368957624,0.0,2.7340372368957624,0.25766252782450105
1.049781,30.0,793.0,100.0,32.5,5740.542,22.2065,89.6004,0.0,1.0305,0.0,0.1,0.671139,1.0,5.47254,117.5959,119.9996,90.00007,5.932914,120.4948,120.2024,89.39748,0.416667,0.973941,40.09834,1.000013,272.8,275.7143,600.0,180.0,700.0,205.7143,3.196548,0.0,12.24745,2.860376,1.707469,11.55577,1,0,4.468337566957918,3.569235830903556,0.8991017360543623,15.948550548558616,0.4,0.4285714285714285,1.7873350267831674,1.5296724989586663,0.7634508123364222,0.9428571428571428,0.7735319310485174,0.4,0.4285714285714285,0.0,0.0,0.0285714285714285,0.0,1.2519031456959575,0.22372467144283525,12.336713103251437,12.175933871885567,0.1714285714285714,0.0,0.02181288035246915,0.0,0.0,0.0,2.7340372368957624,420000.0,37028.574,75214.86104,2.1148651034145316,4.018786698930737,3.611837445307179,0.9714285714285715,1.0,12.735666604748529,0.025688621030124575,0.13260547389403152,2.7340372368957624,0.0,2.7340372368957624,0.25766252782450105
1.049781,30.0,793.0,200.0,29.7225,2201.862,15.0,45.7505,1.0,0.1,1.0,0.1,0.671139,1.0,5.47254,117.5959,119.9996,90.00007,5.932914,120.4948,120.2024,89.39748,0.416667,0.973941,40.09834,1.000013,272.8,275.7143,600.0,180.0,700.0,205.7143,3.196548,0.0,12.24745,2.860376,1.707469,11.55577,1,0,4.468337566957918,3.569235830903556,0.8991017360543623,15.948550548558616,0.4,0.4285714285714285,1.7873350267831674,1.5296724989586663,0.7634508123364222,0.9428571428571428,0.7735319310485174,0.4,0.4285714285714285,0.0,0.0,0.0285714285714285,0.0,1.2519031456959575,0.22372467144283525,12.336713103251437,12.175933871885567,0.1714285714285714,0.0,0.02181288035246915,0.0,0.0,0.0,2.7340372368957624,420000.0,37028.574,75214.86104,2.1148651034145316,4.018786698930737,3.611837445307179,0.9714285714285715,1.0,12.735666604748529,0.025688621030124575,0.13260547389403152,2.7340372368957624,0.0,2.7340372368957624,0.25766252782450105
1.049781,30.0,793.0,300.0,26.5865,1041.656,9.519,24.1535,0.0,4.9035,1.0,0.01,0.671139,1.0,5.47254,117.5959,119.9996,90.00007,5.932914,120.4948,120.2024,89.39748,0.416667,0.788274,40.09834,1.000013,272.8,275.7143,600.0,180.0,700.0,205.7143,3.196548,0.0,12.24745,2.860376,1.707469,11.55577,1,0,4.468337566957918,3.569235830903556,0.8991017360543623,15.948550548558616,0.4,0.4285714285714285,1.7873350267831674,1.5296724989586663,0.7634508123364222,0.9428571428571428,0.7735319310485174,0.4,0.4285714285714285,0.0,0.0,0.0285714285714285,0.0,1.2519031456959575,0.22372467144283525,12.336713103251437,12.175933871885567,0.1714285714285714,0.0,0.02181288035246915,0.0,0.0,0.0,2.7340372368957624,420000.0,37028.574,75214.86104,2.1148651034145316,4.018786698930737,3.611837445307179,0.9714285714285715,1.0,12.735666604748529,0.025688621030124575,0.13260547389403152,2.7340372368957624,0.0,2.7340372368957624,0.25766252782450105
0.227687,40.0,1223.0,5.0,0.3775,3691.0,0.0189,543.0,0.0,0.3286,1.0,7.0,1.0,3.126897,3.197801,68.97527,72.0,78.0,3.788512,90.0,90.0,90.0,0.666667,0.644886,34.58765,1.193036,226.0625,279.6,806.25,369.375,680.0,188.0,3.013196,1.548448,5.781531,2.820943,1.440876,12.24745,1,0,3.8042185669719113,3.656648069074256,0.147570497897655,13.910688477254274,0.75,0.4,2.8531639252289334,1.4626592276297026,0.6957460025037873,1.225,0.835564523010633,0.75,0.4,0.0,0.0,0.35,0.0,1.0403567679214607,0.039558540502279645,11.623277782246475,9.678305900125157,0.30000000000000004,0.0,0.24351110087632552,0.0,0.0,0.0,4.173206543176282,548250.0,69442.5,63207.075000000004,3.486983334673943,3.730433318023084,2.287410695007798,0.65,1.0,8.098247498417122,0.05164967426417925,0.2506693569031899,4.173206543176283,0.0,4.173206543176282,1.3905046975992308
0.12087,40.0,1223.0,5.0,2.052,895.0,0.029,70.9,0.0,0.2546,1.0,7.0,1.0,1.632895,3.586946,90.86951,93.89424,111.8942,0.0,0.0,0.0,0.0,0.428571,0.554324,64.03755,1.234626,276.75,276.0857,720.7143,211.9286,707.4286,207.9429,2.806285,1.965715,11.55257,2.841065,1.813512,11.55666,1,0,3.356708059179204,3.493018974836892,0.1363109156576878,11.725044943700876,0.4285714285714285,0.4285714285714286,1.4385891682196588,1.4970081320729538,0.1878883732867111,1.419142857142857,0.9877960877011744,0.4285714285714285,0.4285714285714286,0.0,0.0,5.551115123125783e-17,0.0,0.9609761881485872,0.03980039338290617,11.581953523508163,2.2029996211855347,0.18367346938775508,0.0,1.0429899904113643e-17,0.0,0.0,0.0,2.1535796835368957,509853.90824897995,44069.04767694,76406.717475,2.127297585950479,3.424863517008048,0.14309142019271356,0.9999999999999999,1.0,12.569749611209335,7.566775853545138e-18,0.1814319344757259,2.153579683536895,0.0,2.1535796835368957,0.058418963853295036
0.06,70.0,1100.0,5.0,22.57,10211.0,22.8585,140.0,0.0,0.0,0.0,7.0,1.0,3.109453,4.606465,83.95053,90.0,108.0,0.0,0.0,0.0,0.0,0.36,-0.08935,58.85985,1.570973,187.8,291.6583,896.0,498.8,693.1667,164.6167,0.052172,0.218704,0.117858,2.538294,1.930318,14.14851,1,0,3.9140231917817743,3.24672226808946,0.6673009236923142,12.70774625457647,1.0,0.3333333333333333,3.9140231917817743,1.0822407560298202,0.9634688485997988,1.2571333333333332,0.7354307585397845,1.0,0.3333333333333333,0.0,0.0,0.6666666666666666,0.0,1.2055306449201404,0.18637750093704314,9.345667467334279,12.243517652195196,0.3333333333333333,0.0,0.6423125657331992,0.0,0.0,0.0,4.235915418192157,621077.3632,82110.80996000001,54773.42874,3.115222489111426,3.5803727299356174,3.362078787242192,0.33333333333333326,1.0,3.3603660752913536,0.4448672824615428,0.24514358617992815,4.235915418192157,0.0,4.235915418192157,2.831782435751954
0.06,70.0,1100.0,5.0,34.67,9279.0,25.1195,1028.0,0.0,1.7805,1.0,7.0,1.0,2.699784,4.606465,83.95053,90.0,108.0,0.0,0.0,0.0,0.0,0.36,-0.08935,44.26727,1.570973,187.8,291.1583,896.0,498.8,683.1667,161.6167,0.052172,0.218704,0.117858,2.567103,1.772714,14.15228,1,0,3.9140231917817743,3.349321882025354,0.5647013097564204,13.109323522989415,1.0,0.3333333333333333,3.9140231917817743,1.1164406273417848,1.0454371759646242,1.1651333333333334,0.6859887101493829,1.0,0.3333333333333333,0.0,0.0,0.6666666666666666,0.0,1.168601683553008,0.15549345445197033,8.992847934466473,13.704974162680672,0.3333333333333333,0.0,0.6969581173097494,0.0,0.0,0.0,4.369774507663139,612117.3632,80614.40996,54679.52874,2.997615978155491,3.6316725369035643,4.116475588522942,0.33333333333333326,1.0,3.226278881538618,0.3764675398376136,0.2286629033831276,4.369774507663138,0.0,4.369774507663139,2.797582564439989
0.057692,70.0,1100.0,5.0,32.87,7278.0,24.762,420.0,0.0,1.904,1.0,7.0,1.0,2.819957,5.264641,112.9965,109.2626,105.9696,3.864174,94.3275,89.70155,108.0227,0.529412,-0.03093,97.40596,1.087035,186.8,291.4167,876.0,492.8,688.3333,163.1667,0.114316,0.487538,0.259994,2.55225,1.858423,14.1512,1,0,4.119222419653562,3.2963120814918088,0.8229103381617535,13.57824262825596,1.0,0.3333333333333333,4.119222419653562,1.098770693830603,0.8688306317497482,1.1926666666666668,0.7602656911358013,1.0,0.3333333333333333,0.0,0.0,0.6666666666666666,0.0,1.2496457602682063,0.22194228502752633,10.323072016180618,11.797193120758987,0.3333333333333333,0.0,0.5792204211664987,0.0,0.0,0.0,4.52608087608532,602979.9708,80408.54976,54436.63956,3.441024005393539,3.7077672505726857,3.255170612075343,0.33333333333333326,1.0,3.694445902438806,0.5486068921078356,0.2534218970452671,4.52608087608532,0.0,4.52608087608532,3.0204517258229595
0.057692,70.0,750.0,5.0,33.47,5933.0,25.95,140.0,0.0,0.474,1.0,7.0,1.0,3.128761,3.011828,107.295,89.50258,120.0378,5.641421,90.11732,95.94923,83.79417,0.433333,-0.02389,58.25219,1.757954,266.0,276.6071,750.0,250.0,717.8571,211.0714,2.932331,2.0,10.0,2.813791,1.936468,11.55403,1,0,3.350705235476804,3.3860222345894595,0.0353169991126556,11.345562428879768,0.5,0.4285714285714286,1.675352617738402,1.4511523862526257,0.2201576429631777,1.4464285714285714,0.983716989303452,0.5,0.4285714285714286,0.0,0.0,0.0714285714285714,0.0,0.9895697675438817,0.0104849124934125,11.160822514491965,2.497812282433755,0.2142857142857143,0.0,0.015725545925941258,0.0,0.0,0.0,2.431191949045665,538392.825,52767.850000000006,73577.4886,2.3916048245339927,3.3683637350331317,0.18473991438780268,0.9285714285714286,1.0,11.27707239638146,0.002522642793761113,0.21079649770788259,2.431191949045665,0.0,2.431191949045665,0.22420023148577628
0.057692,70.0,1100.0,5.0,32.91,5163.0,23.336,68.0,0.0,0.954,1.0,7.0,1.0,1.556886,4.069767,113.0097,105.7754,105.666,0.0,0.0,0.0,0.0,0.75,-0.03093,92.64365,1.225031,186.85,291.4167,877.0,493.1,688.3333,163.1667,0.112612,0.479855,0.256033,2.55225,1.858423,14.1512,1,0,4.108962458259973,3.2963120814918088,0.8126503767681643,13.54442259355863,1.0,0.3333333333333333,4.108962458259973,1.098770693830603,0.8737657962329874,1.1936666666666669,0.7584488328202852,1.0,0.3333333333333333,0.0,0.0,0.6666666666666666,0.0,1.246533202625357,0.2194787972305523,10.272751507309243,11.834653191976821,0.3333333333333333,0.0,0.5825105308219916,0.0,0.0,0.0,4.514807531186211,603668.3041,80457.49977,54451.210394999995,3.424250502436414,3.7026372698758907,3.271671086249387,0.33333333333333326,1.0,3.6770667800431753,0.5417669178454428,0.25281627760676173,4.51480753118621,0.0,4.514807531186211,3.0101917644293703
0.06,40.0,1100.0,100.0,16.77,6733.0,10.818,120.479,0.0,0.137,1.0,7.0,1.0,2.422481,4.606465,83.95053,90.0,108.0,0.0,0.0,0.0,0.0,0.36,-0.08935,59.44288,1.570973,187.8,291.6583,896.0,498.8,693.1667,164.6167,0.052172,0.218704,0.117858,2.538294,1.930318,14.14851,1,0,3.9140231917817743,3.24672226808946,0.6673009236923142,12.70774625457647,1.0,0.3333333333333333,3.9140231917817743,1.0822407560298202,0.9634688485997988,1.2571333333333332,0.7354307585397845,1.0,0.3333333333333333,0.0,0.0,0.6666666666666666,0.0,1.2055306449201404,0.18637750093704314,9.345667467334279,12.243517652195196,0.3333333333333333,0.0,0.6423125657331992,0.0,0.0,0.0,4.235915418192157,621077.3632,82110.80996000001,54773.42874,3.115222489111426,3.5803727299356174,3.362078787242192,0.33333333333333326,1.0,3.3603660752913536,0.4448672824615428,0.24514358617992815,4.235915418192157,0.0,4.235915418192157,2.831782435751954
0.06,40.0,1100.0,50.0,19.7,8727.0,0.726,17.453,0.0,0.726,1.0,7.0,1.0,2.422481,4.606465,83.95053,90.0,108.0,0.0,0.0,0.0,0.0,0.36,-0.08935,59.4861,1.570973,187.8,291.6583,896.0,498.8,693.1667,164.6167,0.052172,0.218704,0.117858,2.538294,1.930318,14.14851,1,0,3.9140231917817743,3.24672226808946,0.6673009236923142,12.70774625457647,1.0,0.3333333333333333,3.9140231917817743,1.0822407560298202,0.9634688485997988,1.2571333333333332,0.7354307585397845,1.0,0.3333333333333333,0.0,0.0,0.6666666666666666,0.0,1.2055306449201404,0.18637750093704314,9.345667467334279,12.243517652195196,0.3333333333333333,0.0,0.6423125657331992,0.0,0.0,0.0,4.235915418192157,621077.3632,82110.80996000001,54773.42874,3.115222489111426,3.5803727299356174,3.362078787242192,0.33333333333333326,1.0,3.3603660752913536,0.4448672824615428,0.24514358617992815,4.235915418192157,0.0,4.235915418192157,2.831782435751954
0.06,40.0,1100.0,5.0,22.57,10211.0,16.6641,440.6926,0.0,0.7438,0.8,7.0,1.0,4.761905,4.606465,83.95053,90.0,108.0,0.0,0.0,0.0,0.0,0.36,-0.08935,29.03115,1.570973,187.8,291.6583,896.0,498.8,693.1667,164.6167,0.052172,0.218704,0.117858,2.538294,1.930318,14.14851,1,0,3.9140231917817743,3.24672226808946,0.6673009236923142,12.70774625457647,1.0,0.3333333333333333,3.9140231917817743,1.0822407560298202,0.9634688485997988,1.2571333333333332,0.7354307585397845,1.0,0.3333333333333333,0.0,0.0,0.6666666666666666,0.0,1.2055306449201404,0.18637750093704314,9.345667467334279,12.243517652195196,0.3333333333333333,0.0,0.6423125657331992,0.0,0.0,0.0,4.235915418192157,621077.3632,82110.80996000001,54773.42874,3.115222489111426,3.5803727299356174,3.362078787242192,0.33333333333333326,1.0,3.3603660752913536,0.4448672824615428,0.24514358617992815,4.235915418192157,0.0,4.235915418192157,2.831782435751954
0.06,30.0,1100.0,250.0,27.16,1782.0,14.6925,64.1,0.0,0.9275,1.0,7.0,1.0,1.545691,4.606465,83.95053,90.0,108.0,0.0,0.0,0.0,0.0,0.36,-0.08935,62.22281,1.570973,187.8,291.1583,896.0,498.8,683.1667,161.6167,0.052172,0.218704,0.117858,2.567103,1.772714,14.15228,1,0,3.9140231917817743,3.349321882025354,0.5647013097564204,13.109323522989415,1.0,0.3333333333333333,3.9140231917817743,1.1164406273417848,1.0454371759646242,1.1651333333333334,0.6859887101493829,1.0,0.3333333333333333,0.0,0.0,0.6666666666666666,0.0,1.168601683553008,0.15549345445197033,8.992847934466473,13.704974162680672,0.3333333333333333,0.0,0.6969581173097494,0.0,0.0,0.0,4.369774507663139,612117.3632,80614.40996,54679.52874,2.997615978155491,3.6316725369035643,4.116475588522942,0.33333333333333326,1.0,3.226278881538618,0.3764675398376136,0.2286629033831276,4.369774507663138,0.0,4.369774507663139,2.797582564439989
0.06,30.0,1100.0,200.0,28.33,2867.0,16.412,238.804,0.0,1.456,1.0,7.0,1.0,1.968969,4.606465,83.95053,90.0,108.0,0.0,0.0,0.0,0.0,0.36,-0.08935,62.22281,1.570973,187.8,291.1583,896.0,498.8,683.1667,161.6167,0.052172,0.218704,0.117858,2.567103,1.772714,14.15228,1,0,3.9140231917817743,3.349321882025354,0.5647013097564204,13.109323522989415,1.0,0.3333333333333333,3.9140231917817743,1.1164406273417848,1.0454371759646242,1.1651333333333334,0.6859887101493829,1.0,0.3333333333333333,0.0,0.0,0.6666666666666666,0.0,1.168601683553008,0.15549345445197033,8.992847934466473,13.704974162680672,0.3333333333333333,0.0,0.6969581173097494,0.0,0.0,0.0,4.369774507663139,612117.3632,80614.40996,54679.52874,2.997615978155491,3.6316725369035643,4.116475588522942,0.33333333333333326,1.0,3.226278881538618,0.3764675398376136,0.2286629033831276,4.369774507663138,0.0,4.369774507663139,2.797582564439989
0.06,30.0,1100.0,150.0,29.01,4455.0,18.662,414.609,0.0,1.322,1.0,7.0,1.0,2.408478,4.606465,83.95053,90.0,108.0,0.0,0.0,0.0,0.0,0.36,-0.08935,69.77476,1.570973,187.8,291.1583,896.0,498.8,683.1667,161.6167,0.052172,0.218704,0.117858,2.567103,1.772714,14.15228,1,0,3.9140231917817743,3.349321882025354,0.5647013097564204,13.109323522989415,1.0,0.3333333333333333,3.9140231917817743,1.1164406273417848,1.0454371759646242,1.1651333333333334,0.6859887101493829,1.0,0.3333333333333333,0.0,0.0,0.6666666666666666,0.0,1.168601683553008,0.15549345445197033,8.992847934466473,13.704974162680672,0.3333333333333333,0.0,0.6969581173097494,0.0,0.0,0.0,4.369774507663139,612117.3632,80614.40996,54679.52874,2.997615978155491,3.6316725369035643,4.116475588522942,0.33333333333333326,1.0,3.226278881538618,0.3764675398376136,0.2286629033831276,4.369774507663138,0.0,4.369774507663139,2.797582564439989
0.06,30.0,1100.0,100.0,29.68,6505.0,21.309,696.718,0.0,1.985,1.0,7.0,1.0,2.417795,4.606465,83.95053,90.0,108.0,0.0,0.0,0.0,0.0,0.36,-0.08935,69.81798,1.570973,187.8,291.1583,896.0,498.8,683.1667,161.6167,0.052172,0.218704,0.117858,2.567103,1.772714,14.15228,1,0,3.9140231917817743,3.349321882025354,0.5647013097564204,13.109323522989415,1.0,0.3333333333333333,3.9140231917817743,1.1164406273417848,1.0454371759646242,1.1651333333333334,0.6859887101493829,1.0,0.3333333333333333,0.0,0.0,0.6666666666666666,0.0,1.168601683553008,0.15549345445197033,8.992847934466473,13.704974162680672,0.3333333333333333,0.0,0.6969581173097494,0.0,0.0,0.0,4.369774507663139,612117.3632,80614.40996,54679.52874,2.997615978155491,3.6316725369035643,4.116475588522942,0.33333333333333326,1.0,3.226278881538618,0.3764675398376136,0.2286629033831276,4.369774507663138,0.0,4.369774507663139,2.797582564439989
0.06,30.0,1100.0,50.0,29.98,8406.0,23.7985,897.531,0.0,1.0755,1.0,7.0,1.0,2.422481,4.606465,83.95053,90.0,108.0,0.0,0.0,0.0,0.0,0.36,-0.08935,59.48028,1.570973,187.8,291.1583,896.0,498.8,683.1667,161.6167,0.052172,0.218704,0.117858,2.567103,1.772714,14.15228,1,0,3.9140231917817743,3.349321882025354,0.5647013097564204,13.109323522989415,1.0,0.3333333333333333,3.9140231917817743,1.1164406273417848,1.0454371759646242,1.1651333333333334,0.6859887101493829,1.0,0.3333333333333333,0.0,0.0,0.6666666666666666,0.0,1.168601683553008,0.15549345445197033,8.992847934466473,13.704974162680672,0.3333333333333333,0.0,0.6969581173097494,0.0,0.0,0.0,4.369774507663139,612117.3632,80614.40996,54679.52874,2.997615978155491,3.6316725369035643,4.116475588522942,0.33333333333333326,1.0,3.226278881538618,0.3764675398376136,0.2286629033831276,4.369774507663138,0.0,4.369774507663139,2.797582564439989
0.06,30.0,1100.0,5.0,34.67,9279.0,20.9303,1656.436,0.0,0.7847,1.0,7.0,1.0,2.9036,4.606465,83.95053,90.0,108.0,0.0,0.0,0.0,0.0,0.36,-0.08935,44.20675,1.570973,187.8,291.1583,896.0,498.8,683.1667,161.6167,0.052172,0.218704,0.117858,2.567103,1.772714,14.15228,1,0,3.9140231917817743,3.349321882025354,0.5647013097564204,13.109323522989415,1.0,0.3333333333333333,3.9140231917817743,1.1164406273417848,1.0454371759646242,1.1651333333333334,0.6859887101493829,1.0,0.3333333333333333,0.0,0.0,0.6666666666666666,0.0,1.168601683553008,0.15549345445197033,8.992847934466473,13.704974162680672,0.3333333333333333,0.0,0.6969581173097494,0.0,0.0,0.0,4.369774507663139,612117.3632,80614.40996,54679.52874,2.997615978155491,3.6316725369035643,4.116475588522942,0.33333333333333326,1.0,3.226278881538618,0.3764675398376136,0.2286629033831276,4.369774507663138,0.0,4.369774507663139,2.797582564439989
0.136824,75.0,430.0,5.0,18.64362,3904.9,2.375,514.248,0.0,0.307,1.0,0.0,1.0,1.0,3.805226,107.6883,107.6883,113.099,5.530089,60.68928,60.29456,60.05459,0.363636,0.621327,29.20688,1.0,100.0,240.7,200.0,287.0,520.0,91.0,0.0,0.0,0.0,3.577429,2.821096,19.61863,1,0,0.0,3.022372749292193,3.022372749292193,0.0,0.0,0.2,0.0,0.6044745498584385,0.648074069840786,1.0,0.8391813582966892,0.0,0.4,0.0,0.0,0.4,0.0,3.308658724922432e-09,1.9999999867653653,0.0,0.0,0.0,0.0,0.2592296279363144,0.0,0.0,0.0,0.0,104000.0,26117.0,24070.0,0.0,1.5111863746460965,0.0,0.6,1.0,0.5035088149780135,1.2089490997168773,0.0,0.0,0.0,0.0,0.6044745498584385
0.02,70.0,1081.0,5.0,6.1098,2552.3,0.5185,1205.0,0.0,0.3195,1.0,7.0,1.0,1.0,5.55247,90.0,90.0,90.0,6.298829,90.0,90.0,90.0,0.25,-0.01852,129.5806,1.409199,247.4,299.5,520.0,110.7,500.0,250.0,3.935368,2.757454,15.21722,1.48581,2.0,10.0,1,0,3.5730925544951884,2.8284271247461903,0.7446654297489981,10.106231900362848,0.3,0.0,1.071927766348557,0.0,0.5567764362830022,1.3,0.8938984134242877,0.2,0.0,0.1,0.0,0.2,0.1,1.2632789866145238,0.23265270271284044,9.033944661432274,5.62691178173362,0.0,0.0,0.11135528725660045,0.05567764362830022,0.0,0.0,0.0,260000.0,27675.0,74096.3,0.0,3.200759839620689,1.0722872389305746,0.8,0.9,7.94227445988525,0.14893308594979962,0.0,0.0,0.0,0.0,1.071927766348557
0.176471,70.0,891.0,5.0,1.4325,1756.1,1.447,790.0,0.0,0.699,1.0,7.0,1.0,1.0,5.55247,90.0,90.0,90.0,6.298829,90.0,90.0,90.0,0.25,-0.01852,106.8051,1.409199,247.4,299.5,520.0,110.7,500.0,250.0,3.935368,2.757454,15.21722,1.48581,2.0,10.0,1,0,3.5730925544951884,2.8284271247461903,0.7446654297489981,10.106231900362848,0.3,0.0,1.071927766348557,0.0,0.5567764362830022,1.3,0.8938984134242877,0.2,0.0,0.1,0.0,0.2,0.1,1.2632789866145238,0.23265270271284044,9.033944661432274,5.62691178173362,0.0,0.0,0.11135528725660045,0.05567764362830022,0.0,0.0,0.0,260000.0,27675.0,74096.3,0.0,3.200759839620689,1.0722872389305746,0.8,0.9,7.94227445988525,0.14893308594979962,0.0,0.0,0.0,0.0,1.071927766348557
0.003,70.0,938.4,5.0,4.0565,3112.5,0.935,1122.0,0.0,0.557,1.0,7.0,1.0,1.0,5.55247,90.0,90.0,90.0,6.298829,90.0,90.0,90.0,0.25,-0.01852,112.487,1.409199,247.4,299.5,520.0,110.7,500.0,250.0,3.935368,2.757454,15.21722,1.48581,2.0,10.0,1,0,3.5730925544951884,2.8284271247461903,0.7446654297489981,10.106231900362848,0.3,0.0,1.071927766348557,0.0,0.5567764362830022,1.3,0.8938984134242877,0.2,0.0,0.1,0.0,0.2,0.1,1.2632789866145238,0.23265270271284044,9.033944661432274,5.62691178173362,0.0,0.0,0.11135528725660045,0.05567764362830022,0.0,0.0,0.0,260000.0,27675.0,74096.3,0.0,3.200759839620689,1.0722872389305746,0.8,0.9,7.94227445988525,0.14893308594979962,0.0,0.0,0.0,0.0,1.071927766348557
0.176471,70.0,432.8,5.0,8.8963,1270.137,0.9015,794.114,0.0,0.5575,1.0,1.0,1.0,1.0,5.55247,90.0,90.0,90.0,6.298829,90.0,90.0,90.0,0.25,-0.01852,51.8802,1.409199,247.4,299.5,520.0,110.7,500.0,250.0,3.935368,2.757454,15.21722,1.48581,2.0,10.0,1,0,3.5730925544951884,2.8284271247461903,0.7446654297489981,10.106231900362848,0.3,0.0,1.071927766348557,0.0,0.5567764362830022,1.3,0.8938984134242877,0.2,0.0,0.1,0.0,0.2,0.1,1.2632789866145238,0.23265270271284044,9.033944661432274,5.62691178173362,0.0,0.0,0.11135528725660045,0.05567764362830022,0.0,0.0,0.0,260000.0,27675.0,74096.3,0.0,3.200759839620689,1.0722872389305746,0.8,0.9,7.94227445988525,0.14893308594979962,0.0,0.0,0.0,0.0,1.071927766348557
0.176471,70.0,889.4,5.0,5.3413,1374.4,1.172,834.122,0.0,0.721,1.0,3.0,1.0,1.0,5.55247,90.0,90.0,90.0,6.298829,90.0,90.0,90.0,0.25,-0.01852,106.6133,1.409199,247.4,299.5,520.0,110.7,500.0,250.0,3.935368,2.757454,15.21722,1.48581,2.0,10.0,1,0,3.5730925544951884,2.8284271247461903,0.7446654297489981,10.106231900362848,0.3,0.0,1.071927766348557,0.0,0.5567764362830022,1.3,0.8938984134242877,0.2,0.0,0.1,0.0,0.2,0.1,1.2632789866145238,0.23265270271284044,9.033944661432274,5.62691178173362,0.0,0.0,0.11135528725660045,0.05567764362830022,0.0,0.0,0.0,260000.0,27675.0,74096.3,0.0,3.200759839620689,1.0722872389305746,0.8,0.9,7.94227445988525,0.14893308594979962,0.0,0.0,0.0,0.0,1.071927766348557
0.176471,70.0,891.0,5.0,1.5085,1402.836,1.3605,777.251,0.0,0.7625,1.0,5.0,1.0,1.0,5.55247,90.0,90.0,90.0,6.298829,90.0,90.0,90.0,0.25,-0.01852,106.8051,1.409199,247.4,299.5,520.0,110.7,500.0,250.0,3.935368,2.757454,15.21722,1.48581,2.0,10.0,1,0,3.5730925544951884,2.8284271247461903,0.7446654297489981,10.106231900362848,0.3,0.0,1.071927766348557,0.0,0.5567764362830022,1.3,0.8938984134242877,0.2,0.0,0.1,0.0,0.2,0.1,1.2632789866145238,0.23265270271284044,9.033944661432274,5.62691178173362,0.0,0.0,0.11135528725660045,0.05567764362830022,0.0,0.0,0.0,260000.0,27675.0,74096.3,0.0,3.200759839620689,1.0722872389305746,0.8,0.9,7.94227445988525,0.14893308594979962,0.0,0.0,0.0,0.0,1.071927766348557
0.02,70.0,1026.4,5.0,12.4824,1727.219,0.483,520.6185,0.0,0.137,1.0,0.5,1.0,1.0,5.55247,90.0,90.0,90.0,6.298829,90.0,90.0,90.0,0.25,-0.01852,123.0357,1.409199,247.4,299.5,520.0,110.7,500.0,250.0,3.935368,2.757454,15.21722,1.48581,2.0,10.0,1,0,3.5730925544951884,2.8284271247461903,0.7446654297489981,10.106231900362848,0.3,0.0,1.071927766348557,0.0,0.5567764362830022,1.3,0.8938984134242877,0.2,0.0,0.1,0.0,0.2,0.1,1.2632789866145238,0.23265270271284044,9.033944661432274,5.62691178173362,0.0,0.0,0.11135528725660045,0.05567764362830022,0.0,0.0,0.0,260000.0,27675.0,74096.3,0.0,3.200759839620689,1.0722872389305746,0.8,0.9,7.94227445988525,0.14893308594979962,0.0,0.0,0.0,0.0,1.071927766348557
0.02,70.0,1191.0,5.0,12.4824,1739.615,0.502,731.249,0.0,0.213,1.0,1.0,1.0,1.0,5.55247,90.0,90.0,90.0,6.298829,90.0,90.0,90.0,0.25,-0.01852,142.7665,1.409199,247.4,299.5,520.0,110.7,500.0,250.0,3.935368,2.757454,15.21722,1.48581,2.0,10.0,1,0,3.5730925544951884,2.8284271247461903,0.7446654297489981,10.106231900362848,0.3,0.0,1.071927766348557,0.0,0.5567764362830022,1.3,0.8938984134242877,0.2,0.0,0.1,0.0,0.2,0.1,1.2632789866145238,0.23265270271284044,9.033944661432274,5.62691178173362,0.0,0.0,0.11135528725660045,0.05567764362830022,0.0,0.0,0.0,260000.0,27675.0,74096.3,0.0,3.200759839620689,1.0722872389305746,0.8,0.9,7.94227445988525,0.14893308594979962,0.0,0.0,0.0,0.0,1.071927766348557
0.02,70.0,1081.0,5.0,12.4824,1673.497,0.56,731.249,0.0,0.372,1.0,3.0,1.0,1.0,5.55247,90.0,90.0,90.0,6.298829,90.0,90.0,90.0,0.25,-0.01852,129.5806,1.409199,247.4,299.5,520.0,110.7,500.0,250.0,3.935368,2.757454,15.21722,1.48581,2.0,10.0,1,0,3.5730925544951884,2.8284271247461903,0.7446654297489981,10.106231900362848,0.3,0.0,1.071927766348557,0.0,0.5567764362830022,1.3,0.8938984134242877,0.2,0.0,0.1,0.0,0.2,0.1,1.2632789866145238,0.23265270271284044,9.033944661432274,5.62691178173362,0.0,0.0,0.11135528725660045,0.05567764362830022,0.0,0.0,0.0,260000.0,27675.0,74096.3,0.0,3.200759839620689,1.0722872389305746,0.8,0.9,7.94227445988525,0.14893308594979962,0.0,0.0,0.0,0.0,1.071927766348557
0.02,70.0,1191.0,5.0,10.134,1674.5,0.613,1162.12,0.0,0.425,1.0,5.0,1.0,1.0,5.55247,90.0,90.0,90.0,6.298829,90.0,90.0,90.0,0.25,-0.01852,142.7665,1.409199,247.4,299.5,520.0,110.7,500.0,250.0,3.935368,2.757454,15.21722,1.48581,2.0,10.0,1,0,3.5730925544951884,2.8284271247461903,0.7446654297489981,10.106231900362848,0.3,0.0,1.071927766348557,0.0,0.5567764362830022,1.3,0.8938984134242877,0.2,0.0,0.1,0.0,0.2,0.1,1.2632789866145238,0.23265270271284044,9.033944661432274,5.62691178173362,0.0,0.0,0.11135528725660045,0.05567764362830022,0.0,0.0,0.0,260000.0,27675.0,74096.3,0.0,3.200759839620689,1.0722872389305746,0.8,0.9,7.94227445988525,0.14893308594979962,0.0,0.0,0.0,0.0,1.071927766348557
0.003,70.0,648.8,5.0,4.0565,3099.49,0.638,241.702,0.0,0.07,1.0,0.5,1.0,1.0,5.55247,90.0,90.0,90.0,6.298829,90.0,90.0,90.0,0.25,-0.01852,77.77235,1.409199,247.4,299.5,520.0,110.7,500.0,250.0,3.935368,2.757454,15.21722,1.48581,2.0,10.0,1,0,3.5730925544951884,2.8284271247461903,0.7446654297489981,10.106231900362848,0.3,0.0,1.071927766348557,0.0,0.5567764362830022,1.3,0.8938984134242877,0.2,0.0,0.1,0.0,0.2,0.1,1.2632789866145238,0.23265270271284044,9.033944661432274,5.62691178173362,0.0,0.0,0.11135528725660045,0.05567764362830022,0.0,0.0,0.0,260000.0,27675.0,74096.3,0.0,3.200759839620689,1.0722872389305746,0.8,0.9,7.94227445988525,0.14893308594979962,0.0,0.0,0.0,0.0,1.071927766348557
0.003,70.0,648.8,5.0,4.0565,3049.729,0.638,405.171,0.0,0.113,1.0,1.0,1.0,1.0,5.55247,90.0,90.0,90.0,6.298829,90.0,90.0,90.0,0.25,-0.01852,77.77235,1.409199,247.4,299.5,520.0,110.7,500.0,250.0,3.935368,2.757454,15.21722,1.48581,2.0,10.0,1,0,3.5730925544951884,2.8284271247461903,0.7446654297489981,10.106231900362848,0.3,0.0,1.071927766348557,0.0,0.5567764362830022,1.3,0.8938984134242877,0.2,0.0,0.1,0.0,0.2,0.1,1.2632789866145238,0.23265270271284044,9.033944661432274,5.62691178173362,0.0,0.0,0.11135528725660045,0.05567764362830022,0.0,0.0,0.0,260000.0,27675.0,74096.3,0.0,3.200759839620689,1.0722872389305746,0.8,0.9,7.94227445988525,0.14893308594979962,0.0,0.0,0.0,0.0,1.071927766348557
0.003,70.0,889.4,5.0,4.2597,2950.1,0.6535,831.64,0.0,0.2295,1.0,3.0,1.0,1.0,5.55247,90.0,90.0,90.0,6.298829,90.0,90.0,90.0,0.25,-0.01852,106.6133,1.409199,247.4,299.5,520.0,110.7,500.0,250.0,3.935368,2.757454,15.21722,1.48581,2.0,10.0,1,0,3.5730925544951884,2.8284271247461903,0.7446654297489981,10.106231900362848,0.3,0.0,1.071927766348557,0.0,0.5567764362830022,1.3,0.8938984134242877,0.2,0.0,0.1,0.0,0.2,0.1,1.2632789866145238,0.23265270271284044,9.033944661432274,5.62691178173362,0.0,0.0,0.11135528725660045,0.05567764362830022,0.0,0.0,0.0,260000.0,27675.0,74096.3,0.0,3.200759839620689,1.0722872389305746,0.8,0.9,7.94227445988525,0.14893308594979962,0.0,0.0,0.0,0.0,1.071927766348557
0.003,70.0,948.0,5.0,4.0565,2865.0,0.669,1088.0,0.0,0.303,1.0,5.0,1.0,1.0,5.55247,90.0,90.0,90.0,6.298829,90.0,90.0,90.0,0.25,-0.01852,113.6378,1.409199,247.4,299.5,520.0,110.7,500.0,250.0,3.935368,2.757454,15.21722,1.48581,2.0,10.0,1,0,3.5730925544951884,2.8284271247461903,0.7446654297489981,10.106231900362848,0.3,0.0,1.071927766348557,0.0,0.5567764362830022,1.3,0.8938984134242877,0.2,0.0,0.1,0.0,0.2,0.1,1.2632789866145238,0.23265270271284044,9.033944661432274,5.62691178173362,0.0,0.0,0.11135528725660045,0.05567764362830022,0.0,0.0,0.0,260000.0,27675.0,74096.3,0.0,3.200759839620689,1.0722872389305746,0.8,0.9,7.94227445988525,0.14893308594979962,0.0,0.0,0.0,0.0,1.071927766348557
0.191083,70.0,880.2,10.0,68.9,17900.0,50.0,900.0,0.0,3.67,1.0,7.0,1.0,1.0,5.142692,74.87634,90.0,90.0,3.011828,107.295,89.50258,120.0378,0.444444,-0.17065,109.1489,1.708366,275.0,266.0,685.7143,201.4286,750.0,250.0,2.897249,1.443376,11.54701,2.932331,2.0,10.0,1,0,3.7158067079548327,3.350705235476804,0.3651014724780288,12.450572990364083,0.4285714285714285,0.5,1.5924885891234997,1.675352617738402,0.662401321106836,1.2857142857142856,0.8542421961772493,0.4285714285714285,0.5,0.0,0.0,0.0714285714285714,0.0,1.1089625752581156,0.10333286757805993,10.635804814953756,8.247275997354258,0.21428571428571425,0.0,0.04731438007905969,0.0,0.0,0.0,2.6679799265065895,514285.725,50357.149999999994,73150.0,2.2791010317758045,3.5332559717158185,1.8147681754103269,0.9285714285714285,1.0,10.66932936747879,0.026078676605573475,0.18305189918083908,2.6679799265065887,0.0,2.6679799265065895,0.08286402861490227
0.182927,70.0,930.2,10.0,68.8,15800.0,51.5,500.0,0.0,1.9,1.0,7.0,1.0,1.0,5.142692,74.87634,90.0,90.0,3.011828,107.295,89.50258,120.0378,0.444444,-0.17065,115.3491,1.708366,275.0,266.0,685.7143,201.4286,750.0,250.0,2.897249,1.443376,11.54701,2.932331,2.0,10.0,1,0,3.7158067079548327,3.350705235476804,0.3651014724780288,12.450572990364083,0.4285714285714285,0.5,1.5924885891234997,1.675352617738402,0.662401321106836,1.2857142857142856,0.8542421961772493,0.4285714285714285,0.5,0.0,0.0,0.0714285714285714,0.0,1.1089625752581156,0.10333286757805993,10.635804814953756,8.247275997354258,0.21428571428571425,0.0,0.04731438007905969,0.0,0.0,0.0,2.6679799265065895,514285.725,50357.149999999994,73150.0,2.2791010317758045,3.5332559717158185,1.8147681754103269,0.9285714285714285,1.0,10.66932936747879,0.026078676605573475,0.18305189918083908,2.6679799265065887,0.0,2.6679799265065895,0.08286402861490227
0.29703,70.0,826.2,10.0,58.67,400.0,19.3539,8.8,1.0,0.2468,0.0,0.0,1.0,1.0,5.142692,74.87634,90.0,90.0,3.011828,107.295,89.50258,120.0378,0.444444,0.09215,102.4527,1.708366,275.0,266.0,685.7143,201.4286,750.0,250.0,2.897249,1.443376,11.54701,2.932331,2.0,10.0,1,0,3.7158067079548327,3.350705235476804,0.3651014724780288,12.450572990364083,0.4285714285714285,0.5,1.5924885891234997,1.675352617738402,0.662401321106836,1.2857142857142856,0.8542421961772493,0.4285714285714285,0.5,0.0,0.0,0.0714285714285714,0.0,1.1089625752581156,0.10333286757805993,10.635804814953756,8.247275997354258,0.21428571428571425,0.0,0.04731438007905969,0.0,0.0,0.0,2.6679799265065895,514285.725,50357.149999999994,73150.0,2.2791010317758045,3.5332559717158185,1.8147681754103269,0.9285714285714285,1.0,10.66932936747879,0.026078676605573475,0.18305189918083908,2.6679799265065887,0.0,2.6679799265065895,0.08286402861490227
0.202703,70.0,930.4,10.0,50.335,17500.0,37.5,100.0,0.0,0.832,1.0,0.0,1.0,1.0,5.142692,74.87634,90.0,90.0,3.011828,107.295,89.50258,120.0378,0.444444,0.09215,115.3739,1.708366,275.0,266.0,685.7143,201.4286,750.0,250.0,2.897249,1.443376,11.54701,2.932331,2.0,10.0,1,0,3.7158067079548327,3.350705235476804,0.3651014724780288,12.450572990364083,0.4285714285714285,0.5,1.5924885891234997,1.675352617738402,0.662401321106836,1.2857142857142856,0.8542421961772493,0.4285714285714285,0.5,0.0,0.0,0.0714285714285714,0.0,1.1089625752581156,0.10333286757805993,10.635804814953756,8.247275997354258,0.21428571428571425,0.0,0.04731438007905969,0.0,0.0,0.0,2.6679799265065895,514285.725,50357.149999999994,73150.0,2.2791010317758045,3.5332559717158185,1.8147681754103269,0.9285714285714285,1.0,10.66932936747879,0.026078676605573475,0.18305189918083908,2.6679799265065887,0.0,2.6679799265065895,0.08286402861490227
0.191083,70.0,930.4,10.0,54.667,17200.0,42.5,926.0,0.0,1.5,1.0,0.0,1.0,1.0,5.142692,74.87634,90.0,90.0,3.011828,107.295,89.50258,120.0378,0.444444,0.09215,115.3739,1.708366,275.0,266.0,685.7143,201.4286,750.0,250.0,2.897249,1.443376,11.54701,2.932331,2.0,10.0,1,0,3.7158067079548327,3.350705235476804,0.3651014724780288,12.450572990364083,0.4285714285714285,0.5,1.5924885891234997,1.675352617738402,0.662401321106836,1.2857142857142856,0.8542421961772493,0.4285714285714285,0.5,0.0,0.0,0.0714285714285714,0.0,1.1089625752581156,0.10333286757805993,10.635804814953756,8.247275997354258,0.21428571428571425,0.0,0.04731438007905969,0.0,0.0,0.0,2.6679799265065895,514285.725,50357.149999999994,73150.0,2.2791010317758045,3.5332559717158185,1.8147681754103269,0.9285714285714285,1.0,10.66932936747879,0.026078676605573475,0.18305189918083908,2.6679799265065887,0.0,2.6679799265065895,0.08286402861490227
0.182927,70.0,930.8,10.0,70.67,15000.0,46.67,602.0,0.0,0.67,1.0,0.0,1.0,1.0,5.142692,74.87634,90.0,90.0,3.011828,107.295,89.50258,120.0378,0.444444,0.09215,115.4235,1.708366,275.0,266.0,685.7143,201.4286,750.0,250.0,2.897249,1.443376,11.54701,2.932331,2.0,10.0,1,0,3.7158067079548327,3.350705235476804,0.3651014724780288,12.450572990364083,0.4285714285714285,0.5,1.5924885891234997,1.675352617738402,0.662401321106836,1.2857142857142856,0.8542421961772493,0.4285714285714285,0.5,0.0,0.0,0.0714285714285714,0.0,1.1089625752581156,0.10333286757805993,10.635804814953756,8.247275997354258,0.21428571428571425,0.0,0.04731438007905969,0.0,0.0,0.0,2.6679799265065895,514285.725,50357.149999999994,73150.0,2.2791010317758045,3.5332559717158185,1.8147681754103269,0.9285714285714285,1.0,10.66932936747879,0.026078676605573475,0.18305189918083908,2.6679799265065887,0.0,2.6679799265065895,0.08286402861490227
0.1875,20.0,952.8,2.0,24.144,790.261,2.65,48.339,0.0,0.22,1.0,0.0,0.805996,1.0,5.512634,96.2034,96.2034,141.6175,5.142692,74.87634,90.0,90.0,0.444444,-0.33,116.81,1.0,263.5,275.0,700.0,235.0,685.7143,201.4286,3.055028,1.428571,10.0,2.897249,1.443376,11.54701,1,0,3.863703305156273,3.7158067079548327,0.1478965972014401,14.356774658846936,0.5,0.4285714285714285,1.9318516525781364,1.5924885891234997,0.101015254455221,1.4999999999999998,0.996615895540124,0.5,0.4285714285714285,0.0,0.0,0.0714285714285714,0.0,1.0398020156664236,0.039025371443629865,14.308189833694497,1.450253245319692,0.21428571428571425,0.0,0.007215375318230068,0.0,0.0,0.0,3.0764517126100577,480000.01,47335.721,72462.5,3.0660406786488204,3.789755006555553,0.04858482515243901,0.9285714285714285,1.0,14.211605320003574,0.010564042657245717,0.21356054904431224,3.0764517126100572,0.0,3.0764517126100577,0.33936306345463674
0.09375,20.0,1388.0,2.0,29.41,790.0,4.275,49.0,0.0,2.035,1.0,0.0,1.0,1.0,5.512634,96.2034,96.2034,141.6175,5.142692,74.87634,90.0,90.0,0.444444,-0.33,170.164,1.0,263.5,275.0,700.0,235.0,685.7143,201.4286,3.055028,1.428571,10.0,2.897249,1.443376,11.54701,1,0,3.863703305156273,3.7158067079548327,0.1478965972014401,14.356774658846936,0.5,0.4285714285714285,1.9318516525781364,1.5924885891234997,0.101015254455221,1.4999999999999998,0.996615895540124,0.5,0.4285714285714285,0.0,0.0,0.0714285714285714,0.0,1.0398020156664236,0.039025371443629865,14.308189833694497,1.450253245319692,0.21428571428571425,0.0,0.007215375318230068,0.0,0.0,0.0,3.0764517126100577,480000.01,47335.721,72462.5,3.0660406786488204,3.789755006555553,0.04858482515243901,0.9285714285714285,1.0,14.211605320003574,0.010564042657245717,0.21356054904431224,3.0764517126100572,0.0,3.0764517126100577,0.33936306345463674
0.459279,20.0,909.6,2.0,48.16,605.0,7.811,8.0,0.0,1.587,1.0,0.0,0.671139,1.0,5.512634,96.2034,96.2034,141.6175,5.142692,74.87634,90.0,90.0,0.444444,-0.33,111.5138,1.0,263.5,275.0,700.0,235.0,685.7143,201.4286,3.055028,1.428571,10.0,2.897249,1.443376,11.54701,1,0,3.863703305156273,3.7158067079548327,0.1478965972014401,14.356774658846936,0.5,0.4285714285714285,1.9318516525781364,1.5924885891234997,0.101015254455221,1.4999999999999998,0.996615895540124,0.5,0.4285714285714285,0.0,0.0,0.0714285714285714,0.0,1.0398020156664236,0.039025371443629865,14.308189833694497,1.450253245319692,0.21428571428571425,0.0,0.007215375318230068,0.0,0.0,0.0,3.0764517126100577,480000.01,47335.721,72462.5,3.0660406786488204,3.789755006555553,0.04858482515243901,0.9285714285714285,1.0,14.211605320003574,0.010564042657245717,0.21356054904431224,3.0764517126100572,0.0,3.0764517126100577,0.33936306345463674
0.09375,20.0,777.0,2.0,29.5,887.25,4.1,42.75,1.0,0.323,1.0,0.0,1.0,1.0,5.512634,96.2034,96.2034,141.6175,5.142692,74.87634,90.0,90.0,0.444444,-0.33,95.25754,1.0,263.5,275.0,700.0,235.0,685.7143,201.4286,3.055028,1.428571,10.0,2.897249,1.443376,11.54701,1,0,3.863703305156273,3.7158067079548327,0.1478965972014401,14.356774658846936,0.5,0.4285714285714285,1.9318516525781364,1.5924885891234997,0.101015254455221,1.4999999999999998,0.996615895540124,0.5,0.4285714285714285,0.0,0.0,0.0714285714285714,0.0,1.0398020156664236,0.039025371443629865,14.308189833694497,1.450253245319692,0.21428571428571425,0.0,0.007215375318230068,0.0,0.0,0.0,3.0764517126100577,480000.01,47335.721,72462.5,3.0660406786488204,3.789755006555553,0.04858482515243901,0.9285714285714285,1.0,14.211605320003574,0.010564042657245717,0.21356054904431224,3.0764517126100572,0.0,3.0764517126100577,0.33936306345463674
0.1875,20.0,659.0,2.0,27.42,690.8,2.532,20.822,1.0,0.65,1.0,0.0,0.805996,1.0,5.512634,96.2034,96.2034,141.6175,5.142692,74.87634,90.0,90.0,0.444444,-0.33,80.79114,1.0,263.5,275.0,700.0,235.0,685.7143,201.4286,3.055028,1.428571,10.0,2.897249,1.443376,11.54701,1,0,3.863703305156273,3.7158067079548327,0.1478965972014401,14.356774658846936,0.5,0.4285714285714285,1.9318516525781364,1.5924885891234997,0.101015254455221,1.4999999999999998,0.996615895540124,0.5,0.4285714285714285,0.0,0.0,0.0714285714285714,0.0,1.0398020156664236,0.039025371443629865,14.308189833694497,1.450253245319692,0.21428571428571425,0.0,0.007215375318230068,0.0,0.0,0.0,3.0764517126100577,480000.01,47335.721,72462.5,3.0660406786488204,3.789755006555553,0.04858482515243901,0.9285714285714285,1.0,14.211605320003574,0.010564042657245717,0.21356054904431224,3.0764517126100572,0.0,3.0764517126100577,0.33936306345463674
0.1875,20.0,741.6,2.0,25.07,2368.5,6.7,1499.18,0.0,3.759,1.0,1.0,0.805996,1.0,5.512634,96.2034,96.2034,141.6175,5.142692,74.87634,90.0,90.0,0.444444,-0.33,90.91762,1.0,263.5,275.0,700.0,235.0,685.7143,201.4286,3.055028,1.428571,10.0,2.897249,1.443376,11.54701,1,0,3.863703305156273,3.7158067079548327,0.1478965972014401,14.356774658846936,0.5,0.4285714285714285,1.9318516525781364,1.5924885891234997,0.101015254455221,1.4999999999999998,0.996615895540124,0.5,0.4285714285714285,0.0,0.0,0.0714285714285714,0.0,1.0398020156664236,0.039025371443629865,14.308189833694497,1.450253245319692,0.21428571428571425,0.0,0.007215375318230068,0.0,0.0,0.0,3.0764517126100577,480000.01,47335.721,72462.5,3.0660406786488204,3.789755006555553,0.04858482515243901,0.9285714285714285,1.0,14.211605320003574,0.010564042657245717,0.21356054904431224,3.0764517126100572,0.0,3.0764517126100577,0.33936306345463674
0.459279,20.0,909.6,2.0,48.65,594.963,8.066,7.963,0.0,1.482,1.0,0.0,0.671139,1.0,5.512634,96.2034,96.2034,141.6175,5.142692,74.87634,90.0,90.0,0.444444,-0.33,111.5138,1.0,263.5,275.0,700.0,235.0,685.7143,201.4286,3.055028,1.428571,10.0,2.897249,1.443376,11.54701,1,0,3.863703305156273,3.7158067079548327,0.1478965972014401,14.356774658846936,0.5,0.4285714285714285,1.9318516525781364,1.5924885891234997,0.101015254455221,1.4999999999999998,0.996615895540124,0.5,0.4285714285714285,0.0,0.0,0.0714285714285714,0.0,1.0398020156664236,0.039025371443629865,14.308189833694497,1.450253245319692,0.21428571428571425,0.0,0.007215375318230068,0.0,0.0,0.0,3.0764517126100577,480000.01,47335.721,72462.5,3.0660406786488204,3.789755006555553,0.04858482515243901,0.9285714285714285,1.0,14.211605320003574,0.010564042657245717,0.21356054904431224,3.0764517126100572,0.0,3.0764517126100577,0.33936306345463674
0.459279,20.0,887.2,2.0,50.5,595.0,12.9225,310.088,0.0,6.8295,1.0,1.0,0.671139,1.0,5.512634,96.2034,96.2034,141.6175,5.142692,74.87634,90.0,90.0,0.444444,-0.33,108.7677,1.0,263.5,275.0,700.0,235.0,685.7143,201.4286,3.055028,1.428571,10.0,2.897249,1.443376,11.54701,1,0,3.863703305156273,3.7158067079548327,0.1478965972014401,14.356774658846936,0.5,0.4285714285714285,1.9318516525781364,1.5924885891234997,0.101015254455221,1.4999999999999998,0.996615895540124,0.5,0.4285714285714285,0.0,0.0,0.0714285714285714,0.0,1.0398020156664236,0.039025371443629865,14.308189833694497,1.450253245319692,0.21428571428571425,0.0,0.007215375318230068,0.0,0.0,0.0,3.0764517126100577,480000.01,47335.721,72462.5,3.0660406786488204,3.789755006555553,0.04858482515243901,0.9285714285714285,1.0,14.211605320003574,0.010564042657245717,0.21356054904431224,3.0764517126100572,0.0,3.0764517126100577,0.33936306345463674
0.069525,40.0,140.0,5.0,2.9516,1486.788,0.2417,1662.94,0.0,0.2669,1.0,0.5,0.243268,6.804983,2.920997,90.0,90.0,90.0,0.0,0.0,0.0,0.0,0.333333,-0.0535,71.89326,1.2685,281.0,0.0,633.3333,136.6667,0.0,0.0,3.170657,0.744323,14.14214,0.0,-2.22e-16,0.0,0,0,3.8576446775306654,0.0,3.8576446775306654,0.0,0.3333333333333333,0.0,1.2858815591768884,0.0,1.247219128924647,0.0,0.0,0.3333333333333333,0.0,0.0,0.0,0.3333333333333333,0.0,385764468.75306654,1.9999999896309788,0.0,0.0,0.0,0.0,0.415739709641549,0.0,0.0,0.0,0.0,0.0,0.0,0.0,0.0,1.9288223387653327,0.0,0.6666666666666667,1.0,0.0,1.2858815591768884,0.0,0.0,0.0,0.0,1.2858815591768884
0.069525,40.0,140.0,5.0,3.3,2000.135,0.324,1340.891,0.0,0.213,1.0,2.0,0.243268,6.804983,2.920997,90.0,90.0,90.0,0.0,0.0,0.0,0.0,0.333333,-0.0535,71.89326,1.2685,281.0,0.0,633.3333,136.6667,0.0,0.0,3.170657,0.744323,14.14214,0.0,-2.22e-16,0.0,0,0,3.8576446775306654,0.0,3.8576446775306654,0.0,0.3333333333333333,0.0,1.2858815591768884,0.0,1.247219128924647,0.0,0.0,0.3333333333333333,0.0,0.0,0.0,0.3333333333333333,0.0,385764468.75306654,1.9999999896309788,0.0,0.0,0.0,0.0,0.415739709641549,0.0,0.0,0.0,0.0,0.0,0.0,0.0,0.0,1.9288223387653327,0.0,0.6666666666666667,1.0,0.0,1.2858815591768884,0.0,0.0,0.0,0.0,1.2858815591768884
0.069525,40.0,140.0,5.0,4.353,2941.27,0.4745,400.094,0.0,0.0575,1.0,3.0,0.243268,6.804983,2.920997,90.0,90.0,90.0,0.0,0.0,0.0,0.0,0.333333,-0.0535,71.89326,1.2685,281.0,0.0,633.3333,136.6667,0.0,0.0,3.170657,0.744323,14.14214,0.0,-2.22e-16,0.0,0,0,3.8576446775306654,0.0,3.8576446775306654,0.0,0.3333333333333333,0.0,1.2858815591768884,0.0,1.247219128924647,0.0,0.0,0.3333333333333333,0.0,0.0,0.0,0.3333333333333333,0.0,385764468.75306654,1.9999999896309788,0.0,0.0,0.0,0.0,0.415739709641549,0.0,0.0,0.0,0.0,0.0,0.0,0.0,0.0,1.9288223387653327,0.0,0.6666666666666667,1.0,0.0,1.2858815591768884,0.0,0.0,0.0,0.0,1.2858815591768884
0.069525,40.0,140.0,5.0,6.77,3364.891,0.537,70.437,0.0,0.019,1.0,5.0,0.243268,6.804983,2.920997,90.0,90.0,90.0,0.0,0.0,0.0,0.0,0.333333,-0.0535,71.89326,1.2685,281.0,0.0,633.3333,136.6667,0.0,0.0,3.170657,0.744323,14.14214,0.0,-2.22e-16,0.0,0,0,3.8576446775306654,0.0,3.8576446775306654,0.0,0.3333333333333333,0.0,1.2858815591768884,0.0,1.247219128924647,0.0,0.0,0.3333333333333333,0.0,0.0,0.0,0.3333333333333333,0.0,385764468.75306654,1.9999999896309788,0.0,0.0,0.0,0.0,0.415739709641549,0.0,0.0,0.0,0.0,0.0,0.0,0.0,0.0,1.9288223387653327,0.0,0.6666666666666667,1.0,0.0,1.2858815591768884,0.0,0.0,0.0,0.0,1.2858815591768884
0.069525,20.0,140.0,5.0,3.475,1986.65,0.329,1291.25,0.0,0.224,1.0,2.0,0.243268,6.804983,2.920997,90.0,90.0,90.0,0.0,0.0,0.0,0.0,0.333333,-0.0535,71.89326,1.2685,281.0,0.0,633.3333,136.6667,0.0,0.0,3.170657,0.744323,14.14214,0.0,-2.22e-16,0.0,0,0,3.8576446775306654,0.0,3.8576446775306654,0.0,0.3333333333333333,0.0,1.2858815591768884,0.0,1.247219128924647,0.0,0.0,0.3333333333333333,0.0,0.0,0.0,0.3333333333333333,0.0,385764468.75306654,1.9999999896309788,0.0,0.0,0.0,0.0,0.415739709641549,0.0,0.0,0.0,0.0,0.0,0.0,0.0,0.0,1.9288223387653327,0.0,0.6666666666666667,1.0,0.0,1.2858815591768884,0.0,0.0,0.0,0.0,1.2858815591768884
0.069525,20.0,140.0,10.0,3.1,2466.65,0.3815,146.65,0.0,0.0225,1.0,2.0,0.243268,6.804983,2.920997,90.0,90.0,90.0,0.0,0.0,0.0,0.0,0.333333,-0.0535,71.89326,1.2685,281.0,0.0,633.3333,136.6667,0.0,0.0,3.170657,0.744323,14.14214,0.0,-2.22e-16,0.0,0,0,3.8576446775306654,0.0,3.8576446775306654,0.0,0.3333333333333333,0.0,1.2858815591768884,0.0,1.247219128924647,0.0,0.0,0.3333333333333333,0.0,0.0,0.0,0.3333333333333333,0.0,385764468.75306654,1.9999999896309788,0.0,0.0,0.0,0.0,0.415739709641549,0.0,0.0,0.0,0.0,0.0,0.0,0.0,0.0,1.9288223387653327,0.0,0.6666666666666667,1.0,0.0,1.2858815591768884,0.0,0.0,0.0,0.0,1.2858815591768884
0.069525,20.0,140.0,20.0,2.658,1893.5,0.2985,25.1,0.0,0.0005,0.0,2.0,0.243268,6.804983,2.920997,90.0,90.0,90.0,0.0,0.0,0.0,0.0,0.333333,-0.0535,71.89326,1.2685,281.0,0.0,633.3333,136.6667,0.0,0.0,3.170657,0.744323,14.14214,0.0,-2.22e-16,0.0,0,0,3.8576446775306654,0.0,3.8576446775306654,0.0,0.3333333333333333,0.0,1.2858815591768884,0.0,1.247219128924647,0.0,0.0,0.3333333333333333,0.0,0.0,0.0,0.3333333333333333,0.0,385764468.75306654,1.9999999896309788,0.0,0.0,0.0,0.0,0.415739709641549,0.0,0.0,0.0,0.0,0.0,0.0,0.0,0.0,1.9288223387653327,0.0,0.6666666666666667,1.0,0.0,1.2858815591768884,0.0,0.0,0.0,0.0,1.2858815591768884
0.069525,20.0,140.0,30.0,2.171,960.1,0.123,53.9,1.0,0.017,0.0,2.0,0.243268,6.804983,2.920997,90.0,90.0,90.0,0.0,0.0,0.0,0.0,0.333333,-0.0535,71.89326,1.2685,281.0,0.0,633.3333,136.6667,0.0,0.0,3.170657,0.744323,14.14214,0.0,-2.22e-16,0.0,0,0,3.8576446775306654,0.0,3.8576446775306654,0.0,0.3333333333333333,0.0,1.2858815591768884,0.0,1.247219128924647,0.0,0.0,0.3333333333333333,0.0,0.0,0.0,0.3333333333333333,0.0,385764468.75306654,1.9999999896309788,0.0,0.0,0.0,0.0,0.415739709641549,0.0,0.0,0.0,0.0,0.0,0.0,0.0,0.0,1.9288223387653327,0.0,0.6666666666666667,1.0,0.0,1.2858815591768884,0.0,0.0,0.0,0.0,1.2858815591768884
0.12,50.0,1278.0,15.0,5.6,1804.0,0.2445,1175.27,0.0,0.0755,1.0,1.0,0.873581,1.0,6.348074,117.493,89.99976,117.6525,3.433963,89.99989,60.03562,59.97819,0.444444,0.208333,139.6535,1.000536,263.0,249.5,642.8571,175.7143,650.0,205.0,3.556302,0.7698,11.54701,3.787575,0.769231,10.0,1,0,4.151706835469087,4.372253453922903,0.2205466184538167,18.15231455105504,0.4285714285714285,0.5,1.7793029294867513,2.186126726961452,0.101015254455221,1.4999999999999998,0.996615895540124,0.4285714285714285,0.5,0.0,0.0,0.0714285714285714,0.0,0.9495576776887183,0.05174745316700054,18.09088522242574,1.8336606733260354,0.21428571428571425,0.0,0.007215375318230068,0.0,0.0,0.0,3.889781689511795,417857.115,36021.4315,65618.5,3.876618261948372,4.261980144695995,0.06142932862929782,0.9285714285714285,1.0,17.7241081809683,0.01575332988955833,0.21356054904431224,3.889781689511793,0.0,3.889781689511795,0.4068237974747009
0.12,50.0,1278.0,30.0,5.7,500.0,0.51,178.46,0.0,0.277,1.0,1.0,0.873581,1.0,6.348074,117.493,89.99976,117.6525,3.433963,89.99989,60.03562,59.97819,0.444444,0.208333,139.6535,1.000536,263.0,249.5,642.8571,175.7143,650.0,205.0,3.556302,0.7698,11.54701,3.787575,0.769231,10.0,1,0,4.151706835469087,4.372253453922903,0.2205466184538167,18.15231455105504,0.4285714285714285,0.5,1.7793029294867513,2.186126726961452,0.101015254455221,1.4999999999999998,0.996615895540124,0.4285714285714285,0.5,0.0,0.0,0.0714285714285714,0.0,0.9495576776887183,0.05174745316700054,18.09088522242574,1.8336606733260354,0.21428571428571425,0.0,0.007215375318230068,0.0,0.0,0.0,3.889781689511795,417857.115,36021.4315,65618.5,3.876618261948372,4.261980144695995,0.06142932862929782,0.9285714285714285,1.0,17.7241081809683,0.01575332988955833,0.21356054904431224,3.889781689511793,0.0,3.889781689511795,0.4068237974747009
0.030612,20.0,950.0,10.0,230.231,717.3,28.43,44.2,0.0,2.07,1.0,2.0,1.0,1.0,2.843446,90.0,90.0,90.0,3.009789,60.0,60.0,60.0,0.5,0.782343,236.7276,1.0,185.5,237.5,850.0,485.0,400.0,183.0,0.134771,0.588235,0.309278,4.484211,5.0,10.0,1,0,4.385981415886887,1.4142135623730951,2.971767853513792,6.202714402663586,1.0,0.0,4.385981415886887,0.0,0.8660254037844386,1.0,0.7302967433402215,1.0,0.0,0.0,0.0,1.0,0.0,3.1013571864729537,1.0247130844412307,4.529822128134705,5.371708245126285,0.0,0.0,0.8660254037844386,0.0,0.0,0.0,0.0,340000.0,88755.0,44056.25,0.0,2.900097489129991,1.6728922745288817,0.0,1.0,0.0,2.971767853513792,0.0,0.0,0.0,0.0,4.385981415886887
0.030612,20.0,950.0,10.0,176.74,571.14,8.5,125.0,0.0,0.0,0.0,2.0,1.0,1.0,2.843446,90.0,90.0,90.0,3.009789,60.0,60.0,60.0,0.5,0.944527,236.7276,1.0,185.5,237.5,850.0,485.0,400.0,183.0,0.134771,0.588235,0.309278,4.484211,5.0,10.0,1,0,4.385981415886887,1.4142135623730951,2.971767853513792,6.202714402663586,1.0,0.0,4.385981415886887,0.0,0.8660254037844386,1.0,0.7302967433402215,1.0,0.0,0.0,0.0,1.0,0.0,3.1013571864729537,1.0247130844412307,4.529822128134705,5.371708245126285,0.0,0.0,0.8660254037844386,0.0,0.0,0.0,0.0,340000.0,88755.0,44056.25,0.0,2.900097489129991,1.6728922745288817,0.0,1.0,0.0,2.971767853513792,0.0,0.0,0.0,0.0,4.385981415886887
0.030612,20.0,950.0,10.0,230.5,175.0,28.4,11.0,1.0,2.0,0.0,2.0,1.0,1.0,2.843446,90.0,90.0,90.0,3.009789,60.0,60.0,60.0,0.5,0.753533,236.7276,1.0,185.5,237.5,850.0,485.0,400.0,183.0,0.134771,0.588235,0.309278,4.484211,5.0,10.0,1,0,4.385981415886887,1.4142135623730951,2.971767853513792,6.202714402663586,1.0,0.0,4.385981415886887,0.0,0.8660254037844386,1.0,0.7302967433402215,1.0,0.0,0.0,0.0,1.0,0.0,3.1013571864729537,1.0247130844412307,4.529822128134705,5.371708245126285,0.0,0.0,0.8660254037844386,0.0,0.0,0.0,0.0,340000.0,88755.0,44056.25,0.0,2.900097489129991,1.6728922745288817,0.0,1.0,0.0,2.971767853513792,0.0,0.0,0.0,0.0,4.385981415886887
0.030612,10.0,1388.0,10.0,175.15,1279.0,71.425,386.0,0.0,18.63,1.0,2.0,1.0,1.0,3.009789,60.0,60.0,60.0,8.028261,60.0,60.0,60.0,0.25,0.506119,259.3339,1.0,237.5,159.5,400.0,183.0,550.0,433.0,4.484211,5.0,10.0,1.786834,6.363636,1.547344,1,0,1.4142135623730951,1.9364916731037085,0.5222781107306134,2.738612787525831,0.0,0.5,0.0,0.9682458365518544,0.7071067811865476,1.0,0.7999999999999999,0.0,0.5,0.0,0.0,0.5,0.0,0.7302967447329631,0.3117421980802029,2.1908902300206647,1.936491673103709,0.0,0.0,0.3535533905932738,0.0,0.0,0.0,0.0,220000.0,79239.0,37881.25,0.0,1.675352617738402,0.5477225575051664,0.5,1.0,1.4954451150103323,0.2611390553653067,0.0,0.0,0.0,0.0,0.9682458365518544
0.333333,5.0,720.0,80.0,5.7,2185.68,0.307,699.84,0.0,0.1,1.0,8.0,1.0,1.0,2.416394,109.4712,109.4712,109.4712,2.924839,90.0,90.0,120.0,0.666667,0.924623,184.6255,1.0,191.0,267.5,1000.0,515.0,800.0,257.5,0.0,0.0,0.0,2.859813,2.5,10.0,1,0,2.8284271247461903,2.8284271247461903,0.0,8.000000000000002,1.0,0.5,2.8284271247461903,1.4142135623730951,0.7071067811865476,1.5,0.8660254037844388,1.0,0.5,0.0,0.0,0.5,0.0,1.0,0.0,6.928203230275512,5.6568542494923815,0.5,0.0,0.3535533905932738,0.0,0.0,0.0,4.000000000000001,800000.0,132612.5,51092.5,3.464101615137756,2.8284271247461903,1.0717967697244897,0.5,1.0,3.8971143170299753,0.0,0.4330127018922194,4.000000000000001,0.0,4.000000000000001,1.4142135623730951
0.272727,5.0,713.2,80.0,31.85,654.615,7.414,220.205,0.0,2.241,1.0,8.0,1.0,1.0,2.416394,109.4712,109.4712,109.4712,2.924839,90.0,90.0,120.0,0.666667,0.905779,182.8818,1.0,191.0,267.5,1000.0,515.0,800.0,257.5,0.0,0.0,0.0,2.859813,2.5,10.0,1,0,2.8284271247461903,2.8284271247461903,0.0,8.000000000000002,1.0,0.5,2.8284271247461903,1.4142135623730951,0.7071067811865476,1.5,0.8660254037844388,1.0,0.5,0.0,0.0,0.5,0.0,1.0,0.0,6.928203230275512,5.6568542494923815,0.5,0.0,0.3535533905932738,0.0,0.0,0.0,4.000000000000001,800000.0,132612.5,51092.5,3.464101615137756,2.8284271247461903,1.0717967697244897,0.5,1.0,3.8971143170299753,0.0,0.4330127018922194,4.000000000000001,0.0,4.000000000000001,1.4142135623730951
0.6,2.0,720.0,2.0,141.5,301.6925,44.0,27.4005,0.0,5.0,1.0,0.1,1.0,1.0,2.416394,109.4712,109.4712,109.4712,2.924839,90.0,90.0,120.0,0.666667,0.924623,184.6255,1.0,191.0,267.5,1000.0,515.0,800.0,257.5,0.0,0.0,0.0,2.859813,2.5,10.0,1,0,2.8284271247461903,2.8284271247461903,0.0,8.000000000000002,1.0,0.5,2.8284271247461903,1.4142135623730951,0.7071067811865476,1.5,0.8660254037844388,1.0,0.5,0.0,0.0,0.5,0.0,1.0,0.0,6.928203230275512,5.6568542494923815,0.5,0.0,0.3535533905932738,0.0,0.0,0.0,4.000000000000001,800000.0,132612.5,51092.5,3.464101615137756,2.8284271247461903,1.0717967697244897,0.5,1.0,3.8971143170299753,0.0,0.4330127018922194,4.000000000000001,0.0,4.000000000000001,1.4142135623730951
0.6,2.0,720.0,2.0,138.0,310.131,43.25,158.175,0.0,21.727,1.0,2.0,1.0,1.0,2.416394,109.4712,109.4712,109.4712,2.924839,90.0,90.0,120.0,0.666667,0.924623,184.6255,1.0,191.0,267.5,1000.0,515.0,800.0,257.5,0.0,0.0,0.0,2.859813,2.5,10.0,1,0,2.8284271247461903,2.8284271247461903,0.0,8.000000000000002,1.0,0.5,2.8284271247461903,1.4142135623730951,0.7071067811865476,1.5,0.8660254037844388,1.0,0.5,0.0,0.0,0.5,0.0,1.0,0.0,6.928203230275512,5.6568542494923815,0.5,0.0,0.3535533905932738,0.0,0.0,0.0,4.000000000000001,800000.0,132612.5,51092.5,3.464101615137756,2.8284271247461903,1.0717967697244897,0.5,1.0,3.8971143170299753,0.0,0.4330127018922194,4.000000000000001,0.0,4.000000000000001,1.4142135623730951
0.6,2.0,720.0,2.0,130.0,314.35,34.25,390.766,0.0,44.762,1.0,5.0,1.0,1.0,2.416394,109.4712,109.4712,109.4712,2.924839,90.0,90.0,120.0,0.666667,0.924623,184.6255,1.0,191.0,267.5,1000.0,515.0,800.0,257.5,0.0,0.0,0.0,2.859813,2.5,10.0,1,0,2.8284271247461903,2.8284271247461903,0.0,8.000000000000002,1.0,0.5,2.8284271247461903,1.4142135623730951,0.7071067811865476,1.5,0.8660254037844388,1.0,0.5,0.0,0.0,0.5,0.0,1.0,0.0,6.928203230275512,5.6568542494923815,0.5,0.0,0.3535533905932738,0.0,0.0,0.0,4.000000000000001,800000.0,132612.5,51092.5,3.464101615137756,2.8284271247461903,1.0717967697244897,0.5,1.0,3.8971143170299753,0.0,0.4330127018922194,4.000000000000001,0.0,4.000000000000001,1.4142135623730951
0.6,3.0,720.0,2.0,11.563,490.235,6.72,37.651,0.0,0.26,1.0,0.1,1.0,1.0,2.416394,109.4712,109.4712,109.4712,2.924839,90.0,90.0,120.0,0.666667,0.924623,184.6255,1.0,191.0,267.5,1000.0,515.0,800.0,257.5,0.0,0.0,0.0,2.859813,2.5,10.0,1,0,2.8284271247461903,2.8284271247461903,0.0,8.000000000000002,1.0,0.5,2.8284271247461903,1.4142135623730951,0.7071067811865476,1.5,0.8660254037844388,1.0,0.5,0.0,0.0,0.5,0.0,1.0,0.0,6.928203230275512,5.6568542494923815,0.5,0.0,0.3535533905932738,0.0,0.0,0.0,4.000000000000001,800000.0,132612.5,51092.5,3.464101615137756,2.8284271247461903,1.0717967697244897,0.5,1.0,3.8971143170299753,0.0,0.4330127018922194,4.000000000000001,0.0,4.000000000000001,1.4142135623730951
0.29703,3.0,720.0,2.0,19.792,477.665,8.959,133.685,0.0,2.709,1.0,0.1,1.0,1.0,2.416394,109.4712,109.4712,109.4712,2.924839,90.0,90.0,120.0,0.666667,0.924623,184.6255,1.0,191.0,267.5,1000.0,515.0,800.0,257.5,0.0,0.0,0.0,2.859813,2.5,10.0,1,0,2.8284271247461903,2.8284271247461903,0.0,8.000000000000002,1.0,0.5,2.8284271247461903,1.4142135623730951,0.7071067811865476,1.5,0.8660254037844388,1.0,0.5,0.0,0.0,0.5,0.0,1.0,0.0,6.928203230275512,5.6568542494923815,0.5,0.0,0.3535533905932738,0.0,0.0,0.0,4.000000000000001,800000.0,132612.5,51092.5,3.464101615137756,2.8284271247461903,1.0717967697244897,0.5,1.0,3.8971143170299753,0.0,0.4330127018922194,4.000000000000001,0.0,4.000000000000001,1.4142135623730951
0.178571,3.0,720.0,2.0,25.834,494.425,14.5,201.014,0.0,3.875,1.0,0.1,1.0,1.0,2.416394,109.4712,109.4712,109.4712,2.924839,90.0,90.0,120.0,0.666667,0.924623,184.6255,1.0,191.0,267.5,1000.0,515.0,800.0,257.5,0.0,0.0,0.0,2.859813,2.5,10.0,1,0,2.8284271247461903,2.8284271247461903,0.0,8.000000000000002,1.0,0.5,2.8284271247461903,1.4142135623730951,0.7071067811865476,1.5,0.8660254037844388,1.0,0.5,0.0,0.0,0.5,0.0,1.0,0.0,6.928203230275512,5.6568542494923815,0.5,0.0,0.3535533905932738,0.0,0.0,0.0,4.000000000000001,800000.0,132612.5,51092.5,3.464101615137756,2.8284271247461903,1.0717967697244897,0.5,1.0,3.8971143170299753,0.0,0.4330127018922194,4.000000000000001,0.0,4.000000000000001,1.4142135623730951
0.115385,3.0,200.0,12.0,8.93,31.0,0.8,31.0,1.0,0.73,0.0,0.0,1.0,8.666667,4.000505,60.0,60.0,60.0,2.924839,90.0,90.0,120.0,0.666667,0.898166,25.64243,1.0,183.5,267.5,825.0,493.25,800.0,257.5,0.707923,3.674047,0.763753,2.859813,2.5,10.0,1,0,2.554333045451862,2.8284271247461903,0.2740940792943283,7.22474487139159,0.75,0.5,1.9157497840888964,1.4142135623730951,0.6123724356957945,1.375,0.8807048459279794,0.75,0.5,0.0,0.0,0.25,0.0,0.9030931092665662,0.10184146036951473,6.3628678188278895,4.424234614174767,0.375,0.0,0.15309310892394862,0.0,0.0,0.0,2.709279326771846,660000.0,127011.875,49086.25,2.3860754320604585,2.691380085099026,0.8618770525637006,0.75,1.0,5.432679498566901,0.06852351982358207,0.33026431722299227,2.7092793267718465,0.0,2.709279326771846,0.5015362217158013
0.115385,3.0,200.0,12.0,8.786,32.0,0.8135,32.0,0.0,0.8135,1.0,0.2,1.0,8.666667,4.000505,60.0,60.0,60.0,2.924839,90.0,90.0,120.0,0.666667,0.656784,25.64243,1.0,183.5,267.5,825.0,493.25,800.0,257.5,0.707923,3.674047,0.763753,2.859813,2.5,10.0,1,0,2.554333045451862,2.8284271247461903,0.2740940792943283,7.22474487139159,0.75,0.5,1.9157497840888964,1.4142135623730951,0.6123724356957945,1.375,0.8807048459279794,0.75,0.5,0.0,0.0,0.25,0.0,0.9030931092665662,0.10184146036951473,6.3628678188278895,4.424234614174767,0.375,0.0,0.15309310892394862,0.0,0.0,0.0,2.709279326771846,660000.0,127011.875,49086.25,2.3860754320604585,2.691380085099026,0.8618770525637006,0.75,1.0,5.432679498566901,0.06852351982358207,0.33026431722299227,2.7092793267718465,0.0,2.709279326771846,0.5015362217158013
0.085714,40.0,793.0,5.0,24.77,5087.35,13.0,969.35,0.0,5.8,1.0,0.0,1.0,1.0,2.924839,90.0,90.0,120.0,5.932914,120.4948,120.2024,89.39748,0.444444,0.748744,50.12293,1.176906,267.5,275.7143,800.0,257.5,700.0,205.7143,2.859813,2.5,10.0,2.860376,1.707469,11.55577,1,0,2.8284271247461903,3.569235830903556,0.7408087061573654,10.095323438743623,0.5,0.4285714285714285,1.4142135623730951,1.5296724989586663,0.5976143046671968,1.2857142857142856,0.87831006565368,0.5,0.4285714285714285,0.0,0.0,0.0714285714285714,0.0,0.7924461315591212,0.23158728710060844,8.866824192278045,6.033109697235225,0.21428571428571425,0.0,0.042686736047656895,0.0,0.0,0.0,2.16328359401649,560000.0,52971.432250000005,73753.57525,1.9000337554881521,3.198831477824873,1.2284992464655773,0.9285714285714285,1.0,9.04905323950803,0.05291490758266893,0.18820929978293138,2.1632835940164905,0.0,2.16328359401649,0.11545893658557116
0.085714,40.0,793.0,5.0,25.75,1820.15,8.665,178.96,0.0,3.445,1.0,2.0,1.0,1.0,2.924839,90.0,90.0,120.0,5.932914,120.4948,120.2024,89.39748,0.444444,0.748744,50.12293,1.176906,267.5,275.7143,800.0,257.5,700.0,205.7143,2.859813,2.5,10.0,2.860376,1.707469,11.55577,1,0,2.8284271247461903,3.569235830903556,0.7408087061573654,10.095323438743623,0.5,0.4285714285714285,1.4142135623730951,1.5296724989586663,0.5976143046671968,1.2857142857142856,0.87831006565368,0.5,0.4285714285714285,0.0,0.0,0.0714285714285714,0.0,0.7924461315591212,0.23158728710060844,8.866824192278045,6.033109697235225,0.21428571428571425,0.0,0.042686736047656895,0.0,0.0,0.0,2.16328359401649,560000.0,52971.432250000005,73753.57525,1.9000337554881521,3.198831477824873,1.2284992464655773,0.9285714285714285,1.0,9.04905323950803,0.05291490758266893,0.18820929978293138,2.1632835940164905,0.0,2.16328359401649,0.11545893658557116
0.085714,40.0,793.0,5.0,26.0,790.835,4.44,15.329,0.0,1.469,1.0,4.0,1.0,1.0,2.924839,90.0,90.0,120.0,5.932914,120.4948,120.2024,89.39748,0.444444,0.748744,50.12293,1.176906,267.5,275.7143,800.0,257.5,700.0,205.7143,2.859813,2.5,10.0,2.860376,1.707469,11.55577,1,0,2.8284271247461903,3.569235830903556,0.7408087061573654,10.095323438743623,0.5,0.4285714285714285,1.4142135623730951,1.5296724989586663,0.5976143046671968,1.2857142857142856,0.87831006565368,0.5,0.4285714285714285,0.0,0.0,0.0714285714285714,0.0,0.7924461315591212,0.23158728710060844,8.866824192278045,6.033109697235225,0.21428571428571425,0.0,0.042686736047656895,0.0,0.0,0.0,2.16328359401649,560000.0,52971.432250000005,73753.57525,1.9000337554881521,3.198831477824873,1.2284992464655773,0.9285714285714285,1.0,9.04905323950803,0.05291490758266893,0.18820929978293138,2.1632835940164905,0.0,2.16328359401649,0.11545893658557116
0.085714,40.0,793.0,5.0,39.143,10731.71,23.9,48.783,0.0,0.0,0.0,0.0,1.0,1.0,2.924839,90.0,90.0,120.0,5.932914,120.4948,120.2024,89.39748,0.444444,0.748744,50.12293,1.176906,267.5,275.7143,800.0,257.5,700.0,205.7143,2.859813,2.5,10.0,2.860376,1.707469,11.55577,1,0,2.8284271247461903,3.569235830903556,0.7408087061573654,10.095323438743623,0.5,0.4285714285714285,1.4142135623730951,1.5296724989586663,0.5976143046671968,1.2857142857142856,0.87831006565368,0.5,0.4285714285714285,0.0,0.0,0.0714285714285714,0.0,0.7924461315591212,0.23158728710060844,8.866824192278045,6.033109697235225,0.21428571428571425,0.0,0.042686736047656895,0.0,0.0,0.0,2.16328359401649,560000.0,52971.432250000005,73753.57525,1.9000337554881521,3.198831477824873,1.2284992464655773,0.9285714285714285,1.0,9.04905323950803,0.05291490758266893,0.18820929978293138,2.1632835940164905,0.0,2.16328359401649,0.11545893658557116
0.085714,40.0,793.0,5.0,46.0,10146.46,28.5,195.12,0.0,1.674,1.0,2.0,1.0,1.0,2.924839,90.0,90.0,120.0,5.932914,120.4948,120.2024,89.39748,0.444444,0.748744,50.12293,1.176906,267.5,275.7143,800.0,257.5,700.0,205.7143,2.859813,2.5,10.0,2.860376,1.707469,11.55577,1,0,2.8284271247461903,3.569235830903556,0.7408087061573654,10.095323438743623,0.5,0.4285714285714285,1.4142135623730951,1.5296724989586663,0.5976143046671968,1.2857142857142856,0.87831006565368,0.5,0.4285714285714285,0.0,0.0,0.0714285714285714,0.0,0.7924461315591212,0.23158728710060844,8.866824192278045,6.033109697235225,0.21428571428571425,0.0,0.042686736047656895,0.0,0.0,0.0,2.16328359401649,560000.0,52971.432250000005,73753.57525,1.9000337554881521,3.198831477824873,1.2284992464655773,0.9285714285714285,1.0,9.04905323950803,0.05291490758266893,0.18820929978293138,2.1632835940164905,0.0,2.16328359401649,0.11545893658557116
0.085714,40.0,793.0,5.0,46.0,10268.32,29.14,318.057,0.0,0.002,1.0,4.0,1.0,1.0,2.924839,90.0,90.0,120.0,5.932914,120.4948,120.2024,89.39748,0.444444,0.748744,50.12293,1.176906,267.5,275.7143,800.0,257.5,700.0,205.7143,2.859813,2.5,10.0,2.860376,1.707469,11.55577,1,0,2.8284271247461903,3.569235830903556,0.7408087061573654,10.095323438743623,0.5,0.4285714285714285,1.4142135623730951,1.5296724989586663,0.5976143046671968,1.2857142857142856,0.87831006565368,0.5,0.4285714285714285,0.0,0.0,0.0714285714285714,0.0,0.7924461315591212,0.23158728710060844,8.866824192278045,6.033109697235225,0.21428571428571425,0.0,0.042686736047656895,0.0,0.0,0.0,2.16328359401649,560000.0,52971.432250000005,73753.57525,1.9000337554881521,3.198831477824873,1.2284992464655773,0.9285714285714285,1.0,9.04905323950803,0.05291490758266893,0.18820929978293138,2.1632835940164905,0.0,2.16328359401649,0.11545893658557116
0.094044,5.0,71.0,5.0,0.205,42.0,0.0095,294.0,0.0,0.0625,1.0,0.5,1.0,1.0,5.47254,117.5959,119.9996,90.00007,4.800946,77.90105,84.00712,83.99564,0.4,0.503226,62.68449,1.000013,272.8,272.14,600.0,180.0,606.0,177.6,3.196548,0.0,12.24745,3.235291,0.391892,12.25801,1,0,4.468337566957918,4.407610160127365,0.0607274068305532,19.694690059002507,0.4,0.4,1.7873350267831674,1.763044064050946,0.0848528137423856,1.052,0.996698462143112,0.4,0.4,0.0,0.0,0.0,0.0,1.0137778534141095,0.013683588178061345,19.629667294193034,1.671149867290553,0.16000000000000003,0.0,0.0,0.0,0.0,0.0,3.1511504094404015,363600.0,31968.0,74239.792,3.140746767070886,4.437973863542641,0.06502276480947305,1.0,1.0,20.626365756336146,0.0,0.15947175394289795,3.151150409440402,0.0,3.1511504094404015,0.02429096273222142
0.12,32.4,711.4,5.0,30.904,5105.193,14.6848,789.1415,0.0,1.849,1.0,2.0,1.0,1.0,2.924839,90.0,90.0,120.0,2.416394,109.4712,109.4712,109.4712,0.666667,0.761307,220.8042,1.176906,267.5,191.0,800.0,257.5,1000.0,515.0,2.859813,2.5,10.0,0.0,-2.22e-16,0.0,1,0,2.8284271247461903,2.8284271247461903,0.0,8.000000000000002,0.5,1.0,1.4142135623730951,2.8284271247461903,0.7071067811865476,1.5,0.8660254037844388,0.5,1.0,0.0,0.0,0.5,0.0,1.0,0.0,6.928203230275512,5.6568542494923815,0.5,0.0,0.3535533905932738,0.0,0.0,0.0,4.000000000000001,800000.0,132612.5,51092.5,3.464101615137756,2.8284271247461903,1.0717967697244897,0.5,1.0,3.8971143170299753,0.0,0.4330127018922194,4.000000000000001,0.0,4.000000000000001,1.4142135623730951
0.042857,26.4,936.8,5.0,119.1462,658.41,29.924,77.09,0.0,5.549,1.0,2.0,1.0,1.0,2.924839,90.0,90.0,120.0,2.416394,109.4712,109.4712,109.4712,0.666667,0.761307,290.7638,1.176906,267.5,191.0,800.0,257.5,1000.0,515.0,2.859813,2.5,10.0,0.0,-2.22e-16,0.0,1,0,2.8284271247461903,2.8284271247461903,0.0,8.000000000000002,0.5,1.0,1.4142135623730951,2.8284271247461903,0.7071067811865476,1.5,0.8660254037844388,0.5,1.0,0.0,0.0,0.5,0.0,1.0,0.0,6.928203230275512,5.6568542494923815,0.5,0.0,0.3535533905932738,0.0,0.0,0.0,4.000000000000001,800000.0,132612.5,51092.5,3.464101615137756,2.8284271247461903,1.0717967697244897,0.5,1.0,3.8971143170299753,0.0,0.4330127018922194,4.000000000000001,0.0,4.000000000000001,1.4142135623730951
0.257865,15.0,731.8,608.0,0.33,981.6,0.137,470.0,0.0,0.0,0.0,0.0,1.0,1.0,4.340529,67.4833,67.4833,67.4833,2.4816,60.0,60.0,60.0,0.25,0.836571,22.11678,1.0,305.2785,155.0,648.1013,113.038,700.0,410.0,2.254006,1.318902,17.77047,0.0,-2.22e-16,0.0,1,0,3.3264080722852176,5.916079783099616,2.5896717108143985,19.67929554678594,0.240506329113924,1.0,0.8000221946002423,5.916079783099616,1.278543675616857,1.0,0.5530564146315853,0.240506329113924,1.0,0.0,0.0,0.759493670886076,0.0,0.5622655877909332,0.560384118590271,10.883760637580755,25.16083886193814,0.240506329113924,0.0,0.971045829582423,0.0,0.0,0.0,4.73299513150548,453670.91000000003,46345.58,47318.1675,2.6176133178991683,4.621243927692417,8.795534909205186,0.240506329113924,1.0,2.750626885975119,1.9668392740362521,0.13301356807595086,4.732995131505478,0.0,4.73299513150548,5.116057588499374
0.1822600243,15.0,636.4,573.0,0.325,2055.3,0.151,299.83,1.0,0.0,0.0,0.0,1.0,1.0,4.167794623,67.48329936,67.48329936,73.4832955,2.481599734,60.0,60.0,60.0,0.2307692308,0.7880952381,21.3706234,1.024829575,308.4545455,155.0,644.1558442,103.7662338,700.0,410.0,2.8124198,1.906009,12.691924,2.2723024,1.5763504,8.89898,1,0,3.2855620615506425,5.916079783099616,2.6305177215489737,19.43764728845885,0.2207792207792207,1.0,0.725383831770921,5.916079783099616,1.2868288491859818,1.0,0.5494955926997183,0.2207792207792207,1.0,0.0,0.0,0.7792207792207793,0.0,0.5553613518504008,0.5717496421273631,10.680901517459768,25.012925291090525,0.2207792207792207,0.0,1.0027237785864793,0.0,0.0,0.0,4.291428622127279,450909.09094,42544.155858,47810.4545525,2.3581211142443634,4.600820922325129,8.756745770999084,0.22077922077922074,1.0,2.4794383230222237,2.04975406873946,0.12131720877785983,4.2914286221272775,0.0,4.291428622127279,5.190695951328695
0.1797268152,15.0,809.8,573.0,0.239,445.81,0.04,137.555,1.0,0.005,1.0,0.2,1.0,1.0,4.44628255,77.33004256,77.33004256,75.23361919,2.481599734,60.0,60.0,60.0,0.2307692308,0.8931477516,27.19348024,0.967765648,308.4545455,155.0,644.1558442,103.7662338,700.0,410.0,2.8124198,1.906009,12.691924,2.2723024,1.5763504,8.89898,1,0,3.2855620615506425,5.916079783099616,2.6305177215489737,19.43764728845885,0.2207792207792207,1.0,0.725383831770921,5.916079783099616,1.2868288491859818,1.0,0.5494955926997183,0.2207792207792207,1.0,0.0,0.0,0.7792207792207793,0.0,0.5553613518504008,0.5717496421273631,10.680901517459768,25.012925291090525,0.2207792207792207,0.0,1.0027237785864793,0.0,0.0,0.0,4.291428622127279,450909.09094,42544.155858,47810.4545525,2.3581211142443634,4.600820922325129,8.756745770999084,0.22077922077922074,1.0,2.4794383230222237,2.04975406873946,0.12131720877785983,4.2914286221272775,0.0,4.291428622127279,5.190695951328695
0.2134927412,40.0,716.0,453.0,2.3896,3228.7,0.1635,1028.7,0.0,0.0385,1.0,0.2,1.0,1.0,4.14991646,80.77108604,83.79581901,83.79582072,2.481599734,60.0,60.0,60.0,0.3333333333,0.9530701754,216.3926731,1.200117733,311.8,155.0,640.0,94.0,700.0,410.0,2.862387,1.8784924,14.071616,2.9376096,3.0,8.0,1,0,3.242537596910224,5.916079783099616,2.673542186189392,19.18311112302099,0.2,1.0,0.6485075193820449,5.916079783099616,1.2961481396815722,1.0,0.5455447255899809,0.2,1.0,0.0,0.0,0.8,0.0,0.5480888899930403,0.5838309581938689,10.465245093570596,24.86415379540853,0.2,0.0,1.0369185117452577,0.0,0.0,0.0,3.836622224604198,448000.0,38540.0,48329.0,2.0930490187141193,4.57930869000492,8.717866029450393,0.19999999999999996,1.0,2.2021579638321147,2.1388337489515137,0.10910894511799618,3.836622224604198,0.0,3.836622224604198,5.267572263717572
0.2134927412,40.0,716.0,458.0,2.3896,2671.467,0.165,471.281,0.0,0.021,1.0,0.2,1.0,1.0,4.14991646,80.77108604,83.79581901,83.79582072,2.481599734,60.0,60.0,60.0,0.3333333333,0.9530701754,216.3926731,1.200117733,311.8,155.0,640.0,94.0,700.0,410.0,2.9835484,2.114712,12.517522,3.5095722,3.5,10.0,1,0,3.242537596910224,5.916079783099616,2.673542186189392,19.18311112302099,0.2,1.0,0.6485075193820449,5.916079783099616,1.2961481396815722,1.0,0.5455447255899809,0.2,1.0,0.0,0.0,0.8,0.0,0.5480888899930403,0.5838309581938689,10.465245093570596,24.86415379540853,0.2,0.0,1.0369185117452577,0.0,0.0,0.0,3.836622224604198,448000.0,38540.0,48329.0,2.0930490187141193,4.57930869000492,8.717866029450393,0.19999999999999996,1.0,2.2021579638321147,2.1388337489515137,0.10910894511799618,3.836622224604198,0.0,3.836622224604198,5.267572263717572
0.2134927412,40.0,716.0,463.0,2.3896,2200.0,0.156,200.0,0.0,0.011,1.0,0.2,1.0,1.0,4.14991646,80.77108604,83.79581901,83.79582072,2.481599734,60.0,60.0,60.0,0.3333333333,0.9530701754,216.3926731,1.200117733,311.8,155.0,640.0,94.0,700.0,410.0,2.9835484,2.114712,12.517522,3.5095722,3.5,10.0,1,0,3.242537596910224,5.916079783099616,2.673542186189392,19.18311112302099,0.2,1.0,0.6485075193820449,5.916079783099616,1.2961481396815722,1.0,0.5455447255899809,0.2,1.0,0.0,0.0,0.8,0.0,0.5480888899930403,0.5838309581938689,10.465245093570596,24.86415379540853,0.2,0.0,1.0369185117452577,0.0,0.0,0.0,3.836622224604198,448000.0,38540.0,48329.0,2.0930490187141193,4.57930869000492,8.717866029450393,0.19999999999999996,1.0,2.2021579638321147,2.1388337489515137,0.10910894511799618,3.836622224604198,0.0,3.836622224604198,5.267572263717572
0.2134927412,33.0,716.0,468.0,2.3896,1743.8,0.141,29.5,0.0,0.005,1.0,0.2,1.0,1.0,4.14991646,80.77108604,83.79581901,83.79582072,2.481599734,60.0,60.0,60.0,0.3333333333,0.9530701754,216.3926731,1.200117733,311.8,155.0,640.0,94.0,700.0,410.0,2.9835484,2.114712,12.517522,3.5095722,3.5,10.0,1,0,3.242537596910224,5.916079783099616,2.673542186189392,19.18311112302099,0.2,1.0,0.6485075193820449,5.916079783099616,1.2961481396815722,1.0,0.5455447255899809,0.2,1.0,0.0,0.0,0.8,0.0,0.5480888899930403,0.5838309581938689,10.465245093570596,24.86415379540853,0.2,0.0,1.0369185117452577,0.0,0.0,0.0,3.836622224604198,448000.0,38540.0,48329.0,2.0930490187141193,4.57930869000492,8.717866029450393,0.19999999999999996,1.0,2.2021579638321147,2.1388337489515137,0.10910894511799618,3.836622224604198,0.0,3.836622224604198,5.267572263717572
0.1494023904,36.0,665.0,478.0,28.88,528.75,0.0645,13.75,1.0,0.0,0.0,0.2,1.0,1.0,4.167794623,67.48329936,67.48329936,73.4832955,2.481599734,60.0,60.0,60.0,0.3333333333,0.7853070175,200.9792285,1.024829575,311.8,155.0,640.0,94.0,700.0,410.0,2.7856976,2.0691546,12.69232,2.3126142,1.6960968,7.8641668,1,0,3.242537596910224,5.916079783099616,2.673542186189392,19.18311112302099,0.2,1.0,0.6485075193820449,5.916079783099616,1.2961481396815722,1.0,0.5455447255899809,0.2,1.0,0.0,0.0,0.8,0.0,0.5480888899930403,0.5838309581938689,10.465245093570596,24.86415379540853,0.2,0.0,1.0369185117452577,0.0,0.0,0.0,3.836622224604198,448000.0,38540.0,48329.0,2.0930490187141193,4.57930869000492,8.717866029450393,0.19999999999999996,1.0,2.2021579638321147,2.1388337489515137,0.10910894511799618,3.836622224604198,0.0,3.836622224604198,5.267572263717572
0.1824595548,40.0,597.0,413.0,52.9456,3880.0,0.147,1278.77,0.0,0.038,1.0,0.2,1.0,1.0,4.14991646,80.77108604,83.79581901,83.79582072,2.481599734,60.0,60.0,60.0,0.2105263158,0.9530701754,45.10699226,1.200117733,313.5405405,155.0,637.8378378,88.91891892,700.0,410.0,2.843152,1.8303132,14.381414,2.9376096,3.0,8.0,1,0,3.2201532470635192,5.916079783099616,2.695926536036097,19.05068352343507,0.1891891891891892,1.0,0.609218181876882,5.916079783099616,1.3012327694281862,1.0,0.5434129832875931,0.1891891891891892,1.0,0.0,0.0,0.8108108108108107,0.0,0.544305244296981,0.5901615077535612,10.352388767137647,24.78937368069933,0.1891891891891892,0.0,1.0550535968336645,0.0,0.0,0.0,3.604183369298527,446486.48646,36456.7567572,48598.7837775,1.9585600370260414,4.5681165150815675,8.698294756297422,0.18918918918918926,1.0,2.0613678987291,2.185886380569808,0.10280786170305817,3.604183369298527,0.0,3.604183369298527,5.306861601222734
0.1972127268,40.0,597.0,418.0,52.5556,3360.0,0.156,760.0,0.0,0.022,1.0,0.2,1.0,1.0,4.14991646,80.77108604,83.79581901,83.79582072,2.481599734,60.0,60.0,60.0,0.2105263158,0.9530701754,45.10699226,1.200117733,313.5405405,155.0,637.8378378,88.91891892,700.0,410.0,2.8698742,1.6671676,14.381018,3.2624892,3.5,8.0,1,0,3.2201532470635192,5.916079783099616,2.695926536036097,19.05068352343507,0.1891891891891892,1.0,0.609218181876882,5.916079783099616,1.3012327694281862,1.0,0.5434129832875931,0.1891891891891892,1.0,0.0,0.0,0.8108108108108107,0.0,0.544305244296981,0.5901615077535612,10.352388767137647,24.78937368069933,0.1891891891891892,0.0,1.0550535968336645,0.0,0.0,0.0,3.604183369298527,446486.48646,36456.7567572,48598.7837775,1.9585600370260414,4.5681165150815675,8.698294756297422,0.18918918918918926,1.0,2.0613678987291,2.185886380569808,0.10280786170305817,3.604183369298527,0.0,3.604183369298527,5.306861601222734
0.1972127268,40.0,597.0,423.0,52.5556,2760.3,0.149,400.3,0.0,0.015,1.0,0.2,1.0,1.0,4.14991646,80.77108604,83.79581901,83.79582072,2.481599734,60.0,60.0,60.0,0.2105263158,0.9530701754,45.10699226,1.200117733,313.5405405,155.0,637.8378378,88.91891892,700.0,410.0,2.8698742,1.6671676,14.381018,3.2624892,3.5,8.0,1,0,3.2201532470635192,5.916079783099616,2.695926536036097,19.05068352343507,0.1891891891891892,1.0,0.609218181876882,5.916079783099616,1.3012327694281862,1.0,0.5434129832875931,0.1891891891891892,1.0,0.0,0.0,0.8108108108108107,0.0,0.544305244296981,0.5901615077535612,10.352388767137647,24.78937368069933,0.1891891891891892,0.0,1.0550535968336645,0.0,0.0,0.0,3.604183369298527,446486.48646,36456.7567572,48598.7837775,1.9585600370260414,4.5681165150815675,8.698294756297422,0.18918918918918926,1.0,2.0613678987291,2.185886380569808,0.10280786170305817,3.604183369298527,0.0,3.604183369298527,5.306861601222734
0.1972127268,40.0,597.0,428.0,52.5556,2360.0,0.143,200.0,0.0,0.005,1.0,0.2,1.0,1.0,4.14991646,80.77108604,83.79581901,83.79582072,2.481599734,60.0,60.0,60.0,0.2105263158,0.9530701754,45.10699226,1.200117733,313.5405405,155.0,637.8378378,88.91891892,700.0,410.0,2.8698742,1.6671676,14.381018,3.2624892,3.5,8.0,1,0,3.2201532470635192,5.916079783099616,2.695926536036097,19.05068352343507,0.1891891891891892,1.0,0.609218181876882,5.916079783099616,1.3012327694281862,1.0,0.5434129832875931,0.1891891891891892,1.0,0.0,0.0,0.8108108108108107,0.0,0.544305244296981,0.5901615077535612,10.352388767137647,24.78937368069933,0.1891891891891892,0.0,1.0550535968336645,0.0,0.0,0.0,3.604183369298527,446486.48646,36456.7567572,48598.7837775,1.9585600370260414,4.5681165150815675,8.698294756297422,0.18918918918918926,1.0,2.0613678987291,2.185886380569808,0.10280786170305817,3.604183369298527,0.0,3.604183369298527,5.306861601222734
0.1972127268,40.0,597.0,433.0,52.5556,1820.0,0.133,100.0,0.0,0.007,1.0,0.2,1.0,1.0,4.14991646,80.77108604,83.79581901,83.79582072,2.481599734,60.0,60.0,60.0,0.2105263158,0.9530701754,45.10699226,1.200117733,313.5405405,155.0,637.8378378,88.91891892,700.0,410.0,2.8698742,1.6671676,14.381018,3.2624892,3.5,8.0,1,0,3.2201532470635192,5.916079783099616,2.695926536036097,19.05068352343507,0.1891891891891892,1.0,0.609218181876882,5.916079783099616,1.3012327694281862,1.0,0.5434129832875931,0.1891891891891892,1.0,0.0,0.0,0.8108108108108107,0.0,0.544305244296981,0.5901615077535612,10.352388767137647,24.78937368069933,0.1891891891891892,0.0,1.0550535968336645,0.0,0.0,0.0,3.604183369298527,446486.48646,36456.7567572,48598.7837775,1.9585600370260414,4.5681165150815675,8.698294756297422,0.18918918918918926,1.0,2.0613678987291,2.185886380569808,0.10280786170305817,3.604183369298527,0.0,3.604183369298527,5.306861601222734
0.1972127268,40.0,597.0,438.0,52.5556,1360.0,0.117,40.0,0.0,0.002,1.0,0.2,1.0,1.0,4.14991646,80.77108604,83.79581901,83.79582072,2.481599734,60.0,60.0,60.0,0.2105263158,0.9530701754,45.10699226,1.200117733,313.5405405,155.0,637.8378378,88.91891892,700.0,410.0,2.8698742,1.6671676,14.381018,3.2624892,3.5,8.0,1,0,3.2201532470635192,5.916079783099616,2.695926536036097,19.05068352343507,0.1891891891891892,1.0,0.609218181876882,5.916079783099616,1.3012327694281862,1.0,0.5434129832875931,0.1891891891891892,1.0,0.0,0.0,0.8108108108108107,0.0,0.544305244296981,0.5901615077535612,10.352388767137647,24.78937368069933,0.1891891891891892,0.0,1.0550535968336645,0.0,0.0,0.0,3.604183369298527,446486.48646,36456.7567572,48598.7837775,1.9585600370260414,4.5681165150815675,8.698294756297422,0.18918918918918926,1.0,2.0613678987291,2.185886380569808,0.10280786170305817,3.604183369298527,0.0,3.604183369298527,5.306861601222734
0.02,50.0,130.0,10.0,4.45,5296.465,0.825,349.908,0.0,0.0,0.0,0.0,1.0,1.0,5.926290437,92.77243569,118.4125896,118.4125683,5.472539806,117.5959333,119.9996129,90.00006706,0.4166666667,0.8225806452,7.692683981,1.000005502,271.1428571,272.8,671.4285714,195.0,600.0,180.0,2.8344786,1.8703552,12.114718,2.8746132,1.4956946,11.68885,1,0,3.843166538157808,4.468337566957918,0.6251710288001102,17.172565418526144,0.4285714285714285,0.4,1.6470713734962033,1.7873350267831674,0.1895214165917371,0.9714285714285712,0.9831353843426084,0.4285714285714285,0.4,0.0,0.0,0.0285714285714285,0.0,0.8600886754787825,0.15043511243914723,16.882956702891285,3.2545689246333516,0.1714285714285714,0.0,0.005414897616906761,0.0,0.0,0.0,2.943868357461625,402857.14284,35100.0,73967.77141688,2.894221149067077,4.1557520525578635,0.28960871563485774,0.9714285714285715,1.0,17.355632313312928,0.01786202939428882,0.16853749445873284,2.9438683574616245,0.0,2.943868357461625,0.1402636532869641
0.02,50.0,130.0,10.0,4.45,5914.996,1.11,886.911,0.0,0.223,1.0,3.0,1.0,1.0,5.926290437,92.77243569,118.4125896,118.4125683,5.472539806,117.5959333,119.9996129,90.00006706,0.4166666667,0.2258064516,7.692683981,1.000005502,271.1428571,272.8,671.4285714,195.0,600.0,180.0,3.463772,1.3886958,12.985868,2.3850206,1.4552288,11.210494,1,0,3.843166538157808,4.468337566957918,0.6251710288001102,17.172565418526144,0.4285714285714285,0.4,1.6470713734962033,1.7873350267831674,0.1895214165917371,0.9714285714285712,0.9831353843426084,0.4285714285714285,0.4,0.0,0.0,0.0285714285714285,0.0,0.8600886754787825,0.15043511243914723,16.882956702891285,3.2545689246333516,0.1714285714285714,0.0,0.005414897616906761,0.0,0.0,0.0,2.943868357461625,402857.14284,35100.0,73967.77141688,2.894221149067077,4.1557520525578635,0.28960871563485774,0.9714285714285715,1.0,17.355632313312928,0.01786202939428882,0.16853749445873284,2.9438683574616245,0.0,2.943868357461625,0.1402636532869641
0.5769230769,50.0,858.0,5.0,97.0,5400.0,77.35,178.0,0.0,0.35,1.0,3.04,0.805995977,1.0,5.142692,74.87633512,90.0,90.0,5.395434853,90.19955068,90.082587,77.76062345,0.4285714286,0.794,49.55306083,1.708366274,275.0,264.9714286,685.7142857,201.4285714,648.5714286,177.1428571,2.9112818,1.6660256,10.928206,2.859864,1.6013318,11.692354,1,0,3.7158067079548327,3.3479224968345607,0.367884211120272,12.440232871450752,0.4285714285714285,0.4285714285714286,1.5924885891234997,1.4348239272148118,0.1761261143705421,1.4489795918367343,0.9898915274990236,0.4285714285714285,0.4285714285714286,0.0,0.0,5.551115123125783e-17,0.0,1.1098843268830927,0.10416147035456064,12.314481119563949,2.1910498775133123,0.18367346938775508,0.0,9.776963370596975e-18,0.0,0.0,0.0,2.2849407314909547,444734.69388787757,35681.632639367344,72867.142865,2.261843470940317,3.5318646023946965,0.125751751886802,0.9999999999999999,1.0,13.304372647062971,2.04216760790894e-17,0.18181681117329004,2.2849407314909542,0.0,2.2849407314909547,0.1576646619086879
0.5504587156,50.0,858.0,5.0,99.0,4400.0,70.45,65.0,0.0,3.31,1.0,2.08,0.805995977,1.0,5.142692,74.87633512,90.0,90.0,6.052976833,60.008175,60.008175,60.00816675,0.4285714286,0.841125,23.62473935,1.708366274,275.0,262.2857143,685.7142857,201.4285714,635.7142857,170.0,2.9042654,1.5547008,11.237608,3.5015114,2.8650256,11.208382,1,0,3.7158067079548327,3.2925941633173115,0.4232125446375212,12.234643478627396,0.4285714285714285,0.4285714285714285,1.5924885891234997,1.4111117842788474,0.1749635530559412,1.4489795918367343,0.9900339476893152,0.4285714285714285,0.4285714285714285,0.0,0.0,5.551115123125783e-17,0.0,1.1285346818831097,0.12077292700666298,12.112712381716817,2.140616693393349,0.18367346938775503,0.0,9.712428253646554e-18,0.0,0.0,0.0,2.247179414441766,435918.36732806126,34242.857138,72128.5714325,2.224783906845945,3.504200435636072,0.12193109691057945,1.0,1.0,13.10274632940613,2.3493015568338895e-17,0.18184296998375168,2.247179414441766,0.0,2.247179414441766,0.18137680484465224
0.5714285714,50.0,858.0,5.0,97.0,3700.0,73.2,55.0,0.0,0.54,1.0,3.88,0.805995977,1.0,5.142692,74.87633512,90.0,90.0,5.551179513,96.19955068,96.082587,83.76062345,0.4285714286,0.808125,34.50782589,1.708366274,275.0,259.6,685.7142857,201.4285714,622.8571429,162.8571429,2.9112818,1.6660256,10.928206,2.859864,1.6013318,11.692354,1,0,3.7158067079548327,3.2372658298000627,0.47854087815477,12.029054085804042,0.4285714285714285,0.4285714285714286,1.5924885891234997,1.3873996413428842,0.1761261143705421,1.4489795918367343,0.9898915274990236,0.4285714285714285,0.4285714285714286,0.0,0.0,5.551115123125783e-17,0.0,1.1478225458877747,0.13764875144903935,11.907458723364934,2.118630555685759,0.18367346938775508,0.0,9.776963370596975e-18,0.0,0.0,0.0,2.209418097392579,427102.0408368163,32804.081636632654,71390.0,2.1870842553119263,3.4765362688774477,0.12159536243910737,0.9999999999999999,1.0,12.897350250863957,2.656435505758836e-17,0.18181681117329004,2.2094180973925788,0.0,2.209418097392579,0.20508894778061548
0.5607476636,50.0,858.0,5.0,87.0,3300.0,59.0,49.0,0.0,1.089576,1.0,2.08,0.805995977,1.0,5.142692,74.87633512,90.0,90.0,5.551179513,96.19955068,96.082587,83.76062345,0.4285714286,0.837125,34.50782589,1.708366274,275.0,257.4514286,685.7142857,201.4285714,612.5714286,157.1428571,2.897249,1.443376,11.54701,2.8446028,1.6008318,11.832442,1,0,3.7158067079548327,3.193003162986264,0.5228035449685691,11.864582571545355,0.4285714285714285,0.4285714285714285,1.5924885891234997,1.368429926994113,0.1787028088127073,1.4489795918367343,0.9895727291795832,0.4285714285714285,0.4285714285714285,0.0,0.0,0.0,0.0,1.163734113824765,0.15134402399871344,11.740867355900654,2.120234230925449,0.18367346938775503,0.0,0.0,0.0,0.0,0.0,2.1792090437532283,420048.9796026776,31653.061211367345,70799.142865,2.156485840879711,3.4544049354705484,0.123715215644701,1.0,1.0,12.730440085080238,0.0,0.18175825637992338,2.179209043753228,0.0,2.1792090437532283,0.22405866212938674
0.5504587156,50.0,858.0,5.0,89.0,1972.9,61.5,90.9,0.0,0.9,1.0,3.08,0.805995977,1.0,5.142692,74.87633512,90.0,90.0,6.048581,90.0,90.0,90.0,0.4285714286,0.8665,14.18514524,1.708366274,275.0,255.5714286,685.7142857,201.4285714,603.5714286,152.1428571,2.897249,1.443376,11.54701,2.8524894,1.6541504,11.694106,1,0,3.7158067079548327,3.1542733295241896,0.5615333784306431,11.720669996569008,0.4285714285714285,0.4285714285714285,1.5924885891234997,1.3518314269389384,0.1821078397711708,1.4489795918367343,0.9891448285627756,0.4285714285714285,0.4285714285714285,0.0,0.0,0.0,0.0,1.178023055704915,0.16347214988254385,11.593440114397119,2.134425893745958,0.18367346938775503,0.0,0.0,0.0,0.0,0.0,2.1527761218187975,413877.5510313776,30645.918354367346,70282.142865,2.12940736795049,3.435040018739511,0.1272298821718885,1.0,1.0,12.582584942959896,0.0,0.18167966238908118,2.1527761218187966,0.0,2.1527761218187975,0.24065716218456124
0.5454545455,50.0,858.0,5.0,99.3,1800.0,60.825,82.0,1.0,0.0,0.0,2.6,0.805995977,1.0,5.142692,74.87633512,90.0,90.0,4.538081999,87.46062524,83.90215167,90.00920209,0.4285714286,0.875875,54.43577574,1.708366274,275.0,253.6914286,685.7142857,201.4285714,594.5714286,147.1428571,2.8667266,1.442376,11.827186,2.873743,1.5537008,11.517784,1,0,3.7158067079548327,3.115543496062116,0.6002632118927171,11.57675742159266,0.4285714285714285,0.4285714285714285,1.5924885891234997,1.3352329268837635,0.186525699930851,1.4489795918367343,0.988578466119643,0.4285714285714285,0.4285714285714285,0.0,0.0,0.0,0.0,1.192667253955769,0.17573779478685614,11.444533094477265,2.159362780992245,0.18367346938775503,0.0,0.0,0.0,0.0,0.0,2.1263431998843654,407706.1224600776,29638.775497367347,69765.142865,2.102057098985619,3.4156751020084744,0.13222432711539547,1.0,1.0,12.433111560596908,0.0,0.18157563663422005,2.1263431998843654,0.0,2.1263431998843654,0.25725566223973617
0.2727272727,15.0,1024.4,122.4,53.0,157.0,12.5,8.3,0.0,0.74,1.0,0.4,1.0,1.0,5.142692,74.87633512,90.0,90.0,2.941951704,60.0,60.0,60.0,0.5,-0.5151515152,130.5765827,1.708366274,275.0,0.0,685.7142857,201.4285714,0.0,0.0,2.897249,1.443376,11.54701,3.5873688,4.0,8.0,1,0,3.7158067079548327,1.7320508075688772,1.9837559003859555,6.435966009283019,0.4285714285714285,0.0,1.5924885891234997,0.0,1.8735538640862857,0.0,0.0,0.4285714285714285,1.0,0.0,0.0,0.5714285714285714,0.0,2.14532199648182,0.7282701089191586,0.0,12.058128985820192,0.4285714285714285,0.0,1.070602208049306,0.0,0.0,0.0,0.0,0.0,0.0,0.0,0.0,2.723928757761855,6.435966009283019,0.4285714285714285,1.0,0.0,1.133574800220546,0.0,2.7582711468355794,0.0,0.0,1.5924885891234997
0.15,50.0,850.0,30.0,40.235,368.8,12.7,9.9,0.0,0.0,0.0,0.0,1.0,1.0,3.788512,90.0,90.0,90.0,3.788512,90.0,90.0,90.0,0.4,0.7890295359,84.13593516,1.0,279.6,279.6,680.0,188.0,680.0,188.0,2.836491,1.8645256,11.34847,2.8745006,1.6542008,11.377696,1,0,3.656648069074256,3.656648069074256,0.0,13.371075101064486,0.4,0.4,1.4626592276297026,1.4626592276297026,0.0,1.52,1.0,0.4,0.4,0.0,0.0,0.0,0.0,1.0,0.0,13.371075101064486,0.0,0.16000000000000003,0.0,0.0,0.0,0.0,0.0,2.1393720161703182,462400.0,35344.0,78176.16000000002,2.1393720161703182,3.656648069074256,0.0,1.0,1.0,14.371075101064486,0.0,0.16000000000000003,2.1393720161703182,0.0,2.1393720161703182,0.0
0.15,50.0,850.0,30.0,40.235,350.775,14.0,14.775,0.0,1.0,1.0,1.0,1.0,1.0,3.788512,90.0,90.0,90.0,3.788512,90.0,90.0,90.0,0.4,0.7890295359,84.13593516,1.0,279.6,279.6,680.0,188.0,680.0,188.0,2.828717,1.6527008,11.79796,2.8595262,2.0768504,10.758892,1,0,3.656648069074256,3.656648069074256,0.0,13.371075101064486,0.4,0.4,1.4626592276297026,1.4626592276297026,0.0,1.52,1.0,0.4,0.4,0.0,0.0,0.0,0.0,1.0,0.0,13.371075101064486,0.0,0.16000000000000003,0.0,0.0,0.0,0.0,0.0,2.1393720161703182,462400.0,35344.0,78176.16000000002,2.1393720161703182,3.656648069074256,0.0,1.0,1.0,14.371075101064486,0.0,0.16000000000000003,2.1393720161703182,0.0,2.1393720161703182,0.0
0.15,50.0,850.0,30.0,40.235,296.7,11.675,9.85,0.0,0.5,1.0,2.0,1.0,1.0,3.788512,90.0,90.0,90.0,3.788512,90.0,90.0,90.0,0.4,0.7890295359,84.13593516,1.0,279.6,279.6,680.0,188.0,680.0,188.0,2.828717,1.6527008,11.79796,2.8595262,2.0768504,10.758892,1,0,3.656648069074256,3.656648069074256,0.0,13.371075101064486,0.4,0.4,1.4626592276297026,1.4626592276297026,0.0,1.52,1.0,0.4,0.4,0.0,0.0,0.0,0.0,1.0,0.0,13.371075101064486,0.0,0.16000000000000003,0.0,0.0,0.0,0.0,0.0,2.1393720161703182,462400.0,35344.0,78176.16000000002,2.1393720161703182,3.656648069074256,0.0,1.0,1.0,14.371075101064486,0.0,0.16000000000000003,2.1393720161703182,0.0,2.1393720161703182,0.0
0.15,50.0,850.0,30.0,40.5,394.21,13.673,10.61,0.0,0.3,1.0,3.0,1.0,1.0,3.788512,90.0,90.0,90.0,3.788512,90.0,90.0,90.0,0.4,0.7890295359,84.13593516,1.0,279.6,279.6,680.0,188.0,680.0,188.0,2.820943,1.440876,12.24745,2.8747874,2.0773504,10.618804,1,0,3.656648069074256,3.656648069074256,0.0,13.371075101064486,0.4,0.4,1.4626592276297026,1.4626592276297026,0.0,1.52,1.0,0.4,0.4,0.0,0.0,0.0,0.0,1.0,0.0,13.371075101064486,0.0,0.16000000000000003,0.0,0.0,0.0,0.0,0.0,2.1393720161703182,462400.0,35344.0,78176.16000000002,2.1393720161703182,3.656648069074256,0.0,1.0,1.0,14.371075101064486,0.0,0.16000000000000003,2.1393720161703182,0.0,2.1393720161703182,0.0
0.15,50.0,850.0,30.0,41.0,394.21,13.673,12.31,0.0,0.3,1.0,4.0,1.0,1.0,3.788512,90.0,90.0,90.0,3.788512,90.0,90.0,90.0,0.4,0.7890295359,84.13593516,1.0,279.6,279.6,680.0,188.0,680.0,188.0,2.820943,1.440876,12.24745,2.8747874,2.0773504,10.618804,1,0,3.656648069074256,3.656648069074256,0.0,13.371075101064486,0.4,0.4,1.4626592276297026,1.4626592276297026,0.0,1.52,1.0,0.4,0.4,0.0,0.0,0.0,0.0,1.0,0.0,13.371075101064486,0.0,0.16000000000000003,0.0,0.0,0.0,0.0,0.0,2.1393720161703182,462400.0,35344.0,78176.16000000002,2.1393720161703182,3.656648069074256,0.0,1.0,1.0,14.371075101064486,0.0,0.16000000000000003,2.1393720161703182,0.0,2.1393720161703182,0.0
0.15,50.0,850.0,200.0,39.0,630.35,3.985,84.776,0.0,0.585,0.0,0.0,1.0,1.0,3.788512,90.0,90.0,90.0,3.788512,90.0,90.0,90.0,0.4,0.7890295359,84.13593516,1.0,279.6,279.6,680.0,188.0,680.0,188.0,2.844265,2.0763504,10.89898,2.8670134,1.8655256,11.068294,1,0,3.656648069074256,3.656648069074256,0.0,13.371075101064486,0.4,0.4,1.4626592276297026,1.4626592276297026,0.0,1.52,1.0,0.4,0.4,0.0,0.0,0.0,0.0,1.0,0.0,13.371075101064486,0.0,0.16000000000000003,0.0,0.0,0.0,0.0,0.0,2.1393720161703182,462400.0,35344.0,78176.16000000002,2.1393720161703182,3.656648069074256,0.0,1.0,1.0,14.371075101064486,0.0,0.16000000000000003,2.1393720161703182,0.0,2.1393720161703182,0.0
0.15,50.0,850.0,200.0,39.0,727.065,5.075,51.077,0.0,0.437,0.0,1.0,1.0,1.0,3.788512,90.0,90.0,90.0,3.788512,90.0,90.0,90.0,0.4,0.7890295359,84.13593516,1.0,279.6,279.6,680.0,188.0,680.0,188.0,2.844265,2.0763504,10.89898,2.8670134,1.8655256,11.068294,1,0,3.656648069074256,3.656648069074256,0.0,13.371075101064486,0.4,0.4,1.4626592276297026,1.4626592276297026,0.0,1.52,1.0,0.4,0.4,0.0,0.0,0.0,0.0,1.0,0.0,13.371075101064486,0.0,0.16000000000000003,0.0,0.0,0.0,0.0,0.0,2.1393720161703182,462400.0,35344.0,78176.16000000002,2.1393720161703182,3.656648069074256,0.0,1.0,1.0,14.371075101064486,0.0,0.16000000000000003,2.1393720161703182,0.0,2.1393720161703182,0.0
0.15,50.0,850.0,200.0,39.0,599.9095,4.275,110.8525,0.0,0.725,1.0,2.0,1.0,1.0,3.788512,90.0,90.0,90.0,3.788512,90.0,90.0,90.0,0.4,0.7890295359,84.13593516,1.0,279.6,279.6,680.0,188.0,680.0,188.0,2.953026,2.113712,12.797698,2.8517522,1.8650256,11.208382,1,0,3.656648069074256,3.656648069074256,0.0,13.371075101064486,0.4,0.4,1.4626592276297026,1.4626592276297026,0.0,1.52,1.0,0.4,0.4,0.0,0.0,0.0,0.0,1.0,0.0,13.371075101064486,0.0,0.16000000000000003,0.0,0.0,0.0,0.0,0.0,2.1393720161703182,462400.0,35344.0,78176.16000000002,2.1393720161703182,3.656648069074256,0.0,1.0,1.0,14.371075101064486,0.0,0.16000000000000003,2.1393720161703182,0.0,2.1393720161703182,0.0
0.15,50.0,850.0,200.0,39.0,519.4865,3.5,69.4235,0.0,0.6,1.0,3.0,1.0,1.0,3.788512,90.0,90.0,90.0,3.788512,90.0,90.0,90.0,0.4,0.7890295359,84.13593516,1.0,279.6,279.6,680.0,188.0,680.0,188.0,2.945252,1.9018872,13.247188,2.8595262,2.0768504,10.758892,1,0,3.656648069074256,3.656648069074256,0.0,13.371075101064486,0.4,0.4,1.4626592276297026,1.4626592276297026,0.0,1.52,1.0,0.4,0.4,0.0,0.0,0.0,0.0,1.0,0.0,13.371075101064486,0.0,0.16000000000000003,0.0,0.0,0.0,0.0,0.0,2.1393720161703182,462400.0,35344.0,78176.16000000002,2.1393720161703182,3.656648069074256,0.0,1.0,1.0,14.371075101064486,0.0,0.16000000000000003,2.1393720161703182,0.0,2.1393720161703182,0.0
0.15,50.0,850.0,200.0,39.0,517.314,3.478,30.414,0.0,0.289,1.0,4.0,1.0,1.0,3.788512,90.0,90.0,90.0,3.788512,90.0,90.0,90.0,0.4,0.7890295359,84.13593516,1.0,279.6,279.6,680.0,188.0,680.0,188.0,2.937478,1.6900624,13.696678,2.8747874,2.0773504,10.618804,1,0,3.656648069074256,3.656648069074256,0.0,13.371075101064486,0.4,0.4,1.4626592276297026,1.4626592276297026,0.0,1.52,1.0,0.4,0.4,0.0,0.0,0.0,0.0,1.0,0.0,13.371075101064486,0.0,0.16000000000000003,0.0,0.0,0.0,0.0,0.0,2.1393720161703182,462400.0,35344.0,78176.16000000002,2.1393720161703182,3.656648069074256,0.0,1.0,1.0,14.371075101064486,0.0,0.16000000000000003,2.1393720161703182,0.0,2.1393720161703182,0.0
0.05979669125,15.0,858.0,250.0,42.9,66.89,3.003,16.68,0.0,5.38,1.0,0.8,1.0,1.0,5.142692,74.87633512,90.0,90.0,2.924839357,90.0,90.0,119.9999855,0.4444444444,0.447418738,110.0060416,1.708366274,275.0,267.5,685.7142857,201.4285714,800.0,257.5,2.897249,1.443376,11.54701,2.8443776,1.9178442,11.210134,1,0,3.7158067079548327,2.8284271247461903,0.8873795832086424,10.509888483093292,0.4285714285714285,0.5,1.5924885891234997,1.4142135623730951,0.662401321106836,1.2857142857142856,0.8542421961772493,0.4285714285714285,0.5,0.0,0.0,0.0714285714285714,0.0,1.3137360592774372,0.2711943378497672,8.977990219375593,6.9617640158865175,0.21428571428571425,0.0,0.04731438007905969,0.0,0.0,0.0,2.2521189606628487,548571.42856,51867.8571355,73562.5,1.9238550470090554,3.2721169163505115,1.5318982637176992,0.9285714285714285,1.0,9.129930100156209,0.06338425594347442,0.18305189918083908,2.252118960662848,0.0,2.2521189606628487,0.17827502675040452
0.05979669125,15.0,858.0,220.0,43.29,73.79,3.20346,54.23,0.0,4.42,1.0,1.2,1.0,1.0,5.142692,74.87633512,90.0,90.0,2.924839357,90.0,90.0,119.9999855,0.4444444444,0.447418738,110.0060416,1.708366274,275.0,267.5,685.7142857,201.4285714,800.0,257.5,2.897249,1.443376,11.54701,2.836491,1.8645256,11.34847,1,0,3.7158067079548327,2.8284271247461903,0.8873795832086424,10.509888483093292,0.4285714285714285,0.5,1.5924885891234997,1.4142135623730951,0.662401321106836,1.2857142857142856,0.8542421961772493,0.4285714285714285,0.5,0.0,0.0,0.0714285714285714,0.0,1.3137360592774372,0.2711943378497672,8.977990219375593,6.9617640158865175,0.21428571428571425,0.0,0.04731438007905969,0.0,0.0,0.0,2.2521189606628487,548571.42856,51867.8571355,73562.5,1.9238550470090554,3.2721169163505115,1.5318982637176992,0.9285714285714285,1.0,9.129930100156209,0.06338425594347442,0.18305189918083908,2.252118960662848,0.0,2.2521189606628487,0.17827502675040452
0.05979669125,15.0,858.0,200.0,43.65,82.09,3.492,13.35,0.0,0.148,1.0,2.2,1.0,1.0,5.142692,74.87633512,90.0,90.0,2.924839357,90.0,90.0,119.9999855,0.4444444444,0.447418738,110.0060416,1.708366274,275.0,267.5,685.7142857,201.4285714,800.0,257.5,2.897249,1.443376,11.54701,2.8443776,1.9178442,11.210134,1,0,3.7158067079548327,2.8284271247461903,0.8873795832086424,10.509888483093292,0.4285714285714285,0.5,1.5924885891234997,1.4142135623730951,0.662401321106836,1.2857142857142856,0.8542421961772493,0.4285714285714285,0.5,0.0,0.0,0.0714285714285714,0.0,1.3137360592774372,0.2711943378497672,8.977990219375593,6.9617640158865175,0.21428571428571425,0.0,0.04731438007905969,0.0,0.0,0.0,2.2521189606628487,548571.42856,51867.8571355,73562.5,1.9238550470090554,3.2721169163505115,1.5318982637176992,0.9285714285714285,1.0,9.129930100156209,0.06338425594347442,0.18305189918083908,2.252118960662848,0.0,2.2521189606628487,0.17827502675040452
0.05979669125,15.0,858.0,160.0,44.29,100.23,4.429,11.49,1.0,1.632,0.8,0.8828,1.0,1.0,5.142692,74.87633512,90.0,90.0,2.924839357,90.0,90.0,119.9999855,0.4444444444,0.447418738,110.0060416,1.708366274,275.0,267.5,685.7142857,201.4285714,800.0,257.5,2.8822746,1.8660256,10.928206,2.836491,1.8645256,11.34847,1,0,3.7158067079548327,2.8284271247461903,0.8873795832086424,10.509888483093292,0.4285714285714285,0.5,1.5924885891234997,1.4142135623730951,0.662401321106836,1.2857142857142856,0.8542421961772493,0.4285714285714285,0.5,0.0,0.0,0.0714285714285714,0.0,1.3137360592774372,0.2711943378497672,8.977990219375593,6.9617640158865175,0.21428571428571425,0.0,0.04731438007905969,0.0,0.0,0.0,2.2521189606628487,548571.42856,51867.8571355,73562.5,1.9238550470090554,3.2721169163505115,1.5318982637176992,0.9285714285714285,1.0,9.129930100156209,0.06338425594347442,0.18305189918083908,2.252118960662848,0.0,2.2521189606628487,0.17827502675040452
0.05979669125,15.0,858.0,120.0,44.8,123.11,5.376,32.66,1.0,1.632,0.8,1.1828,1.0,1.0,5.142692,74.87633512,90.0,90.0,2.924839357,90.0,90.0,119.9999855,0.4444444444,0.447418738,110.0060416,1.708366274,275.0,267.5,685.7142857,201.4285714,800.0,257.5,2.8897618,1.6547008,11.237608,2.836491,1.8645256,11.34847,1,0,3.7158067079548327,2.8284271247461903,0.8873795832086424,10.509888483093292,0.4285714285714285,0.5,1.5924885891234997,1.4142135623730951,0.662401321106836,1.2857142857142856,0.8542421961772493,0.4285714285714285,0.5,0.0,0.0,0.0714285714285714,0.0,1.3137360592774372,0.2711943378497672,8.977990219375593,6.9617640158865175,0.21428571428571425,0.0,0.04731438007905969,0.0,0.0,0.0,2.2521189606628487,548571.42856,51867.8571355,73562.5,1.9238550470090554,3.2721169163505115,1.5318982637176992,0.9285714285714285,1.0,9.129930100156209,0.06338425594347442,0.18305189918083908,2.252118960662848,0.0,2.2521189606628487,0.17827502675040452
0.05979669125,15.0,858.0,60.0,45.18,146.18,5.8734,101.63,1.0,2.612,0.6,1.4228,1.0,1.0,5.142692,74.87633512,90.0,90.0,2.924839357,90.0,90.0,119.9999855,0.4444444444,0.447418738,110.0060416,1.708366274,275.0,267.5,685.7142857,201.4285714,800.0,257.5,2.8822746,1.8660256,10.928206,2.836491,1.8645256,11.34847,1,0,3.7158067079548327,2.8284271247461903,0.8873795832086424,10.509888483093292,0.4285714285714285,0.5,1.5924885891234997,1.4142135623730951,0.662401321106836,1.2857142857142856,0.8542421961772493,0.4285714285714285,0.5,0.0,0.0,0.0714285714285714,0.0,1.3137360592774372,0.2711943378497672,8.977990219375593,6.9617640158865175,0.21428571428571425,0.0,0.04731438007905969,0.0,0.0,0.0,2.2521189606628487,548571.42856,51867.8571355,73562.5,1.9238550470090554,3.2721169163505115,1.5318982637176992,0.9285714285714285,1.0,9.129930100156209,0.06338425594347442,0.18305189918083908,2.252118960662848,0.0,2.2521189606628487,0.17827502675040452
0.03,10.0,1390.0,300.0,206.45,235.5,16.0,11.5,0.0,5.0,1.0,0.5,0.805995977,1.0,2.843446,90.0,90.0,90.0,3.788512,90.0,90.0,90.0,0.5714285714,0.96875,137.5869999,1.0,185.5,279.6,850.0,485.0,680.0,188.0,0.0,0.0,0.0,2.9766552,1.433993,10.758892,1,0,4.385981415886887,3.656648069074256,0.7293333468126306,16.037990475398356,1.0,0.4,4.385981415886887,1.4626592276297026,0.7874007874011811,1.2,0.7947194142390264,1.0,0.4,0.0,0.0,0.6,0.0,1.1994540713355368,0.18136688911573934,12.745702396179665,12.62832632866131,0.4,0.0,0.47244047244070864,0.0,0.0,0.0,6.415196190159343,578000.0,91180.0,51865.8,5.098280958471866,4.0213147424805715,3.2922880792186904,0.4,1.0,5.416168724167477,0.4376000080875784,0.31788776569561056,6.415196190159342,0.0,6.415196190159343,2.9233221882571843
0.03,10.0,1390.0,15.0,213.0,152.845,19.5,15.405,0.0,1.9,1.0,0.5,0.805995977,1.0,2.843446,90.0,90.0,90.0,3.788512,90.0,90.0,90.0,0.5714285714,0.96875,137.5869999,1.0,185.5,279.6,850.0,485.0,680.0,188.0,0.0269542,0.117647,0.0618556,3.2517528,2.0768504,11.208382,1,0,4.385981415886887,3.656648069074256,0.7293333468126306,16.037990475398356,1.0,0.4,4.385981415886887,1.4626592276297026,0.7874007874011811,1.2,0.7947194142390264,1.0,0.4,0.0,0.0,0.6,0.0,1.1994540713355368,0.18136688911573934,12.745702396179665,12.62832632866131,0.4,0.0,0.47244047244070864,0.0,0.0,0.0,6.415196190159343,578000.0,91180.0,51865.8,5.098280958471866,4.0213147424805715,3.2922880792186904,0.4,1.0,5.416168724167477,0.4376000080875784,0.31788776569561056,6.415196190159342,0.0,6.415196190159343,2.9233221882571843
0.03,10.0,1390.0,300.0,135.1325,90.314,17.5,6.544,0.0,6.5,1.0,0.5,0.805995977,1.0,2.843446,90.0,90.0,90.0,3.788512,90.0,90.0,90.0,0.5714285714,0.96875,137.5869999,1.0,185.5,279.6,850.0,485.0,680.0,188.0,0.0,0.0,0.0,2.9766552,1.433993,10.758892,1,0,4.385981415886887,3.656648069074256,0.7293333468126306,16.037990475398356,1.0,0.4,4.385981415886887,1.4626592276297026,0.7874007874011811,1.2,0.7947194142390264,1.0,0.4,0.0,0.0,0.6,0.0,1.1994540713355368,0.18136688911573934,12.745702396179665,12.62832632866131,0.4,0.0,0.47244047244070864,0.0,0.0,0.0,6.415196190159343,578000.0,91180.0,51865.8,5.098280958471866,4.0213147424805715,3.2922880792186904,0.4,1.0,5.416168724167477,0.4376000080875784,0.31788776569561056,6.415196190159342,0.0,6.415196190159343,2.9233221882571843
0.03,10.0,1390.0,15.0,139.56,239.5,38.185,34.5,0.0,8.5806,1.0,0.5,0.805995977,1.0,2.843446,90.0,90.0,90.0,3.788512,90.0,90.0,90.0,0.5714285714,0.96875,137.5869999,1.0,185.5,279.6,850.0,485.0,680.0,188.0,0.0269542,0.117647,0.0618556,3.25924,1.8655256,11.517784,1,0,4.385981415886887,3.656648069074256,0.7293333468126306,16.037990475398356,1.0,0.4,4.385981415886887,1.4626592276297026,0.7874007874011811,1.2,0.7947194142390264,1.0,0.4,0.0,0.0,0.6,0.0,1.1994540713355368,0.18136688911573934,12.745702396179665,12.62832632866131,0.4,0.0,0.47244047244070864,0.0,0.0,0.0,6.415196190159343,578000.0,91180.0,51865.8,5.098280958471866,4.0213147424805715,3.2922880792186904,0.4,1.0,5.416168724167477,0.4376000080875784,0.31788776569561056,6.415196190159342,0.0,6.415196190159343,2.9233221882571843
0.03,10.0,1390.0,300.0,187.2,109.185,13.37,9.937,0.0,2.37,1.0,0.5,0.805995977,1.0,2.843446,90.0,90.0,90.0,3.788512,90.0,90.0,90.0,0.5714285714,0.96875,137.5869999,1.0,185.5,279.6,850.0,485.0,680.0,188.0,0.0,0.0,0.0,2.9766552,1.433993,10.758892,1,0,4.385981415886887,3.656648069074256,0.7293333468126306,16.037990475398356,1.0,0.4,4.385981415886887,1.4626592276297026,0.7874007874011811,1.2,0.7947194142390264,1.0,0.4,0.0,0.0,0.6,0.0,1.1994540713355368,0.18136688911573934,12.745702396179665,12.62832632866131,0.4,0.0,0.47244047244070864,0.0,0.0,0.0,6.415196190159343,578000.0,91180.0,51865.8,5.098280958471866,4.0213147424805715,3.2922880792186904,0.4,1.0,5.416168724167477,0.4376000080875784,0.31788776569561056,6.415196190159342,0.0,6.415196190159343,2.9233221882571843
0.03,10.0,1390.0,15.0,188.9445,170.5,12.5,55.5,0.0,0.873,1.0,0.5,0.805995977,1.0,2.843446,90.0,90.0,90.0,3.788512,90.0,90.0,90.0,0.5714285714,0.96875,137.5869999,1.0,185.5,279.6,850.0,485.0,680.0,188.0,0.5989168,0.617647,2.0618556,3.4125658,2.0617602,10.910172,1,0,4.385981415886887,3.656648069074256,0.7293333468126306,16.037990475398356,1.0,0.4,4.385981415886887,1.4626592276297026,0.7874007874011811,1.2,0.7947194142390264,1.0,0.4,0.0,0.0,0.6,0.0,1.1994540713355368,0.18136688911573934,12.745702396179665,12.62832632866131,0.4,0.0,0.47244047244070864,0.0,0.0,0.0,6.415196190159343,578000.0,91180.0,51865.8,5.098280958471866,4.0213147424805715,3.2922880792186904,0.4,1.0,5.416168724167477,0.4376000080875784,0.31788776569561056,6.415196190159342,0.0,6.415196190159343,2.9233221882571843
0.03,10.0,1390.0,15.0,174.4,570.5,71.5,233.5,0.0,16.5,1.0,0.5,0.805995977,1.0,2.843446,90.0,90.0,90.0,3.788512,90.0,90.0,90.0,0.5714285714,0.96875,137.5869999,1.0,185.5,279.6,850.0,485.0,680.0,188.0,0.0,0.0,0.0,3.0693412,0.7886752,11.657872,1,0,4.385981415886887,3.656648069074256,0.7293333468126306,16.037990475398356,1.0,0.4,4.385981415886887,1.4626592276297026,0.7874007874011811,1.2,0.7947194142390264,1.0,0.4,0.0,0.0,0.6,0.0,1.1994540713355368,0.18136688911573934,12.745702396179665,12.62832632866131,0.4,0.0,0.47244047244070864,0.0,0.0,0.0,6.415196190159343,578000.0,91180.0,51865.8,5.098280958471866,4.0213147424805715,3.2922880792186904,0.4,1.0,5.416168724167477,0.4376000080875784,0.31788776569561056,6.415196190159342,0.0,6.415196190159343,2.9233221882571843
0.1022494888,20.0,108.0,5.0,0.55,511.3,0.08,165.5,0.0,0.1722,1.0,2.0,1.0,1.0,2.924839357,90.0,90.0,119.9999855,6.348074159,117.4929608,89.99975597,117.6525217,0.4444444444,0.7428571429,6.899323689,1.176906346,267.5,263.0,800.0,257.5,642.8571429,175.7142857,2.859813,2.5,10.0,3.0382522,1.7769906,11.587988,1,0,2.8284271247461903,4.151706835469087,1.3232797107228964,11.742800227434934,0.5,0.4285714285714285,1.4142135623730951,1.7793029294867513,0.662401321106836,1.2857142857142856,0.8542421961772493,0.5,0.4285714285714285,0.0,0.0,0.0714285714285714,0.0,0.6812685095608229,0.37915596304416055,10.03119545555472,7.778446384146555,0.21428571428571425,0.0,0.04731438007905969,0.0,0.0,0.0,2.5163143344503425,514285.71431999997,45246.42856775,70352.5,2.149541883333154,3.4900669801076383,1.7116047718802136,0.9285714285714285,1.0,10.107906390893971,0.09451997933734971,0.18305189918083908,2.5163143344503425,0.0,2.5163143344503425,0.36508936711365614
0.1010441226,20.0,63.0,5.0,1.32,934.3,0.29,620.8,0.0,0.17,1.0,2.0,1.0,1.0,2.924839357,90.0,90.0,119.9999855,6.348074159,117.4929608,89.99975597,117.6525217,0.4444444444,0.7057142857,4.024605485,1.176906346,267.5,263.0,800.0,257.5,642.8571429,175.7142857,2.859813,2.5,10.0,3.2218824,1.5689154,11.62361,1,0,2.8284271247461903,4.151706835469087,1.3232797107228964,11.742800227434934,0.5,0.4285714285714285,1.4142135623730951,1.7793029294867513,0.662401321106836,1.2857142857142856,0.8542421961772493,0.5,0.4285714285714285,0.0,0.0,0.0714285714285714,0.0,0.6812685095608229,0.37915596304416055,10.03119545555472,7.778446384146555,0.21428571428571425,0.0,0.04731438007905969,0.0,0.0,0.0,2.5163143344503425,514285.71431999997,45246.42856775,70352.5,2.149541883333154,3.4900669801076383,1.7116047718802136,0.9285714285714285,1.0,10.107906390893971,0.09451997933734971,0.18305189918083908,2.5163143344503425,0.0,2.5163143344503425,0.36508936711365614
0.1043841336,20.0,63.0,5.0,1.67,826.0,0.26,602.0,0.0,0.17,1.0,2.0,1.0,1.0,2.924839357,90.0,90.0,119.9999855,6.348074159,117.4929608,89.99975597,117.6525217,0.4444444444,0.7142857143,4.024605485,1.176906346,267.5,263.0,800.0,257.5,642.8571429,175.7142857,2.859813,2.5,10.0,3.1286288,1.7423522,11.604948,1,0,2.8284271247461903,4.151706835469087,1.3232797107228964,11.742800227434934,0.5,0.4285714285714285,1.4142135623730951,1.7793029294867513,0.662401321106836,1.2857142857142856,0.8542421961772493,0.5,0.4285714285714285,0.0,0.0,0.0714285714285714,0.0,0.6812685095608229,0.37915596304416055,10.03119545555472,7.778446384146555,0.21428571428571425,0.0,0.04731438007905969,0.0,0.0,0.0,2.5163143344503425,514285.71431999997,45246.42856775,70352.5,2.149541883333154,3.4900669801076383,1.7116047718802136,0.9285714285714285,1.0,10.107906390893971,0.09451997933734971,0.18305189918083908,2.5163143344503425,0.0,2.5163143344503425,0.36508936711365614
0.1025991792,20.0,65.0,5.0,0.91,1530.0,0.22,1670.9,0.0,0.2,1.0,2.0,1.0,1.0,2.924839357,90.0,90.0,119.9999855,6.348074159,117.4929608,89.99975597,117.6525217,0.4444444444,0.7085714286,4.152370738,1.176906346,267.5,263.0,800.0,257.5,642.8571429,175.7142857,2.859813,2.5,10.0,3.1229062,1.7364094,11.61087,1,0,2.8284271247461903,4.151706835469087,1.3232797107228964,11.742800227434934,0.5,0.4285714285714285,1.4142135623730951,1.7793029294867513,0.662401321106836,1.2857142857142856,0.8542421961772493,0.5,0.4285714285714285,0.0,0.0,0.0714285714285714,0.0,0.6812685095608229,0.37915596304416055,10.03119545555472,7.778446384146555,0.21428571428571425,0.0,0.04731438007905969,0.0,0.0,0.0,2.5163143344503425,514285.71431999997,45246.42856775,70352.5,2.149541883333154,3.4900669801076383,1.7116047718802136,0.9285714285714285,1.0,10.107906390893971,0.09451997933734971,0.18305189918083908,2.5163143344503425,0.0,2.5163143344503425,0.36508936711365614
0.1175088132,20.0,74.0,5.0,0.93,4122.9,0.22,1444.6,0.0,0.1916,1.0,2.0,1.0,1.0,2.924839357,90.0,90.0,119.9999855,6.348074159,117.4929608,89.99975597,117.6525217,0.4444444444,0.8714285714,4.727314379,1.176906346,267.5,263.0,800.0,257.5,642.8571429,175.7142857,2.859813,2.5,10.0,3.127206,1.6699816,11.60876,1,0,2.8284271247461903,4.151706835469087,1.3232797107228964,11.742800227434934,0.5,0.4285714285714285,1.4142135623730951,1.7793029294867513,0.662401321106836,1.2857142857142856,0.8542421961772493,0.5,0.4285714285714285,0.0,0.0,0.0714285714285714,0.0,0.6812685095608229,0.37915596304416055,10.03119545555472,7.778446384146555,0.21428571428571425,0.0,0.04731438007905969,0.0,0.0,0.0,2.5163143344503425,514285.71431999997,45246.42856775,70352.5,2.149541883333154,3.4900669801076383,1.7116047718802136,0.9285714285714285,1.0,10.107906390893971,0.09451997933734971,0.18305189918083908,2.5163143344503425,0.0,2.5163143344503425,0.36508936711365614
0.1205303335,20.0,89.0,5.0,4.37,1011.5,0.26,833.1,0.0,0.209,1.0,2.0,1.0,1.0,2.924839357,90.0,90.0,119.9999855,6.348074159,117.4929608,89.99975597,117.6525217,0.4444444444,0.8685714286,5.68555378,1.176906346,267.5,263.0,800.0,257.5,642.8571429,175.7142857,2.859813,2.5,10.0,3.2218824,1.5689154,11.62361,1,0,2.8284271247461903,4.151706835469087,1.3232797107228964,11.742800227434934,0.5,0.4285714285714285,1.4142135623730951,1.7793029294867513,0.662401321106836,1.2857142857142856,0.8542421961772493,0.5,0.4285714285714285,0.0,0.0,0.0714285714285714,0.0,0.6812685095608229,0.37915596304416055,10.03119545555472,7.778446384146555,0.21428571428571425,0.0,0.04731438007905969,0.0,0.0,0.0,2.5163143344503425,514285.71431999997,45246.42856775,70352.5,2.149541883333154,3.4900669801076383,1.7116047718802136,0.9285714285714285,1.0,10.107906390893971,0.09451997933734971,0.18305189918083908,2.5163143344503425,0.0,2.5163143344503425,0.36508936711365614
0.1038461538,20.0,268.0,5.0,30.5,205.0,8.1762,100.0,0.0,0.6062,0.8,0.01,0.5166432673,1.0,2.416394474,109.4712206,109.4712206,109.4712206,5.856870083,78.97391684,73.33322456,98.98335738,0.4,0.2534979424,20.35926318,1.0,191.0,246.5555556,1000.0,515.0,477.7777778,45.55555556,0.5719626,0.5,2.0,3.2335958,2.3344588,14.56019,1,0,2.8284271247461903,2.9278604607460568,0.0994333359998664,8.281239944646025,1.0,0.1111111111111111,2.8284271247461903,0.3253178289717841,1.227262335243029,1.0,0.5761659596980319,1.0,0.3333333333333333,0.0,0.0,0.6666666666666667,0.0,0.9660389089598489,0.03454773034793955,4.771368560196653,10.163253873174133,0.3333333333333333,0.0,0.8181748901620194,0.0,0.0,0.0,0.9201377716273361,477777.77780000004,23461.111113400002,47092.1111196,1.5904561867322178,2.8781437927461235,3.509871384449372,0.33333333333333326,1.0,1.7825115066315613,0.0662888906665776,0.19205531989934393,2.7604133148820083,0.0,0.9201377716273361,2.503109295774406
0.09,20.0,268.0,5.0,53.8,130.0,17.3264,16.0,1.0,0.1946,0.6,0.01,0.5166432673,1.0,2.416394474,109.4712206,109.4712206,109.4712206,5.496050556,68.89467339,77.86827496,78.03517559,0.4,0.08477366255,46.15968452,1.0,191.0,246.5555556,1000.0,515.0,477.7777778,45.55555556,0.5719626,0.5,2.0,3.241083,2.123134,14.869592,1,0,2.8284271247461903,2.9278604607460568,0.0994333359998664,8.281239944646025,1.0,0.1111111111111111,2.8284271247461903,0.3253178289717841,1.227262335243029,1.0,0.5761659596980319,1.0,0.3333333333333333,0.0,0.0,0.6666666666666667,0.0,0.9660389089598489,0.03454773034793955,4.771368560196653,10.163253873174133,0.3333333333333333,0.0,0.8181748901620194,0.0,0.0,0.0,0.9201377716273361,477777.77780000004,23461.111113400002,47092.1111196,1.5904561867322178,2.8781437927461235,3.509871384449372,0.33333333333333326,1.0,1.7825115066315613,0.0662888906665776,0.19205531989934393,2.7604133148820083,0.0,0.9201377716273361,2.503109295774406
0.084375,20.0,268.0,5.0,52.7,125.0,17.3264,23.0,1.0,0.1946,0.6,0.01,0.5166432673,1.0,2.416394474,109.4712206,109.4712206,109.4712206,5.496050556,68.89467339,77.86827496,78.03517559,0.4,0.08477366255,46.15968452,1.0,191.0,246.5555556,1000.0,515.0,477.7777778,45.55555556,0.5719626,0.5,2.0,3.241083,2.123134,14.869592,1,0,2.8284271247461903,2.9278604607460568,0.0994333359998664,8.281239944646025,1.0,0.1111111111111111,2.8284271247461903,0.3253178289717841,1.227262335243029,1.0,0.5761659596980319,1.0,0.3333333333333333,0.0,0.0,0.6666666666666667,0.0,0.9660389089598489,0.03454773034793955,4.771368560196653,10.163253873174133,0.3333333333333333,0.0,0.8181748901620194,0.0,0.0,0.0,0.9201377716273361,477777.77780000004,23461.111113400002,47092.1111196,1.5904561867322178,2.8781437927461235,3.509871384449372,0.33333333333333326,1.0,1.7825115066315613,0.0662888906665776,0.19205531989934393,2.7604133148820083,0.0,0.9201377716273361,2.503109295774406
0.04924976196,60.0,775.0,10.0,6.0,304.7445,0.064,100.3325,0.0,0.013,1.0,0.5,1.0,1.0,3.337852306,60.0,60.0,60.0,4.563540529,111.4290702,106.1793705,105.3999402,0.3,0.6350364964,93.35707715,1.0,0.0,288.4444444,0.0,0.0,644.4444444,154.4444444,1.4142136,1.4142136,1.4142136,2.8693706,1.2932648,12.70171,1,0,2.8284271247461903,3.7440805499872623,0.915653425241072,10.589858984818608,1.0,0.3333333333333333,2.8284271247461903,1.248026849995754,1.590869007030706,0.8888888888888888,0.4486177232736354,1.0,0.3333333333333333,1.0,0.0,0.6666666666666667,1.0,0.7554397106123734,0.2786313741328244,4.750798427558176,16.84707844777358,0.3333333333333333,0.0,1.0605793380204709,1.590869007030706,0.0,0.0,3.529952994939536,0.0,0.0,0.0,1.5835994758527252,3.2862538373667265,5.8390605572604315,0.33333333333333326,0.0,1.733138716943937,0.6104356168273813,0.1495392410912118,3.529952994939536,0.0,3.529952994939536,1.5804002747504362
0.03333333333,50.0,479.6,5.0,13.0,7609.472,5.85,210.978,0.0,0.333,1.0,0.5,1.0,1.0,3.615262885,109.4712206,109.4712206,109.4712206,4.563540529,111.4290702,106.1793705,105.3999402,0.3,0.5798319328,93.35707715,1.0,0.0,288.4444444,0.0,0.0,644.4444444,154.4444444,5.6568544,5.6568544,5.6568544,2.9217714,1.1184752,17.780134,1,0,3.872983346207417,3.7440805499872623,0.1289027962201547,14.500761616959773,1.0,0.3333333333333333,3.872983346207417,1.248026849995754,1.2372809695177829,0.8888888888888888,0.549442255794756,0.0,0.3333333333333333,1.0,0.0,0.3333333333333333,1.0,1.0344284248575553,0.033845796133098946,7.967331173564392,17.94151639217824,0.0,0.0,0.41242698983926096,1.2372809695177829,0.0,0.0,4.833587205653258,0.0,0.0,0.0,0.0,3.8085319480973396,6.533430443395381,0.6666666666666667,0.0,5.677848952906099,0.04296759874005156,0.0,0.0,0.0,4.833587205653258,2.624956496211663
0.01219512195,60.0,824.8,5.0,15.1,192.165,0.073,1482.057,1.0,0.43,0.0,0.5,1.0,1.0,3.68816149,60.0,60.0,60.0,1.86172354,30.0,30.0,30.0,0.4,0.8015873016,146.56581,1.0,0.0,288.4444444,0.0,0.0,644.4444444,154.4444444,0.0,0.0,0.0,2.897249,1.443376,11.54701,1,0,4.898979485566356,3.7440805499872623,1.1548989355790935,18.342173806695595,1.0,0.3333333333333333,4.898979485566356,1.248026849995754,1.2372809695177829,0.8888888888888888,0.549442255794756,0.0,0.3333333333333333,1.0,0.0,0.3333333333333333,1.0,1.3084599588805383,0.2672430662649418,10.077965352530315,22.694422590612007,0.0,0.0,0.41242698983926096,1.2372809695177829,0.0,0.0,6.1140579355651985,0.0,0.0,0.0,0.0,4.321530017776809,8.26420845416528,0.6666666666666667,0.0,7.084938405550048,0.3849663118596978,0.0,0.0,0.0,6.1140579355651985,3.6509526355706017
0.1666666667,60.0,846.8,5.0,14.0,600.0,6.0,1600.0,0.0,1.1578644,1.0,5.0,1.0,1.0,5.438645986,91.9379877,94.96272067,131.2940098,5.142692,74.87633512,90.0,90.0,0.5,0.1026548673,83.05182435,1.08629295,238.3333333,275.0,766.6666667,323.3333333,685.7142857,201.4285714,3.015985,1.6428568,10.0,2.8855746,1.5626224,11.550872,1,0,3.8667966521733206,3.7158067079548327,0.1509899442184878,14.368268938442917,0.6666666666666666,0.4285714285714285,2.5778644347822137,1.5924885891234997,0.4205600412537069,1.3333333333333333,0.9396184772996338,0.6666666666666666,0.4285714285714285,0.0,0.0,0.238095238095238,0.0,1.0406344989605898,0.03982535724186484,13.500690981371358,6.0427197774959085,0.28571428571428564,0.0,0.10013334315564446,0.0,0.0,0.0,4.105219696697976,525714.2857261904,65128.57141261905,65541.6666575,3.8573402803918158,3.791301680064077,0.8675779570715579,0.7619047619047619,1.0,11.002140539939804,0.03594998671868756,0.2684624220856096,4.105219696697975,0.0,4.105219696697976,0.9853758456587141
0.1875,60.0,800.0,5.0,15.0,500.0,8.0,500.0,0.0,0.8319,1.16,5.0,1.0,1.0,4.901977892,98.85654507,98.85613325,135.1859263,5.142692,74.87633512,90.0,90.0,0.5454545455,-0.0989010989,65.38484046,1.000014852,226.5,275.0,825.0,371.25,685.7142857,201.4285714,3.015985,1.6428568,10.0,2.8855746,1.5626224,11.550872,1,0,3.6072042703165375,3.7158067079548327,0.1086024376382943,13.40367382460551,0.75,0.4285714285714285,2.705403202737404,1.5924885891234997,0.5101020306102035,1.25,0.9097816785925636,0.75,0.4285714285714285,0.0,0.0,0.3214285714285714,0.0,0.9707728507208067,0.029660596621780413,12.19441687145681,6.837241235568104,0.3214285714285714,0.0,0.16396136698185113,0.0,0.0,0.0,4.308323729337486,565714.2857025,74780.35713225,62287.5,3.9196339943968312,3.661505489135685,1.2092569531487016,0.6785714285714285,1.0,8.892134730390644,0.03490792638373745,0.2924298252618954,4.308323729337485,0.0,4.308323729337486,1.1129146136139045
0.03333333333,60.0,1150.0,2.0,11.06,119.181,0.245,18.75,0.0,0.043,1.0,0.02,1.0,1.0,3.011828164,107.2949512,89.50258333,120.0378437,2.843446,90.0,90.0,90.0,0.75,-0.2827586207,202.2194197,1.757954164,266.0,185.5,750.0,250.0,850.0,485.0,2.8888202,2.3,10.0,0.7402628,0.273585,2.011192,1,0,3.350705235476804,4.385981415886887,1.035276180410083,14.696130892916155,0.5,1.0,1.675352617738402,4.385981415886887,0.7071067811865476,1.25,0.8333333333333336,0.5,1.0,0.0,0.0,0.5,0.0,0.7639579195890598,0.26762779065152503,12.2467757440968,10.391733811586127,0.5,0.0,0.3535533905932738,0.0,0.0,0.0,7.348065446458079,637500.0,121250.0,49343.0,6.1233878720484,3.8683433256818454,2.4493551488193552,0.5,1.0,6.540054538715067,0.5176380902050415,0.4166666666666668,7.348065446458078,0.0,7.348065446458079,2.710628798148485
0.03333333333,60.0,1150.0,2.0,11.898,46.121,0.047,27.155,0.0,0.047,1.0,5.0,1.0,1.0,3.011828164,107.2949512,89.50258333,120.0378437,2.843446,90.0,90.0,90.0,0.75,0.1310344828,202.2194197,1.757954164,266.0,185.5,750.0,250.0,850.0,485.0,2.9033238,2.2,10.0,0.0,-2.22e-16,0.0,1,0,3.350705235476804,4.385981415886887,1.035276180410083,14.696130892916155,0.5,1.0,1.675352617738402,4.385981415886887,0.7071067811865476,1.25,0.8333333333333336,0.5,1.0,0.0,0.0,0.5,0.0,0.7639579195890598,0.26762779065152503,12.2467757440968,10.391733811586127,0.5,0.0,0.3535533905932738,0.0,0.0,0.0,7.348065446458079,637500.0,121250.0,49343.0,6.1233878720484,3.8683433256818454,2.4493551488193552,0.5,1.0,6.540054538715067,0.5176380902050415,0.4166666666666668,7.348065446458078,0.0,7.348065446458079,2.710628798148485
0.03333333333,60.0,1150.0,2.0,5.2175,1493.5,0.775,19.4,1.0,0.019,1.0,5.0,1.0,1.0,3.011828164,107.2949512,89.50258333,120.0378437,2.843446,90.0,90.0,90.0,0.75,0.4662068966,202.2194197,1.757954164,266.0,185.5,750.0,250.0,850.0,485.0,2.921358,2.2079216,9.4146768,1.1597564,1.1052632,4.0295566,1,0,3.350705235476804,4.385981415886887,1.035276180410083,14.696130892916155,0.5,1.0,1.675352617738402,4.385981415886887,0.7071067811865476,1.25,0.8333333333333336,0.5,1.0,0.0,0.0,0.5,0.0,0.7639579195890598,0.26762779065152503,12.2467757440968,10.391733811586127,0.5,0.0,0.3535533905932738,0.0,0.0,0.0,7.348065446458079,637500.0,121250.0,49343.0,6.1233878720484,3.8683433256818454,2.4493551488193552,0.5,1.0,6.540054538715067,0.5176380902050415,0.4166666666666668,7.348065446458078,0.0,7.348065446458079,2.710628798148485
0.15,2.0,392.0,142.4,68.73,571.0,36.365,1.0,0.0,0.0,0.0,0.44,1.0,1.333333333,7.081543726,24.24956612,24.24956612,24.24956742,5.472539806,117.5959333,119.9996129,90.00006706,0.375,0.7967532468,38.66066821,0.9999999617,284.6666667,272.8,600.0,150.0,600.0,180.0,3.191218,1.767767,14.14214,2.820943,1.440876,12.24745,1,0,4.19501915992263,4.468337566957918,0.2733184070352878,18.74476170639053,0.3333333333333333,0.4,1.39833971997421,1.7873350267831674,0.1333333333333333,1.0666666666666669,0.9922778767136674,0.3333333333333333,0.4,0.0,0.0,0.0666666666666667,0.0,0.938832193779467,0.0630975763831272,18.600012345520856,2.49930156085207,0.13333333333333333,0.0,0.00888888888888889,0.0,0.0,0.0,2.4993015608520714,360000.0,27000.0,77657.06667576001,2.4800016460694474,4.331678363440274,0.1447493608696738,0.9333333333333333,1.0,18.286137540752225,0.01822122713568586,0.13230371689515566,2.4993015608520706,0.0,2.4993015608520714,0.38899530680895733
0.15,2.0,392.0,106.4,53.25,409.5,24.9,45.5,0.0,0.0,0.0,0.46,1.0,1.333333333,3.666722,90.0,90.0,90.0,7.081543726,24.24956612,24.24956612,24.24956742,0.2857142857,0.7967532468,41.51637148,1.0,299.5,284.6666667,600.0,112.5,600.0,150.0,2.8199368,1.4437908,12.630574,2.897249,1.443376,11.54701,1,0,3.85337115112852,4.19501915992263,0.34164800879411,16.164965809277263,0.25,0.3333333333333333,0.96334278778213,1.39833971997421,0.1666666666666666,1.1666666666666667,0.9899494936611664,0.25,0.3333333333333333,0.0,0.0,0.0833333333333333,0.0,0.91855865373783,0.0848984690705202,16.002499717944094,2.694160968212876,0.08333333333333333,0.0,0.013888888888888878,0.0,0.0,0.0,1.3470804841064385,360000.0,16875.0,85257.66667665,1.3335416431620077,4.024195155525575,0.16246609133317022,0.9166666666666667,1.0,15.576411777304822,0.028470667399509157,0.08249579113843053,1.3470804841064385,0.0,1.3470804841064385,0.43499693219208
0.01090909091,10.0,510.0,10.0,5.3425,5500.0,1.4235,1200.0,0.0,0.2585,1.0,5.0,1.0,92.90540541,3.788512,90.0,90.0,90.0,0.0,0.0,0.0,0.0,0.4,0.7798941799,100.9631222,1.0,279.6,0.0,680.0,188.0,0.0,0.0,3.4097922,2.6378014,10.625864,1.4142136,1.4142136,0.0,0,0,3.656648069074256,0.0,3.656648069074256,0.0,0.4,0.0,1.4626592276297026,0.0,1.2328828005937953,0.0,0.0,0.4,0.0,0.0,0.0,0.4,0.0,365664807.9074256,1.99999998906102,0.0,0.0,0.0,0.0,0.4931531202375181,0.0,0.0,0.0,0.0,0.0,0.0,0.0,0.0,1.828324034537128,0.0,0.6,1.0,0.0,1.4626592276297026,0.0,0.0,0.0,0.0,1.4626592276297026
0.009230769231,10.0,510.0,10.0,7.361,4184.0,2.11,894.0,0.0,0.47,1.0,5.0,1.0,88.55585831,3.788512,90.0,90.0,90.0,0.0,0.0,0.0,0.0,0.4,0.7798941799,100.9631222,1.0,279.6,0.0,680.0,188.0,0.0,0.0,3.5161422,2.6519306,9.77059,1.4142136,1.4142136,0.0,0,0,3.656648069074256,0.0,3.656648069074256,0.0,0.4,0.0,1.4626592276297026,0.0,1.2328828005937953,0.0,0.0,0.4,0.0,0.0,0.0,0.4,0.0,365664807.9074256,1.99999998906102,0.0,0.0,0.0,0.0,0.4931531202375181,0.0,0.0,0.0,0.0,0.0,0.0,0.0,0.0,1.828324034537128,0.0,0.6,1.0,0.0,1.4626592276297026,0.0,0.0,0.0,0.0,1.4626592276297026
0.008,10.0,510.0,10.0,7.1705,4144.0,2.241,685.0,0.0,0.402,0.0,5.0,1.0,77.96257796,3.788512,90.0,90.0,90.0,0.0,0.0,0.0,0.0,0.4,0.7798941799,100.9631222,1.0,279.6,0.0,680.0,188.0,0.0,0.0,3.4419064,2.8631026,11.189476,1.4142136,1.4142136,0.0,0,0,3.656648069074256,0.0,3.656648069074256,0.0,0.4,0.0,1.4626592276297026,0.0,1.2328828005937953,0.0,0.0,0.4,0.0,0.0,0.0,0.4,0.0,365664807.9074256,1.99999998906102,0.0,0.0,0.0,0.0,0.4931531202375181,0.0,0.0,0.0,0.0,0.0,0.0,0.0,0.0,1.828324034537128,0.0,0.6,1.0,0.0,1.4626592276297026,0.0,0.0,0.0,0.0,1.4626592276297026
0.01090909091,50.0,510.0,50.0,4.988,1352.0,0.55,19.0,0.0,0.091,0.8,5.0,1.0,92.90540541,3.788512,90.0,90.0,90.0,0.0,0.0,0.0,0.0,0.4,0.7798941799,100.9631222,1.0,279.6,0.0,680.0,188.0,0.0,0.0,2.7290686,2.1004398,6.727146,2.8284272,2.8284272,0.0,0,0,3.656648069074256,0.0,3.656648069074256,0.0,0.4,0.0,1.4626592276297026,0.0,1.2328828005937953,0.0,0.0,0.4,0.0,0.0,0.0,0.4,0.0,365664807.9074256,1.99999998906102,0.0,0.0,0.0,0.0,0.4931531202375181,0.0,0.0,0.0,0.0,0.0,0.0,0.0,0.0,1.828324034537128,0.0,0.6,1.0,0.0,1.4626592276297026,0.0,0.0,0.0,0.0,1.4626592276297026
0.009230769231,50.0,510.0,50.0,6.977,783.0,0.6835,18.0,0.0,0.0185,1.0,5.0,1.0,88.55585831,3.788512,90.0,90.0,90.0,0.0,0.0,0.0,0.0,0.4,0.7798941799,100.9631222,1.0,279.6,0.0,680.0,188.0,0.0,0.0,2.7290686,2.1004398,6.727146,2.8284272,2.8284272,0.0,0,0,3.656648069074256,0.0,3.656648069074256,0.0,0.4,0.0,1.4626592276297026,0.0,1.2328828005937953,0.0,0.0,0.4,0.0,0.0,0.0,0.4,0.0,365664807.9074256,1.99999998906102,0.0,0.0,0.0,0.0,0.4931531202375181,0.0,0.0,0.0,0.0,0.0,0.0,0.0,0.0,1.828324034537128,0.0,0.6,1.0,0.0,1.4626592276297026,0.0,0.0,0.0,0.0,1.4626592276297026
0.008,50.0,510.0,50.0,6.757,1026.0,1.2269,41.0,0.0,0.0,0.0,5.0,1.0,77.96257796,3.788512,90.0,90.0,90.0,0.0,0.0,0.0,0.0,0.4,0.7798941799,100.9631222,1.0,279.6,0.0,680.0,188.0,0.0,0.0,3.4274284,2.6999068,10.682798,1.4142136,1.4142136,0.0,0,0,3.656648069074256,0.0,3.656648069074256,0.0,0.4,0.0,1.4626592276297026,0.0,1.2328828005937953,0.0,0.0,0.4,0.0,0.0,0.0,0.4,0.0,365664807.9074256,1.99999998906102,0.0,0.0,0.0,0.0,0.4931531202375181,0.0,0.0,0.0,0.0,0.0,0.0,0.0,0.0,1.828324034537128,0.0,0.6,1.0,0.0,1.4626592276297026,0.0,0.0,0.0,0.0,1.4626592276297026
0.01090909091,100.0,510.0,100.0,4.635,986.0,0.55,12.0,0.0,0.01,0.6,5.0,1.0,92.90540541,3.788512,90.0,90.0,90.0,0.0,0.0,0.0,0.0,0.4,0.7798941799,100.9631222,1.0,279.6,0.0,680.0,188.0,0.0,0.0,3.3963442,2.7210726,10.625864,1.4142136,1.4142136,0.0,0,0,3.656648069074256,0.0,3.656648069074256,0.0,0.4,0.0,1.4626592276297026,0.0,1.2328828005937953,0.0,0.0,0.4,0.0,0.0,0.0,0.4,0.0,365664807.9074256,1.99999998906102,0.0,0.0,0.0,0.0,0.4931531202375181,0.0,0.0,0.0,0.0,0.0,0.0,0.0,0.0,1.828324034537128,0.0,0.6,1.0,0.0,1.4626592276297026,0.0,0.0,0.0,0.0,1.4626592276297026
0.009230769231,100.0,510.0,100.0,6.5,257.0,0.303,4.0,0.0,0.016,1.0,5.0,1.0,88.55585831,3.788512,90.0,90.0,90.0,0.0,0.0,0.0,0.0,0.4,0.7798941799,100.9631222,1.0,279.6,0.0,680.0,188.0,0.0,0.0,4.0770678,3.2584342,14.524582,0.0,-2.22e-16,0.0,0,0,3.656648069074256,0.0,3.656648069074256,0.0,0.4,0.0,1.4626592276297026,0.0,1.2328828005937953,0.0,0.0,0.4,0.0,0.0,0.0,0.4,0.0,365664807.9074256,1.99999998906102,0.0,0.0,0.0,0.0,0.4931531202375181,0.0,0.0,0.0,0.0,0.0,0.0,0.0,0.0,1.828324034537128,0.0,0.6,1.0,0.0,1.4626592276297026,0.0,0.0,0.0,0.0,1.4626592276297026
0.008,100.0,510.0,100.0,6.4125,407.0,0.8655,8.0,0.0,0.0,0.0,5.0,1.0,77.96257796,3.788512,90.0,90.0,90.0,0.0,0.0,0.0,0.0,0.4,0.7798941799,100.9631222,1.0,279.6,0.0,680.0,188.0,0.0,0.0,4.0615598,2.8487714,13.511226,0.0,-2.22e-16,0.0,0,0,3.656648069074256,0.0,3.656648069074256,0.0,0.4,0.0,1.4626592276297026,0.0,1.2328828005937953,0.0,0.0,0.4,0.0,0.0,0.0,0.4,0.0,365664807.9074256,1.99999998906102,0.0,0.0,0.0,0.0,0.4931531202375181,0.0,0.0,0.0,0.0,0.0,0.0,0.0,0.0,1.828324034537128,0.0,0.6,1.0,0.0,1.4626592276297026,0.0,0.0,0.0,0.0,1.4626592276297026
1.038062284,62.0,835.0,362.4,0.63,35.39,0.006,2.3,0.0,0.002,1.0,2.0,1.0,1.0,2.920997,90.0,90.0,90.0,5.807719301,58.97909506,58.97909506,58.97910362,0.4,0.9440559441,53.91531232,1.268500447,281.0,277.5714286,633.3333333,136.6666667,742.8571429,216.4285714,2.896064,1.1527008,12.24745,2.8898744,1.4961946,11.548762,1,0,3.8576446775306654,3.126871759449398,0.7307729180812674,12.062360200160915,0.3333333333333333,0.4285714285714285,1.2858815591768884,1.3400878969068848,0.4714045207910316,1.380952380952381,0.9263710192499128,0.3333333333333333,0.4285714285714285,0.0,0.0,0.0952380952380952,0.0,1.233707350976515,0.20925512097575785,11.17422091318265,5.686251129765669,0.14285714285714282,0.0,0.0448956686467649,0.0,0.0,0.0,1.7231943143087023,470476.19047857146,29578.571431880955,77997.5714366,1.5963172733118067,3.492258218490032,0.8881392869782656,0.9047619047619049,1.0,10.948154605534224,0.0695974207696445,0.1323387170357018,1.7231943143087018,0.0,1.7231943143087023,0.05420633772999639
0.6564551422,62.0,835.0,362.4,2.31,16.08,0.02,15.01,0.0,0.02,1.0,2.0,1.0,1.0,2.920997,90.0,90.0,90.0,5.807719301,58.97909506,58.97909506,58.97910362,0.4,0.9440559441,53.91531232,1.268500447,281.0,277.5714286,633.3333333,136.6666667,742.8571429,216.4285714,2.9675296,2.013712,12.797698,2.8822746,1.8660256,10.928206,1,0,3.8576446775306654,3.126871759449398,0.7307729180812674,12.062360200160915,0.3333333333333333,0.4285714285714285,1.2858815591768884,1.3400878969068848,0.4714045207910316,1.380952380952381,0.9263710192499128,0.3333333333333333,0.4285714285714285,0.0,0.0,0.0952380952380952,0.0,1.233707350976515,0.20925512097575785,11.17422091318265,5.686251129765669,0.14285714285714282,0.0,0.0448956686467649,0.0,0.0,0.0,1.7231943143087023,470476.19047857146,29578.571431880955,77997.5714366,1.5963172733118067,3.492258218490032,0.8881392869782656,0.9047619047619049,1.0,10.948154605534224,0.0695974207696445,0.1323387170357018,1.7231943143087018,0.0,1.7231943143087023,0.05420633772999639
0.3318584071,62.0,835.0,362.4,2.58,15.64,0.33,14.16,0.0,0.165,1.0,2.0,1.0,1.0,2.920997,90.0,90.0,90.0,5.807719301,58.97909506,58.97909506,58.97910362,0.4,0.9440559441,53.91531232,1.268500447,281.0,277.5714286,633.3333333,136.6666667,742.8571429,216.4285714,2.9975812,2.3373616,11.898718,2.8747874,2.0773504,10.618804,1,0,3.8576446775306654,3.126871759449398,0.7307729180812674,12.062360200160915,0.3333333333333333,0.4285714285714285,1.2858815591768884,1.3400878969068848,0.4714045207910316,1.380952380952381,0.9263710192499128,0.3333333333333333,0.4285714285714285,0.0,0.0,0.0952380952380952,0.0,1.233707350976515,0.20925512097575785,11.17422091318265,5.686251129765669,0.14285714285714282,0.0,0.0448956686467649,0.0,0.0,0.0,1.7231943143087023,470476.19047857146,29578.571431880955,77997.5714366,1.5963172733118067,3.492258218490032,0.8881392869782656,0.9047619047619049,1.0,10.948154605534224,0.0695974207696445,0.1323387170357018,1.7231943143087018,0.0,1.7231943143087023,0.05420633772999639
0.1599147122,62.0,835.0,362.4,5.59,15.6,0.1,12.71,0.0,0.21,1.0,2.0,1.0,1.0,2.920997,90.0,90.0,90.0,5.807719301,58.97909506,58.97909506,58.97910362,0.4,0.9440559441,53.91531232,1.268500447,281.0,277.5714286,633.3333333,136.6666667,742.8571429,216.4285714,2.9975812,2.3373616,11.898718,2.8747874,2.0773504,10.618804,1,0,3.8576446775306654,3.126871759449398,0.7307729180812674,12.062360200160915,0.3333333333333333,0.4285714285714285,1.2858815591768884,1.3400878969068848,0.4714045207910316,1.380952380952381,0.9263710192499128,0.3333333333333333,0.4285714285714285,0.0,0.0,0.0952380952380952,0.0,1.233707350976515,0.20925512097575785,11.17422091318265,5.686251129765669,0.14285714285714282,0.0,0.0448956686467649,0.0,0.0,0.0,1.7231943143087023,470476.19047857146,29578.571431880955,77997.5714366,1.5963172733118067,3.492258218490032,0.8881392869782656,0.9047619047619049,1.0,10.948154605534224,0.0695974207696445,0.1323387170357018,1.7231943143087018,0.0,1.7231943143087023,0.05420633772999639
0.25,10.0,858.0,10.0,17.5,439.986,4.985,42.394,1.0,0.22,1.0,0.0,1.0,1.0,5.142692,74.87633512,90.0,90.0,3.788512,90.0,90.0,90.0,0.4166666667,0.8645833333,67.94224223,1.708366274,275.0,279.6,685.7142857,201.4285714,680.0,188.0,2.8897618,1.6547008,11.237608,2.8362042,1.441376,12.107362,1,0,3.7158067079548327,3.656648069074256,0.0591586388805764,13.587397423696208,0.4285714285714285,0.4,1.5924885891234997,1.4626592276297026,0.0404061017820884,1.5142857142857142,0.9994664294862464,0.4285714285714285,0.4,0.0,0.0,0.0285714285714285,0.0,1.0161783791060237,0.01604855926805162,13.580147589072272,0.5490137632555547,0.1714285714285714,0.0,0.0011544600509168087,0.0,0.0,0.0,2.329268129776493,466285.714276,37868.5714232,76890.0,2.3280253009838177,3.6862273885145447,0.007249834623935634,0.9714285714285715,1.0,14.163053618028277,0.0016902468251593216,0.17133710219764223,2.3292681297764926,0.0,2.329268129776493,0.1298293614937971
0.25,10.0,858.0,10.0,16.68,456.0,5.168,151.6,0.0,1.042,1.0,0.05,1.0,1.0,5.142692,74.87633512,90.0,90.0,3.788512,90.0,90.0,90.0,0.4166666667,0.859375,67.94224223,1.708366274,275.0,279.6,685.7142857,201.4285714,680.0,188.0,2.897249,1.443376,11.54701,2.828717,1.6527008,11.79796,1,0,3.7158067079548327,3.656648069074256,0.0591586388805764,13.587397423696208,0.4285714285714285,0.4,1.5924885891234997,1.4626592276297026,0.0404061017820884,1.5142857142857142,0.9994664294862464,0.4285714285714285,0.4,0.0,0.0,0.0285714285714285,0.0,1.0161783791060237,0.01604855926805162,13.580147589072272,0.5490137632555547,0.1714285714285714,0.0,0.0011544600509168087,0.0,0.0,0.0,2.329268129776493,466285.714276,37868.5714232,76890.0,2.3280253009838177,3.6862273885145447,0.007249834623935634,0.9714285714285715,1.0,14.163053618028277,0.0016902468251593216,0.17133710219764223,2.3292681297764926,0.0,2.329268129776493,0.1298293614937971
0.25,10.0,858.0,10.0,18.0,359.99,7.494,119.998,0.0,3.2,1.0,5.0,1.0,1.0,5.142692,74.87633512,90.0,90.0,3.788512,90.0,90.0,90.0,0.4166666667,0.8645833333,67.94224223,1.708366274,275.0,279.6,685.7142857,201.4285714,680.0,188.0,2.897249,1.443376,11.54701,2.828717,1.6527008,11.79796,1,0,3.7158067079548327,3.656648069074256,0.0591586388805764,13.587397423696208,0.4285714285714285,0.4,1.5924885891234997,1.4626592276297026,0.0404061017820884,1.5142857142857142,0.9994664294862464,0.4285714285714285,0.4,0.0,0.0,0.0285714285714285,0.0,1.0161783791060237,0.01604855926805162,13.580147589072272,0.5490137632555547,0.1714285714285714,0.0,0.0011544600509168087,0.0,0.0,0.0,2.329268129776493,466285.714276,37868.5714232,76890.0,2.3280253009838177,3.6862273885145447,0.007249834623935634,0.9714285714285715,1.0,14.163053618028277,0.0016902468251593216,0.17133710219764223,2.3292681297764926,0.0,2.329268129776493,0.1298293614937971
0.25,10.0,858.0,10.0,0.0015,367.175,0.00045,279.449,0.0,3e-05,1.0,0.05,1.0,1.0,5.142692,74.87633512,90.0,90.0,3.788512,90.0,90.0,90.0,0.4166666667,0.859375,67.94224223,1.708366274,275.0,279.6,685.7142857,201.4285714,680.0,188.0,2.897249,1.443376,11.54701,2.828717,1.6527008,11.79796,1,0,3.7158067079548327,3.656648069074256,0.0591586388805764,13.587397423696208,0.4285714285714285,0.4,1.5924885891234997,1.4626592276297026,0.0404061017820884,1.5142857142857142,0.9994664294862464,0.4285714285714285,0.4,0.0,0.0,0.0285714285714285,0.0,1.0161783791060237,0.01604855926805162,13.580147589072272,0.5490137632555547,0.1714285714285714,0.0,0.0011544600509168087,0.0,0.0,0.0,2.329268129776493,466285.714276,37868.5714232,76890.0,2.3280253009838177,3.6862273885145447,0.007249834623935634,0.9714285714285715,1.0,14.163053618028277,0.0016902468251593216,0.17133710219764223,2.3292681297764926,0.0,2.329268129776493,0.1298293614937971
0.25,10.0,858.0,10.0,0.0013,345.785,70.1688,142.541,0.0,1.4,1.0,5.0,1.0,1.0,5.142692,74.87633512,90.0,90.0,3.788512,90.0,90.0,90.0,0.4166666667,0.8645833333,67.94224223,1.708366274,275.0,279.6,685.7142857,201.4285714,680.0,188.0,2.8667266,1.442376,11.827186,2.859352,1.4951946,11.828938,1,0,3.7158067079548327,3.656648069074256,0.0591586388805764,13.587397423696208,0.4285714285714285,0.4,1.5924885891234997,1.4626592276297026,0.0404061017820884,1.5142857142857142,0.9994664294862464,0.4285714285714285,0.4,0.0,0.0,0.0285714285714285,0.0,1.0161783791060237,0.01604855926805162,13.580147589072272,0.5490137632555547,0.1714285714285714,0.0,0.0011544600509168087,0.0,0.0,0.0,2.329268129776493,466285.714276,37868.5714232,76890.0,2.3280253009838177,3.6862273885145447,0.007249834623935634,0.9714285714285715,1.0,14.163053618028277,0.0016902468251593216,0.17133710219764223,2.3292681297764926,0.0,2.329268129776493,0.1298293614937971
0.375,1.0,1400.0,300.0,46.124,46.0,5.6758,3.0,1.0,0.0,1.0,1.0,1.0,1.0,2.489759746,60.0,60.0,60.0,4.961992,90.0,90.0,90.0,0.5,-0.6925373134,313.6025557,1.0,188.0,51.66666667,900.0,500.0,233.3333333,136.6666667,0.0,0.0,0.0,3.0380178,1.2,10.89898,1,0,3.872983346207417,3.12672713274579,0.7462562134616268,12.109762113259311,1.0,0.3333333333333333,3.872983346207417,1.04224237758193,1.247219128924647,1.0,0.5669467095138409,1.0,0.3333333333333333,0.0,0.0,0.6666666666666667,0.0,1.2386700787732596,0.21322487939272003,6.865589783107742,15.103526954383971,0.3333333333333333,0.0,0.8314794192830981,0.0,0.0,0.0,4.036587371086438,209999.99997,68333.33335,9713.33333396,2.2885299277025806,3.4998552394766036,5.244172330151569,0.33333333333333326,1.0,2.4775121642071936,0.4975041423077513,0.1889822365046136,4.036587371086437,0.0,4.036587371086438,2.830740968625487
0.375,1.0,1400.0,14.0,11.6987,175.5,3.9571,39.1,0.0,0.0,1.0,1.0,1.0,1.0,2.489759746,60.0,60.0,60.0,4.961992,90.0,90.0,90.0,0.5,-2.71641791,313.6025557,1.0,188.0,51.66666667,900.0,500.0,233.3333333,136.6666667,0.0,0.0,0.0,2.785566,2.037707,11.54701,1,0,3.872983346207417,3.12672713274579,0.7462562134616268,12.109762113259311,1.0,0.3333333333333333,3.872983346207417,1.04224237758193,1.247219128924647,1.0,0.5669467095138409,1.0,0.3333333333333333,0.0,0.0,0.6666666666666667,0.0,1.2386700787732596,0.21322487939272003,6.865589783107742,15.103526954383971,0.3333333333333333,0.0,0.8314794192830981,0.0,0.0,0.0,4.036587371086438,209999.99997,68333.33335,9713.33333396,2.2885299277025806,3.4998552394766036,5.244172330151569,0.33333333333333326,1.0,2.4775121642071936,0.4975041423077513,0.1889822365046136,4.036587371086437,0.0,4.036587371086438,2.830740968625487
0.1124606388,30.0,200.0,5.0,48.4,4222.5,41.47,543.94,0.0,4.0,1.0,1.0,1.0,1.0,3.451777208,98.9781769,95.90043925,114.0075735,3.43396276,89.99988972,60.03562403,59.97819011,0.4,0.8305084746,43.71000419,1.227908986,121.6666667,249.5,433.3333333,301.6666667,650.0,205.0,0.8960482,0.8379556,0.8482898,3.196089,1.583591,12.99202,1,0,3.857644677530666,4.372253453922903,0.5146087763922376,16.866600265340757,0.3333333333333333,0.5,1.2858815591768886,2.186126726961452,0.7817359599705717,1.3333333333333337,0.816496580927726,1.0,0.5,0.0,0.0,0.5,0.0,0.8823012479403431,0.12505835841998775,13.771521448525405,13.185227949866055,0.5,0.0,0.39086797998528583,0.0,0.0,0.0,2.81110004422346,281666.666645,61841.6666735,30355.83334165,6.885760724262703,4.114949065726785,3.0950788168153522,0.5,1.0,7.294009014726566,0.2573043881961188,0.408248290463863,8.433300132670379,0.0,2.81110004422346,0.9002451677845635
0.06033546519,30.0,200.0,10.0,55.0,2564.65,34.3,284.39,0.0,0.0,0.0,1.0,1.0,1.0,2.924839357,90.0,90.0,119.9999855,3.43396276,89.99988972,60.03562403,59.97819011,0.4,0.8305084746,43.71000419,1.176906346,121.6666667,249.5,433.3333333,301.6666667,650.0,205.0,0.8960482,0.8379556,0.8482898,3.0142694,1.306547,11.79796,1,0,3.857644677530666,4.372253453922903,0.5146087763922376,16.866600265340757,0.3333333333333333,0.5,1.2858815591768886,2.186126726961452,0.7817359599705717,1.3333333333333337,0.816496580927726,1.0,0.5,0.0,0.0,0.5,0.0,0.8823012479403431,0.12505835841998775,13.771521448525405,13.185227949866055,0.5,0.0,0.39086797998528583,0.0,0.0,0.0,2.81110004422346,281666.666645,61841.6666735,30355.83334165,6.885760724262703,4.114949065726785,3.0950788168153522,0.5,1.0,7.294009014726566,0.2573043881961188,0.408248290463863,8.433300132670379,0.0,2.81110004422346,0.9002451677845635
0.073863,30.0,200.0,20.0,56.0,855.25,21.0,25.25,0.0,0.0,0.0,1.0,1.0,1.0,2.924839,90.0,90.0,120.0,3.433963,89.99989,60.03562,59.97819,0.4,0.830508,43.71,1.176906,121.6667,249.5,433.3333,301.6667,650.0,205.0,4.480241,4.189778,4.241449,3.787575,0.769231,10.0,1,0,3.857644677530666,4.372253453922903,0.5146087763922376,16.866600265340757,0.3333333333333333,0.5,1.2858815591768886,2.186126726961452,0.7817359599705717,1.3333333333333337,0.816496580927726,1.0,0.5,0.0,0.0,0.5,0.0,0.8823012479403431,0.12505835841998775,13.771521448525405,13.185227949866055,0.5,0.0,0.39086797998528583,0.0,0.0,0.0,2.81110004422346,281666.645,61841.6735,30355.841650000002,6.885760724262703,4.114949065726785,3.0950788168153522,0.5,1.0,7.294009014726566,0.2573043881961188,0.408248290463863,8.433300132670379,0.0,2.81110004422346,0.9002451677845635
0.375,40.0,1140.0,2.0,19.9104,500.0,11.2458,35.0,0.0,0.7163,1.0,5.0,1.0,1.0,2.48976,60.0,60.0,60.0,2.416394,109.4712,109.4712,109.4712,1.0,0.882227,353.833,1.0,188.0,191.0,900.0,500.0,1000.0,515.0,0.0,0.0,0.0,0.0,-2.22e-16,0.0,1,0,3.872983346207417,2.8284271247461903,1.0445562214612267,10.954451150103324,1.0,1.0,3.872983346207417,2.8284271247461903,1.4142135623730951,1.0,0.4999999999999999,1.0,1.0,0.0,0.0,0.0,0.0,1.36930639245722,0.3117421990105808,5.477225575051661,15.491933384829672,1.0,0.0,0.0,0.0,0.0,0.0,10.954451150103324,900000.0,257500.0,35908.0,5.477225575051661,3.350705235476804,5.477225575051663,1.0,1.0,5.977225575051661,0.0,0.4999999999999999,10.954451150103324,0.0,10.954451150103324,1.0445562214612267
0.375,40.0,1140.0,2.0,24.2,1100.0,13.54,144.0,0.0,0.7495,1.0,5.0,1.0,1.0,2.48976,60.0,60.0,60.0,2.416394,109.4712,109.4712,109.4712,1.0,0.0,353.833,1.0,188.0,191.0,900.0,500.0,1000.0,515.0,0.0,0.0,0.0,0.0,-2.22e-16,0.0,1,0,3.872983346207417,2.8284271247461903,1.0445562214612267,10.954451150103324,1.0,1.0,3.872983346207417,2.8284271247461903,1.4142135623730951,1.0,0.4999999999999999,1.0,1.0,0.0,0.0,0.0,0.0,1.36930639245722,0.3117421990105808,5.477225575051661,15.491933384829672,1.0,0.0,0.0,0.0,0.0,0.0,10.954451150103324,900000.0,257500.0,35908.0,5.477225575051661,3.350705235476804,5.477225575051663,1.0,1.0,5.977225575051661,0.0,0.4999999999999999,10.954451150103324,0.0,10.954451150103324,1.0445562214612267
0.375,40.0,1140.0,2.0,24.2,1100.0,13.54,585.0,0.0,0.79028,1.0,5.0,1.0,1.0,2.48976,60.0,60.0,60.0,2.416394,109.4712,109.4712,109.4712,1.0,-1.0,353.833,1.0,188.0,191.0,900.0,500.0,1000.0,515.0,0.0,0.0,0.0,0.0,-2.22e-16,0.0,1,0,3.872983346207417,2.8284271247461903,1.0445562214612267,10.954451150103324,1.0,1.0,3.872983346207417,2.8284271247461903,1.4142135623730951,1.0,0.4999999999999999,1.0,1.0,0.0,0.0,0.0,0.0,1.36930639245722,0.3117421990105808,5.477225575051661,15.491933384829672,1.0,0.0,0.0,0.0,0.0,0.0,10.954451150103324,900000.0,257500.0,35908.0,5.477225575051661,3.350705235476804,5.477225575051663,1.0,1.0,5.977225575051661,0.0,0.4999999999999999,10.954451150103324,0.0,10.954451150103324,1.0445562214612267
0.230769,10.0,820.0,50.0,86.0,479.0,39.3,105.0,0.0,9.1,0.0,5.0,1.0,1.0,3.788512,90.0,90.0,90.0,5.142692,74.87634,90.0,90.0,0.416667,0.833333,80.42335,1.0,279.6,275.0,680.0,188.0,685.7143,201.4286,2.820943,1.440876,12.24745,2.897249,1.443376,11.54701,1,0,3.656648069074256,3.7158067079548327,0.0591586388805764,13.587397423696208,0.4,0.4285714285714285,1.4626592276297026,1.5924885891234997,0.0404061017820884,1.5142857142857142,0.9994664294862464,0.4,0.4285714285714285,0.0,0.0,0.0285714285714285,0.0,0.9840791937334304,0.01604855926805162,13.580147589072272,0.5490137632555547,0.1714285714285714,0.0,0.0011544600509168087,0.0,0.0,0.0,2.329268129776493,466285.724,37868.576799999995,76890.0,2.3280253009838177,3.6862273885145447,0.007249834623935634,0.9714285714285715,1.0,14.163053618028277,0.0016902468251593216,0.17133710219764223,2.3292681297764926,0.0,2.329268129776493,0.1298293614937971
0.375,10.0,770.0,50.0,55.0,210.0,38.99,50.0,0.0,6.6,0.0,5.0,1.0,1.0,3.788512,90.0,90.0,90.0,5.142692,74.87634,90.0,90.0,0.416667,0.916055,75.51949,1.0,279.6,275.0,680.0,188.0,685.7143,201.4286,2.820943,1.440876,12.24745,2.897249,1.443376,11.54701,1,0,3.656648069074256,3.7158067079548327,0.0591586388805764,13.587397423696208,0.4,0.4285714285714285,1.4626592276297026,1.5924885891234997,0.0404061017820884,1.5142857142857142,0.9994664294862464,0.4,0.4285714285714285,0.0,0.0,0.0285714285714285,0.0,0.9840791937334304,0.01604855926805162,13.580147589072272,0.5490137632555547,0.1714285714285714,0.0,0.0011544600509168087,0.0,0.0,0.0,2.329268129776493,466285.724,37868.576799999995,76890.0,2.3280253009838177,3.6862273885145447,0.007249834623935634,0.9714285714285715,1.0,14.163053618028277,0.0016902468251593216,0.17133710219764223,2.3292681297764926,0.0,2.329268129776493,0.1298293614937971
0.428571,10.0,1065.2,5.0,51.6237,1401.15,19.0796,10.282,0.0,2.4634,1.0,5.0,1.0,1.0,2.48976,60.0,60.0,60.0,3.011828,107.295,89.50258,120.0378,0.666667,0.828179,264.1796,1.0,188.0,266.0,900.0,500.0,750.0,250.0,0.0,0.0,0.0,2.932331,2.0,10.0,1,0,3.872983346207417,3.350705235476804,0.5222781107306131,12.977225575051664,1.0,0.5,3.872983346207417,1.675352617738402,0.7071067811865476,1.5,0.8660254037844388,1.0,0.5,0.0,0.0,0.5,0.0,1.1558710995052903,0.14460150195534252,11.238607018635863,9.176284205106526,0.5,0.0,0.3535533905932738,0.0,0.0,0.0,6.488612787525832,675000.0,125000.0,50008.0,5.619303509317931,3.6118442908421104,1.7386185564158003,0.5,1.0,6.052316211210151,0.26113905536530657,0.4330127018922194,6.488612787525832,0.0,6.488612787525832,2.197630728469015
0.25,10.0,816.4,5.0,43.1566,1058.6,7.553233,9.4,1.0,0.013438,1.0,5.0,1.0,1.0,2.48976,60.0,60.0,60.0,3.011828,107.295,89.50258,120.0378,0.666667,0.828179,202.4748,1.0,188.0,266.0,900.0,500.0,750.0,250.0,0.0,0.0,0.0,2.932331,2.0,10.0,1,0,3.872983346207417,3.350705235476804,0.5222781107306131,12.977225575051664,1.0,0.5,3.872983346207417,1.675352617738402,0.7071067811865476,1.5,0.8660254037844388,1.0,0.5,0.0,0.0,0.5,0.0,1.1558710995052903,0.14460150195534252,11.238607018635863,9.176284205106526,0.5,0.0,0.3535533905932738,0.0,0.0,0.0,6.488612787525832,675000.0,125000.0,50008.0,5.619303509317931,3.6118442908421104,1.7386185564158003,0.5,1.0,6.052316211210151,0.26113905536530657,0.4330127018922194,6.488612787525832,0.0,6.488612787525832,2.197630728469015
0.375,10.0,1065.2,5.0,51.6237,645.68,19.0796,161.6,0.0,2.4634,1.0,5.0,1.0,1.0,2.48976,60.0,60.0,60.0,3.011828,107.295,89.50258,120.0378,0.666667,0.828179,264.1796,1.0,188.0,266.0,900.0,500.0,750.0,250.0,0.0,0.0,0.0,2.932331,2.0,10.0,1,0,3.872983346207417,3.350705235476804,0.5222781107306131,12.977225575051664,1.0,0.5,3.872983346207417,1.675352617738402,0.7071067811865476,1.5,0.8660254037844388,1.0,0.5,0.0,0.0,0.5,0.0,1.1558710995052903,0.14460150195534252,11.238607018635863,9.176284205106526,0.5,0.0,0.3535533905932738,0.0,0.0,0.0,6.488612787525832,675000.0,125000.0,50008.0,5.619303509317931,3.6118442908421104,1.7386185564158003,0.5,1.0,6.052316211210151,0.26113905536530657,0.4330127018922194,6.488612787525832,0.0,6.488612787525832,2.197630728469015
0.230769,10.0,1065.2,5.0,51.6237,423.4,19.0796,80.8,0.0,2.4634,1.0,5.0,1.0,1.0,2.48976,60.0,60.0,60.0,3.011828,107.295,89.50258,120.0378,0.666667,0.828179,264.1796,1.0,188.0,266.0,900.0,500.0,750.0,250.0,0.0,0.0,0.0,2.932331,2.0,10.0,1,0,3.872983346207417,3.350705235476804,0.5222781107306131,12.977225575051664,1.0,0.5,3.872983346207417,1.675352617738402,0.7071067811865476,1.5,0.8660254037844388,1.0,0.5,0.0,0.0,0.5,0.0,1.1558710995052903,0.14460150195534252,11.238607018635863,9.176284205106526,0.5,0.0,0.3535533905932738,0.0,0.0,0.0,6.488612787525832,675000.0,125000.0,50008.0,5.619303509317931,3.6118442908421104,1.7386185564158003,0.5,1.0,6.052316211210151,0.26113905536530657,0.4330127018922194,6.488612787525832,0.0,6.488612787525832,2.197630728469015
0.034884,42.0,1388.0,10.0,12.0,824.485,3.3735,393.601,0.0,1.1335,1.0,5.0,1.0,1.306991,2.48976,60.0,60.0,60.0,5.47254,117.5959,119.9996,90.00007,0.5,0.446254,136.8903,1.0,188.0,272.8,900.0,500.0,600.0,180.0,0.0,0.0,0.0,3.196548,-2.22e-16,12.24745,1,0,3.872983346207417,4.468337566957918,0.5953542207505009,17.305796982060986,1.0,0.4,3.872983346207417,1.7873350267831674,1.3564659966250538,0.6,0.4160251471689217,1.0,0.4,0.0,0.0,0.6,0.0,0.8667615840350578,0.1427481871326531,7.199646736337403,23.474725150662206,0.4,0.0,0.8138795979750323,0.0,0.0,0.0,6.922318792824395,540000.0,90000.0,51286.4,2.8798586945349616,4.1706604565826675,10.106150245723583,0.4,1.0,3.0462687534025297,0.35721253245030055,0.16641005886756868,6.922318792824395,0.0,6.922318792824395,2.0856483194242497
0.034884,50.0,1388.0,10.0,25.0,734.0,11.185,106.34,0.0,1.05,1.0,5.0,1.0,1.137566,2.48976,60.0,60.0,60.0,5.47254,117.5959,119.9996,90.00007,0.5,0.478827,136.8903,1.0,188.0,272.8,900.0,500.0,600.0,180.0,0.0,0.0,0.0,3.196548,-2.22e-16,12.24745,1,0,3.872983346207417,4.468337566957918,0.5953542207505009,17.305796982060986,1.0,0.4,3.872983346207417,1.7873350267831674,1.3564659966250538,0.6,0.4160251471689217,1.0,0.4,0.0,0.0,0.6,0.0,0.8667615840350578,0.1427481871326531,7.199646736337403,23.474725150662206,0.4,0.0,0.8138795979750323,0.0,0.0,0.0,6.922318792824395,540000.0,90000.0,51286.4,2.8798586945349616,4.1706604565826675,10.106150245723583,0.4,1.0,3.0462687534025297,0.35721253245030055,0.16641005886756868,6.922318792824395,0.0,6.922318792824395,2.0856483194242497
0.034884,50.0,1388.0,10.0,70.0,305.85,14.728,44.72,0.0,1.398,1.0,5.0,1.0,1.137566,2.48976,60.0,60.0,60.0,5.47254,117.5959,119.9996,90.00007,0.5,0.446254,136.8903,1.0,188.0,272.8,900.0,500.0,600.0,180.0,0.0,0.0,0.0,3.196548,-2.22e-16,12.24745,1,0,3.872983346207417,4.468337566957918,0.5953542207505009,17.305796982060986,1.0,0.4,3.872983346207417,1.7873350267831674,1.3564659966250538,0.6,0.4160251471689217,1.0,0.4,0.0,0.0,0.6,0.0,0.8667615840350578,0.1427481871326531,7.199646736337403,23.474725150662206,0.4,0.0,0.8138795979750323,0.0,0.0,0.0,6.922318792824395,540000.0,90000.0,51286.4,2.8798586945349616,4.1706604565826675,10.106150245723583,0.4,1.0,3.0462687534025297,0.35721253245030055,0.16641005886756868,6.922318792824395,0.0,6.922318792824395,2.0856483194242497
0.034884,19.2,1388.0,10.0,12.0,553.217,1.92,287.26,0.0,0.61,1.0,0.0,1.0,1.77686,2.48976,60.0,60.0,60.0,5.47254,117.5959,119.9996,90.00007,0.5,0.293811,136.8903,1.0,188.0,272.8,900.0,500.0,600.0,180.0,0.0,0.0,0.0,3.196548,-2.22e-16,12.24745,1,0,3.872983346207417,4.468337566957918,0.5953542207505009,17.305796982060986,1.0,0.4,3.872983346207417,1.7873350267831674,1.3564659966250538,0.6,0.4160251471689217,1.0,0.4,0.0,0.0,0.6,0.0,0.8667615840350578,0.1427481871326531,7.199646736337403,23.474725150662206,0.4,0.0,0.8138795979750323,0.0,0.0,0.0,6.922318792824395,540000.0,90000.0,51286.4,2.8798586945349616,4.1706604565826675,10.106150245723583,0.4,1.0,3.0462687534025297,0.35721253245030055,0.16641005886756868,6.922318792824395,0.0,6.922318792824395,2.0856483194242497
0.034884,19.2,1388.0,10.0,25.0,635.65,9.122,71.72,0.0,0.203,1.0,0.0,1.0,1.77686,2.48976,60.0,60.0,60.0,5.47254,117.5959,119.9996,90.00007,0.5,0.293811,136.8903,1.0,188.0,272.8,900.0,500.0,600.0,180.0,0.0,0.0,0.0,3.196548,-2.22e-16,12.24745,1,0,3.872983346207417,4.468337566957918,0.5953542207505009,17.305796982060986,1.0,0.4,3.872983346207417,1.7873350267831674,1.3564659966250538,0.6,0.4160251471689217,1.0,0.4,0.0,0.0,0.6,0.0,0.8667615840350578,0.1427481871326531,7.199646736337403,23.474725150662206,0.4,0.0,0.8138795979750323,0.0,0.0,0.0,6.922318792824395,540000.0,90000.0,51286.4,2.8798586945349616,4.1706604565826675,10.106150245723583,0.4,1.0,3.0462687534025297,0.35721253245030055,0.16641005886756868,6.922318792824395,0.0,6.922318792824395,2.0856483194242497
0.034884,19.2,1388.0,10.0,70.0,239.36,10.86,15.892,0.0,0.11,1.0,0.0,1.0,1.77686,2.48976,60.0,60.0,60.0,5.47254,117.5959,119.9996,90.00007,0.5,0.192834,136.8903,1.0,188.0,272.8,900.0,500.0,600.0,180.0,0.0,0.0,0.0,3.196548,-2.22e-16,12.24745,1,0,3.872983346207417,4.468337566957918,0.5953542207505009,17.305796982060986,1.0,0.4,3.872983346207417,1.7873350267831674,1.3564659966250538,0.6,0.4160251471689217,1.0,0.4,0.0,0.0,0.6,0.0,0.8667615840350578,0.1427481871326531,7.199646736337403,23.474725150662206,0.4,0.0,0.8138795979750323,0.0,0.0,0.0,6.922318792824395,540000.0,90000.0,51286.4,2.8798586945349616,4.1706604565826675,10.106150245723583,0.4,1.0,3.0462687534025297,0.35721253245030055,0.16641005886756868,6.922318792824395,0.0,6.922318792824395,2.0856483194242497
0.142857,15.0,789.0,77.0,55.5,11435.0,50.5,755.0,0.0,12.615,1.0,1.2,1.0,1.514933,5.932914,120.4948,120.2024,89.39748,0.0,0.0,0.0,0.0,0.428571,0.594937,66.49346,1.0,275.7143,0.0,700.0,205.7143,0.0,0.0,2.860376,1.707469,11.55577,0.0,-2.22e-16,0.0,0,0,3.569235830903556,0.0,3.569235830903556,0.0,0.4285714285714285,0.0,1.5296724989586663,0.0,1.1952286093343936,0.0,0.0,0.4285714285714285,0.0,0.0,0.0,0.4285714285714285,0.0,356923584.0903556,1.9999999887931195,0.0,0.0,0.0,0.0,0.5122408325718829,0.0,0.0,0.0,0.0,0.0,0.0,0.0,0.0,1.784617915451778,0.0,0.5714285714285715,1.0,0.0,1.5296724989586665,0.0,0.0,0.0,0.0,1.5296724989586663
0.042674,20.0,1388.0,50.0,112.25,249.0,32.5,110.0,0.0,9.5,1.0,2.6,1.0,1.0,2.48976,60.0,60.0,60.0,5.47254,117.5959,119.9996,90.00007,0.5,-0.12903,136.8903,1.0,188.0,272.8,900.0,500.0,600.0,180.0,0.0,0.0,0.0,3.196548,-2.22e-16,12.24745,1,0,3.872983346207417,4.468337566957918,0.5953542207505009,17.305796982060986,1.0,0.4,3.872983346207417,1.7873350267831674,1.3564659966250538,0.6,0.4160251471689217,1.0,0.4,0.0,0.0,0.6,0.0,0.8667615840350578,0.1427481871326531,7.199646736337403,23.474725150662206,0.4,0.0,0.8138795979750323,0.0,0.0,0.0,6.922318792824395,540000.0,90000.0,51286.4,2.8798586945349616,4.1706604565826675,10.106150245723583,0.4,1.0,3.0462687534025297,0.35721253245030055,0.16641005886756868,6.922318792824395,0.0,6.922318792824395,2.0856483194242497
0.47619,20.0,1388.0,50.0,40.5,355.0,18.4,85.0,0.0,3.766,1.0,3.0,1.0,1.0,2.48976,60.0,60.0,60.0,5.47254,117.5959,119.9996,90.00007,0.5,-0.12903,136.8903,1.0,188.0,272.8,900.0,500.0,600.0,180.0,0.0,0.0,0.0,3.196548,-2.22e-16,12.24745,1,0,3.872983346207417,4.468337566957918,0.5953542207505009,17.305796982060986,1.0,0.4,3.872983346207417,1.7873350267831674,1.3564659966250538,0.6,0.4160251471689217,1.0,0.4,0.0,0.0,0.6,0.0,0.8667615840350578,0.1427481871326531,7.199646736337403,23.474725150662206,0.4,0.0,0.8138795979750323,0.0,0.0,0.0,6.922318792824395,540000.0,90000.0,51286.4,2.8798586945349616,4.1706604565826675,10.106150245723583,0.4,1.0,3.0462687534025297,0.35721253245030055,0.16641005886756868,6.922318792824395,0.0,6.922318792824395,2.0856483194242497
0.059172,20.0,1390.0,50.0,93.4,1037.0,43.74,427.0,0.0,13.183,1.0,1.2,1.0,1.0,2.48976,60.0,60.0,60.0,5.47254,117.5959,119.9996,90.00007,0.5,-0.12903,136.8903,1.0,188.0,272.8,900.0,500.0,600.0,180.0,0.0,0.0,0.0,3.196548,-2.22e-16,12.24745,1,0,3.872983346207417,4.468337566957918,0.5953542207505009,17.305796982060986,1.0,0.4,3.872983346207417,1.7873350267831674,1.3564659966250538,0.6,0.4160251471689217,1.0,0.4,0.0,0.0,0.6,0.0,0.8667615840350578,0.1427481871326531,7.199646736337403,23.474725150662206,0.4,0.0,0.8138795979750323,0.0,0.0,0.0,6.922318792824395,540000.0,90000.0,51286.4,2.8798586945349616,4.1706604565826675,10.106150245723583,0.4,1.0,3.0462687534025297,0.35721253245030055,0.16641005886756868,6.922318792824395,0.0,6.922318792824395,2.0856483194242497
0.38961,20.0,1388.0,50.0,24.76,315.0,11.212,150.0,0.0,5.412,1.0,3.0,1.0,1.0,2.48976,60.0,60.0,60.0,5.47254,117.5959,119.9996,90.00007,0.5,-0.12903,136.8903,1.0,188.0,272.8,900.0,500.0,600.0,180.0,0.0,0.0,0.0,3.196548,-2.22e-16,12.24745,1,0,3.872983346207417,4.468337566957918,0.5953542207505009,17.305796982060986,1.0,0.4,3.872983346207417,1.7873350267831674,1.3564659966250538,0.6,0.4160251471689217,1.0,0.4,0.0,0.0,0.6,0.0,0.8667615840350578,0.1427481871326531,7.199646736337403,23.474725150662206,0.4,0.0,0.8138795979750323,0.0,0.0,0.0,6.922318792824395,540000.0,90000.0,51286.4,2.8798586945349616,4.1706604565826675,10.106150245723583,0.4,1.0,3.0462687534025297,0.35721253245030055,0.16641005886756868,6.922318792824395,0.0,6.922318792824395,2.0856483194242497
0.066298,20.0,1388.0,50.0,67.385,349.0,35.475,194.0,0.0,7.475,1.0,2.6,1.0,1.0,2.48976,60.0,60.0,60.0,5.47254,117.5959,119.9996,90.00007,0.5,-0.12903,136.8903,1.0,188.0,272.8,900.0,500.0,600.0,180.0,0.0,0.0,0.0,3.196548,-2.22e-16,12.24745,1,0,3.872983346207417,4.468337566957918,0.5953542207505009,17.305796982060986,1.0,0.4,3.872983346207417,1.7873350267831674,1.3564659966250538,0.6,0.4160251471689217,1.0,0.4,0.0,0.0,0.6,0.0,0.8667615840350578,0.1427481871326531,7.199646736337403,23.474725150662206,0.4,0.0,0.8138795979750323,0.0,0.0,0.0,6.922318792824395,540000.0,90000.0,51286.4,2.8798586945349616,4.1706604565826675,10.106150245723583,0.4,1.0,3.0462687534025297,0.35721253245030055,0.16641005886756868,6.922318792824395,0.0,6.922318792824395,2.0856483194242497
0.454545,50.0,498.0,10.0,8.74e-05,838.947,2.67e-05,850.0,0.0,4.14e-06,1.0,1.0,1.0,1.0,2.993268,60.0,60.0,60.0,0.0,0.0,0.0,0.0,0.5,0.246948,249.56,1.0,267.0,0.0,850.0,232.5,0.0,0.0,2.883895,2.941176,10.0,0.0,-2.22e-16,0.0,0,0,2.2802389661575337,0.0,2.2802389661575337,0.0,0.5,0.0,1.1401194830787669,0.0,1.0,0.0,0.0,0.5,0.0,0.0,0.0,0.5,0.0,228023897.61575335,1.9999999824579793,0.0,0.0,0.0,0.0,0.5,0.0,0.0,0.0,0.0,0.0,0.0,0.0,0.0,1.1401194830787669,0.0,0.5,1.0,0.0,1.1401194830787669,0.0,0.0,0.0,0.0,1.1401194830787669
0.5,50.0,858.0,5.0,66.3,1396.42,23.7,320.09,0.0,0.0,0.0,4.0,1.0,5.3,5.142692,74.87634,90.0,90.0,3.788512,90.0,90.0,90.0,0.416667,0.852632,67.94224,1.708366,275.0,279.6,685.7143,201.4286,680.0,188.0,2.897249,1.443376,11.54701,2.820943,1.440876,12.24745,1,0,3.7158067079548327,3.656648069074256,0.0591586388805764,13.587397423696208,0.4285714285714285,0.4,1.5924885891234997,1.4626592276297026,0.0404061017820884,1.5142857142857142,0.9994664294862464,0.4285714285714285,0.4,0.0,0.0,0.0285714285714285,0.0,1.0161783791060237,0.01604855926805162,13.580147589072272,0.5490137632555547,0.1714285714285714,0.0,0.0011544600509168087,0.0,0.0,0.0,2.329268129776493,466285.724,37868.576799999995,76890.0,2.3280253009838177,3.6862273885145447,0.007249834623935634,0.9714285714285715,1.0,14.163053618028277,0.0016902468251593216,0.17133710219764223,2.3292681297764926,0.0,2.329268129776493,0.1298293614937971
0.5,50.0,858.0,5.0,66.3,1657.3,22.0,494.33,0.0,0.0,0.0,0.4,1.0,5.033333,5.142692,74.87634,90.0,90.0,3.788512,90.0,90.0,90.0,0.416667,0.852632,67.94224,1.708366,275.0,279.6,685.7143,201.4286,680.0,188.0,2.897249,1.443376,11.54701,2.820943,1.440876,12.24745,1,0,3.7158067079548327,3.656648069074256,0.0591586388805764,13.587397423696208,0.4285714285714285,0.4,1.5924885891234997,1.4626592276297026,0.0404061017820884,1.5142857142857142,0.9994664294862464,0.4285714285714285,0.4,0.0,0.0,0.0285714285714285,0.0,1.0161783791060237,0.01604855926805162,13.580147589072272,0.5490137632555547,0.1714285714285714,0.0,0.0011544600509168087,0.0,0.0,0.0,2.329268129776493,466285.724,37868.576799999995,76890.0,2.3280253009838177,3.6862273885145447,0.007249834623935634,0.9714285714285715,1.0,14.163053618028277,0.0016902468251593216,0.17133710219764223,2.3292681297764926,0.0,2.329268129776493,0.1298293614937971
0.333333,30.0,1025.4,10.0,60.5,3388.0,26.0,98.0,1.0,0.0,0.0,0.0,1.0,1.0,3.011828,107.295,89.50258,120.0378,2.949546,60.0,60.0,60.0,0.333333,0.317406,521.4701,1.757954,266.0,0.0,750.0,250.0,0.0,0.0,2.932331,2.0,10.0,0.0,-2.22e-16,0.0,1,0,3.350705235476804,1.7320508075688772,1.618654427907927,5.803591709032863,0.5,0.0,1.675352617738402,0.0,2.1213203435596424,0.0,0.0,0.5,1.0,0.0,1.0,0.5,1.0,1.9345305642821065,0.6369199732705644,0.0,12.311277158085485,0.5,0.0,1.0606601717798212,2.1213203435596424,0.0,0.0,0.0,0.0,0.0,0.0,0.0,2.5413780215228403,5.803591709032863,0.5,0.0,0.0,0.8093272139539635,0.0,2.9017958545164313,0.0,0.0,1.675352617738402
0.333333,30.0,865.2,75.0,61.7,2565.5,34.0,65.5,1.0,0.0,0.0,0.0,1.0,1.0,3.011828,107.295,89.50258,120.0378,2.949546,60.0,60.0,60.0,0.333333,0.317406,439.9999,1.757954,266.0,0.0,750.0,250.0,0.0,0.0,2.932331,2.0,10.0,0.0,-2.22e-16,0.0,1,0,3.350705235476804,1.7320508075688772,1.618654427907927,5.803591709032863,0.5,0.0,1.675352617738402,0.0,2.1213203435596424,0.0,0.0,0.5,1.0,0.0,1.0,0.5,1.0,1.9345305642821065,0.6369199732705644,0.0,12.311277158085485,0.5,0.0,1.0606601717798212,2.1213203435596424,0.0,0.0,0.0,0.0,0.0,0.0,0.0,2.5413780215228403,5.803591709032863,0.5,0.0,0.0,0.8093272139539635,0.0,2.9017958545164313,0.0,0.0,1.675352617738402
0.12,10.0,820.0,85.0,113.0,280.65,23.1,51.65,0.0,3.45,1.0,5.0,0.805996,1.0,5.47254,117.5959,119.9996,90.00007,2.48976,60.0,60.0,60.0,0.5,0.954098,164.6745,1.000013,272.8,188.0,600.0,180.0,900.0,500.0,3.196548,0.0,12.24745,0.0,-2.22e-16,0.0,1,0,4.468337566957918,3.872983346207417,0.5953542207505009,17.305796982060986,0.4,1.0,1.7873350267831674,3.872983346207417,1.3564659966250538,0.6,0.4160251471689217,0.4,1.0,0.0,0.0,0.6,0.0,1.1537197984071628,0.1427481871326531,7.199646736337403,23.474725150662206,0.4,0.0,0.8138795979750323,0.0,0.0,0.0,6.922318792824395,540000.0,90000.0,51286.4,2.8798586945349616,4.1706604565826675,10.106150245723583,0.4,1.0,3.0462687534025297,0.35721253245030055,0.16641005886756868,6.922318792824395,0.0,6.922318792824395,2.0856483194242497
0.12,10.0,820.0,100.0,46.6082,269.355,22.9,58.865,0.0,2.905,1.0,5.0,0.805996,1.0,5.47254,117.5959,119.9996,90.00007,2.48976,60.0,60.0,60.0,0.5,0.954098,164.6745,1.000013,272.8,188.0,600.0,180.0,900.0,500.0,3.196548,0.0,12.24745,0.0,-2.22e-16,0.0,1,0,4.468337566957918,3.872983346207417,0.5953542207505009,17.305796982060986,0.4,1.0,1.7873350267831674,3.872983346207417,1.3564659966250538,0.6,0.4160251471689217,0.4,1.0,0.0,0.0,0.6,0.0,1.1537197984071628,0.1427481871326531,7.199646736337403,23.474725150662206,0.4,0.0,0.8138795979750323,0.0,0.0,0.0,6.922318792824395,540000.0,90000.0,51286.4,2.8798586945349616,4.1706604565826675,10.106150245723583,0.4,1.0,3.0462687534025297,0.35721253245030055,0.16641005886756868,6.922318792824395,0.0,6.922318792824395,2.0856483194242497
0.12,10.0,820.0,120.0,46.6082,262.097,23.44,58.097,0.0,2.56,1.0,5.0,0.805996,1.0,5.47254,117.5959,119.9996,90.00007,2.48976,60.0,60.0,60.0,0.5,0.954098,164.6745,1.000013,272.8,188.0,600.0,180.0,900.0,500.0,3.196548,0.0,12.24745,0.0,-2.22e-16,0.0,1,0,4.468337566957918,3.872983346207417,0.5953542207505009,17.305796982060986,0.4,1.0,1.7873350267831674,3.872983346207417,1.3564659966250538,0.6,0.4160251471689217,0.4,1.0,0.0,0.0,0.6,0.0,1.1537197984071628,0.1427481871326531,7.199646736337403,23.474725150662206,0.4,0.0,0.8138795979750323,0.0,0.0,0.0,6.922318792824395,540000.0,90000.0,51286.4,2.8798586945349616,4.1706604565826675,10.106150245723583,0.4,1.0,3.0462687534025297,0.35721253245030055,0.16641005886756868,6.922318792824395,0.0,6.922318792824395,2.0856483194242497
0.12,10.0,830.0,160.0,46.6082,255.65,22.49,49.197,0.0,3.53,1.0,5.0,0.805996,1.0,5.47254,117.5959,119.9996,90.00007,2.48976,60.0,60.0,60.0,0.5,0.954098,166.6827,1.000013,272.8,188.0,600.0,180.0,900.0,500.0,3.196548,0.0,12.24745,0.0,-2.22e-16,0.0,1,0,4.468337566957918,3.872983346207417,0.5953542207505009,17.305796982060986,0.4,1.0,1.7873350267831674,3.872983346207417,1.3564659966250538,0.6,0.4160251471689217,0.4,1.0,0.0,0.0,0.6,0.0,1.1537197984071628,0.1427481871326531,7.199646736337403,23.474725150662206,0.4,0.0,0.8138795979750323,0.0,0.0,0.0,6.922318792824395,540000.0,90000.0,51286.4,2.8798586945349616,4.1706604565826675,10.106150245723583,0.4,1.0,3.0462687534025297,0.35721253245030055,0.16641005886756868,6.922318792824395,0.0,6.922318792824395,2.0856483194242497
0.12,10.0,830.0,180.0,46.6082,252.4,22.665,46.4,0.0,2.845,1.0,5.0,0.805996,1.0,5.47254,117.5959,119.9996,90.00007,2.48976,60.0,60.0,60.0,0.5,0.954098,166.6827,1.000013,272.8,188.0,600.0,180.0,900.0,500.0,3.196548,0.0,12.24745,0.0,-2.22e-16,0.0,1,0,4.468337566957918,3.872983346207417,0.5953542207505009,17.305796982060986,0.4,1.0,1.7873350267831674,3.872983346207417,1.3564659966250538,0.6,0.4160251471689217,0.4,1.0,0.0,0.0,0.6,0.0,1.1537197984071628,0.1427481871326531,7.199646736337403,23.474725150662206,0.4,0.0,0.8138795979750323,0.0,0.0,0.0,6.922318792824395,540000.0,90000.0,51286.4,2.8798586945349616,4.1706604565826675,10.106150245723583,0.4,1.0,3.0462687534025297,0.35721253245030055,0.16641005886756868,6.922318792824395,0.0,6.922318792824395,2.0856483194242497
0.12,10.0,830.0,200.0,46.0694,245.1625,21.8,42.7365,0.0,3.36,1.0,5.0,0.805996,1.0,5.47254,117.5959,119.9996,90.00007,2.48976,60.0,60.0,60.0,0.5,0.954098,166.6827,1.000013,272.8,188.0,600.0,180.0,900.0,500.0,3.196548,0.0,12.24745,0.0,-2.22e-16,0.0,1,0,4.468337566957918,3.872983346207417,0.5953542207505009,17.305796982060986,0.4,1.0,1.7873350267831674,3.872983346207417,1.3564659966250538,0.6,0.4160251471689217,0.4,1.0,0.0,0.0,0.6,0.0,1.1537197984071628,0.1427481871326531,7.199646736337403,23.474725150662206,0.4,0.0,0.8138795979750323,0.0,0.0,0.0,6.922318792824395,540000.0,90000.0,51286.4,2.8798586945349616,4.1706604565826675,10.106150245723583,0.4,1.0,3.0462687534025297,0.35721253245030055,0.16641005886756868,6.922318792824395,0.0,6.922318792824395,2.0856483194242497
0.12,10.0,830.0,250.0,45.848,229.436,21.37,33.467,0.0,2.41,1.0,5.0,0.805996,1.0,5.47254,117.5959,119.9996,90.00007,2.48976,60.0,60.0,60.0,0.5,0.954098,166.6827,1.000013,272.8,188.0,600.0,180.0,900.0,500.0,3.196548,0.0,12.24745,0.0,-2.22e-16,0.0,1,0,4.468337566957918,3.872983346207417,0.5953542207505009,17.305796982060986,0.4,1.0,1.7873350267831674,3.872983346207417,1.3564659966250538,0.6,0.4160251471689217,0.4,1.0,0.0,0.0,0.6,0.0,1.1537197984071628,0.1427481871326531,7.199646736337403,23.474725150662206,0.4,0.0,0.8138795979750323,0.0,0.0,0.0,6.922318792824395,540000.0,90000.0,51286.4,2.8798586945349616,4.1706604565826675,10.106150245723583,0.4,1.0,3.0462687534025297,0.35721253245030055,0.16641005886756868,6.922318792824395,0.0,6.922318792824395,2.0856483194242497
0.12,10.0,830.0,300.0,45.2214,216.5,20.85,10.853,0.0,1.55,1.0,5.0,0.805996,1.0,5.47254,117.5959,119.9996,90.00007,2.48976,60.0,60.0,60.0,0.5,0.954098,166.6827,1.000013,272.8,188.0,600.0,180.0,900.0,500.0,3.196548,0.0,12.24745,0.0,-2.22e-16,0.0,1,0,4.468337566957918,3.872983346207417,0.5953542207505009,17.305796982060986,0.4,1.0,1.7873350267831674,3.872983346207417,1.3564659966250538,0.6,0.4160251471689217,0.4,1.0,0.0,0.0,0.6,0.0,1.1537197984071628,0.1427481871326531,7.199646736337403,23.474725150662206,0.4,0.0,0.8138795979750323,0.0,0.0,0.0,6.922318792824395,540000.0,90000.0,51286.4,2.8798586945349616,4.1706604565826675,10.106150245723583,0.4,1.0,3.0462687534025297,0.35721253245030055,0.16641005886756868,6.922318792824395,0.0,6.922318792824395,2.0856483194242497
0.12,10.0,830.0,320.0,45.2214,213.3,21.3735,0.4,0.0,0.3445,1.0,5.0,0.805996,1.0,5.47254,117.5959,119.9996,90.00007,2.48976,60.0,60.0,60.0,0.5,0.954098,166.6827,1.000013,272.8,188.0,600.0,180.0,900.0,500.0,3.196548,0.0,12.24745,0.0,-2.22e-16,0.0,1,0,4.468337566957918,3.872983346207417,0.5953542207505009,17.305796982060986,0.4,1.0,1.7873350267831674,3.872983346207417,1.3564659966250538,0.6,0.4160251471689217,0.4,1.0,0.0,0.0,0.6,0.0,1.1537197984071628,0.1427481871326531,7.199646736337403,23.474725150662206,0.4,0.0,0.8138795979750323,0.0,0.0,0.0,6.922318792824395,540000.0,90000.0,51286.4,2.8798586945349616,4.1706604565826675,10.106150245723583,0.4,1.0,3.0462687534025297,0.35721253245030055,0.16641005886756868,6.922318792824395,0.0,6.922318792824395,2.0856483194242497
0.625,50.0,43.0,10.0,8.6,4094.074,1.65,1073.211,0.0,0.683,1.0,7.0,1.0,1.0,3.433963,89.99989,60.03562,59.97819,6.348074,117.493,89.99976,117.6525,0.444444,0.663115,2.746953,1.002543,249.5,263.0,650.0,205.0,642.8571,175.7143,3.787575,0.769231,10.0,3.556302,0.7698,11.54701,1,0,4.372253453922903,4.151706835469087,0.2205466184538167,18.15231455105504,0.5,0.4285714285714285,2.186126726961452,1.7793029294867513,0.101015254455221,1.4999999999999998,0.996615895540124,0.5,0.4285714285714285,0.0,0.0,0.0714285714285714,0.0,1.0531219150731963,0.05174745316700054,18.09088522242574,1.8336606733260354,0.21428571428571425,0.0,0.007215375318230068,0.0,0.0,0.0,3.889781689511795,417857.115,36021.4315,65618.5,3.876618261948372,4.261980144695995,0.06142932862929782,0.9285714285714285,1.0,17.7241081809683,0.01575332988955833,0.21356054904431224,3.889781689511793,0.0,3.889781689511795,0.4068237974747009
0.253165,70.0,43.0,10.0,15.13,7101.82,6.1,1014.42,0.0,1.0,1.0,5.0,0.805996,1.0,3.433963,89.99989,60.03562,59.97819,6.348074,117.493,89.99976,117.6525,0.444444,0.663115,2.746953,1.002543,249.5,263.0,650.0,205.0,642.8571,175.7143,3.787575,0.769231,10.0,3.556302,0.7698,11.54701,1,0,4.372253453922903,4.151706835469087,0.2205466184538167,18.15231455105504,0.5,0.4285714285714285,2.186126726961452,1.7793029294867513,0.101015254455221,1.4999999999999998,0.996615895540124,0.5,0.4285714285714285,0.0,0.0,0.0714285714285714,0.0,1.0531219150731963,0.05174745316700054,18.09088522242574,1.8336606733260354,0.21428571428571425,0.0,0.007215375318230068,0.0,0.0,0.0,3.889781689511795,417857.115,36021.4315,65618.5,3.876618261948372,4.261980144695995,0.06142932862929782,0.9285714285714285,1.0,17.7241081809683,0.01575332988955833,0.21356054904431224,3.889781689511793,0.0,3.889781689511795,0.4068237974747009
0.253165,70.0,43.0,10.0,9.999,3007.25,3.0,108.7,0.0,0.4,1.0,5.0,0.805996,1.0,3.433963,89.99989,60.03562,59.97819,6.348074,117.493,89.99976,117.6525,0.444444,0.663115,2.746953,1.002543,249.5,263.0,650.0,205.0,642.8571,175.7143,3.787575,0.769231,10.0,3.556302,0.7698,11.54701,1,0,4.372253453922903,4.151706835469087,0.2205466184538167,18.15231455105504,0.5,0.4285714285714285,2.186126726961452,1.7793029294867513,0.101015254455221,1.4999999999999998,0.996615895540124,0.5,0.4285714285714285,0.0,0.0,0.0714285714285714,0.0,1.0531219150731963,0.05174745316700054,18.09088522242574,1.8336606733260354,0.21428571428571425,0.0,0.007215375318230068,0.0,0.0,0.0,3.889781689511795,417857.115,36021.4315,65618.5,3.876618261948372,4.261980144695995,0.06142932862929782,0.9285714285714285,1.0,17.7241081809683,0.01575332988955833,0.21356054904431224,3.889781689511793,0.0,3.889781689511795,0.4068237974747009
0.253165,70.0,43.0,10.0,7.5,6739.5,2.5,1594.06,0.0,0.766,1.0,5.0,0.805996,1.0,3.433963,89.99989,60.03562,59.97819,6.348074,117.493,89.99976,117.6525,0.444444,0.663115,2.746953,1.002543,249.5,263.0,650.0,205.0,642.8571,175.7143,3.787575,0.769231,10.0,3.556302,0.7698,11.54701,1,0,4.372253453922903,4.151706835469087,0.2205466184538167,18.15231455105504,0.5,0.4285714285714285,2.186126726961452,1.7793029294867513,0.101015254455221,1.4999999999999998,0.996615895540124,0.5,0.4285714285714285,0.0,0.0,0.0714285714285714,0.0,1.0531219150731963,0.05174745316700054,18.09088522242574,1.8336606733260354,0.21428571428571425,0.0,0.007215375318230068,0.0,0.0,0.0,3.889781689511795,417857.115,36021.4315,65618.5,3.876618261948372,4.261980144695995,0.06142932862929782,0.9285714285714285,1.0,17.7241081809683,0.01575332988955833,0.21356054904431224,3.889781689511793,0.0,3.889781689511795,0.4068237974747009
0.253165,70.0,43.0,10.0,5.723,5434.783,1.633,1521.74,0.0,0.633,1.0,5.0,0.805996,1.0,3.433963,89.99989,60.03562,59.97819,6.348074,117.493,89.99976,117.6525,0.444444,0.663115,2.746953,1.002543,249.5,263.0,650.0,205.0,642.8571,175.7143,3.787575,0.769231,10.0,3.556302,0.7698,11.54701,1,0,4.372253453922903,4.151706835469087,0.2205466184538167,18.15231455105504,0.5,0.4285714285714285,2.186126726961452,1.7793029294867513,0.101015254455221,1.4999999999999998,0.996615895540124,0.5,0.4285714285714285,0.0,0.0,0.0714285714285714,0.0,1.0531219150731963,0.05174745316700054,18.09088522242574,1.8336606733260354,0.21428571428571425,0.0,0.007215375318230068,0.0,0.0,0.0,3.889781689511795,417857.115,36021.4315,65618.5,3.876618261948372,4.261980144695995,0.06142932862929782,0.9285714285714285,1.0,17.7241081809683,0.01575332988955833,0.21356054904431224,3.889781689511793,0.0,3.889781689511795,0.4068237974747009
0.075,50.0,766.6,4.0,20.26,1668.845,2.389,707.745,0.0,1.019,1.0,1.0,1.0,1.0,4.722105,87.89424,87.89424,87.89424,4.973216,116.7863,110.2242,101.7499,0.333333,0.129412,115.6093,1.286544,50.0,296.75,100.0,143.5,625.0,102.5,7.071068,7.071068,7.071068,2.757857,0.69282,17.32051,1,0,3.4641016151377544,3.600340289334546,0.1362386741967922,12.471944611329333,0.5,0.25,1.7320508075688772,0.9000850723336367,0.9354143466934852,1.0,0.7016464154456235,0.0,0.25,0.5,0.0,0.25,0.5,0.9621595008055286,0.03857025810484498,8.750895230175585,11.666435920603961,0.0,0.0,0.2338535866733713,0.4677071733467426,0.0,0.0,1.5589930764161666,62500.0,14708.75,14837.5,0.0,3.53222095223615,3.721049381153747,0.75,0.5,7.0894062342159065,0.03405966854919805,0.0,0.0,0.0,1.5589930764161666,0.8319657352352405
0.042857,50.0,555.0,4.0,18.882,1538.93,1.665,759.29,0.0,0.887,1.0,1.0,1.0,1.0,4.706119,93.41343,93.89417,87.89426,4.973216,116.7863,110.2242,101.7499,0.333333,-0.03647,83.69836,1.193915,50.0,296.75,100.0,143.5,625.0,102.5,7.071068,7.071068,7.071068,2.757857,0.69282,17.32051,1,0,3.4641016151377544,3.600340289334546,0.1362386741967922,12.471944611329333,0.5,0.25,1.7320508075688772,0.9000850723336367,0.9354143466934852,1.0,0.7016464154456235,0.0,0.25,0.5,0.0,0.25,0.5,0.9621595008055286,0.03857025810484498,8.750895230175585,11.666435920603961,0.0,0.0,0.2338535866733713,0.4677071733467426,0.0,0.0,1.5589930764161666,62500.0,14708.75,14837.5,0.0,3.53222095223615,3.721049381153747,0.75,0.5,7.0894062342159065,0.03405966854919805,0.0,0.0,0.0,1.5589930764161666,0.8319657352352405
0.025,50.0,317.0,4.0,14.08,1272.717,0.7225,870.117,0.0,0.5335,1.0,1.0,1.0,1.0,4.796869,88.44873,93.57676,93.57676,4.973216,116.7863,110.2242,101.7499,0.333333,-0.20588,47.80609,1.186908,50.0,296.75,100.0,143.5,625.0,102.5,7.071068,7.071068,7.071068,2.757857,0.69282,17.32051,1,0,3.4641016151377544,3.600340289334546,0.1362386741967922,12.471944611329333,0.5,0.25,1.7320508075688772,0.9000850723336367,0.9354143466934852,1.0,0.7016464154456235,0.0,0.25,0.5,0.0,0.25,0.5,0.9621595008055286,0.03857025810484498,8.750895230175585,11.666435920603961,0.0,0.0,0.2338535866733713,0.4677071733467426,0.0,0.0,1.5589930764161666,62500.0,14708.75,14837.5,0.0,3.53222095223615,3.721049381153747,0.75,0.5,7.0894062342159065,0.03405966854919805,0.0,0.0,0.0,1.5589930764161666,0.8319657352352405
0.042857,50.0,555.0,4.0,19.0,1520.0,2.4,780.0,0.0,0.98,1.0,1.0,1.0,1.0,4.706119,93.41343,93.89417,87.89426,4.973216,116.7863,110.2242,101.7499,0.333333,-0.03647,83.69836,1.193915,50.0,296.75,100.0,143.5,625.0,102.5,7.071068,7.071068,7.071068,2.757857,0.69282,17.32051,1,0,3.4641016151377544,3.600340289334546,0.1362386741967922,12.471944611329333,0.5,0.25,1.7320508075688772,0.9000850723336367,0.9354143466934852,1.0,0.7016464154456235,0.0,0.25,0.5,0.0,0.25,0.5,0.9621595008055286,0.03857025810484498,8.750895230175585,11.666435920603961,0.0,0.0,0.2338535866733713,0.4677071733467426,0.0,0.0,1.5589930764161666,62500.0,14708.75,14837.5,0.0,3.53222095223615,3.721049381153747,0.75,0.5,7.0894062342159065,0.03405966854919805,0.0,0.0,0.0,1.5589930764161666,0.8319657352352405
2.0,90.0,678.2,150.0,0.415,7381.608,5.2547,1171.432,0.0,0.0,0.0,1.0,0.133887,16.66667,3.801716,90.0,90.0,90.0,3.120572,90.0,90.0,90.0,0.142857,0.713115,325.9979,1.0,257.4,129.0,540.0,139.4,300.0,0.0,4.175582,3.228814,12.56127,7.071068,7.071068,0.0,1,1,2.880272231467637,0.0,2.880272231467637,0.0,0.2,0.0,0.5760544462935274,0.0,1.1832159566199232,0.0,0.0,0.2,0.0,0.0,0.0,0.2,0.0,288027224.1467637,1.999999986112424,0.0,0.0,0.0,0.0,0.23664319132398465,0.0,2.880272231467637,0.0,0.0,162000.0,0.0,33204.6,0.0,1.4401361157338184,0.0,0.8,1.0,0.0,0.5760544462935274,0.0,0.0,0.0,0.0,0.5760544462935274
2.0,90.0,1119.4,120.0,0.785,708.85,0.2205,1.0,0.0,0.0035,1.0,1.0,0.133887,16.66667,3.801716,90.0,90.0,90.0,3.120572,90.0,90.0,90.0,0.142857,0.713115,538.0744,1.0,257.4,129.0,540.0,139.4,300.0,0.0,4.175582,3.228814,12.56127,7.071068,7.071068,0.0,1,1,2.880272231467637,0.0,2.880272231467637,0.0,0.2,0.0,0.5760544462935274,0.0,1.1832159566199232,0.0,0.0,0.2,0.0,0.0,0.0,0.2,0.0,288027224.1467637,1.999999986112424,0.0,0.0,0.0,0.0,0.23664319132398465,0.0,2.880272231467637,0.0,0.0,162000.0,0.0,33204.6,0.0,1.4401361157338184,0.0,0.8,1.0,0.0,0.5760544462935274,0.0,0.0,0.0,0.0,0.5760544462935274
2.0,90.0,1119.4,90.0,1.135,6371.85,0.633,660.75,0.0,0.173,1.0,1.0,0.133887,16.66667,3.801716,90.0,90.0,90.0,3.120572,90.0,90.0,90.0,0.142857,0.713115,538.0744,1.0,257.4,129.0,540.0,139.4,300.0,0.0,4.175582,3.228814,12.56127,7.071068,7.071068,0.0,1,1,2.880272231467637,0.0,2.880272231467637,0.0,0.2,0.0,0.5760544462935274,0.0,1.1832159566199232,0.0,0.0,0.2,0.0,0.0,0.0,0.2,0.0,288027224.1467637,1.999999986112424,0.0,0.0,0.0,0.0,0.23664319132398465,0.0,2.880272231467637,0.0,0.0,162000.0,0.0,33204.6,0.0,1.4401361157338184,0.0,0.8,1.0,0.0,0.5760544462935274,0.0,0.0,0.0,0.0,0.5760544462935274
2.0,90.0,1119.4,90.0,1.15,6462.265,0.645,896.265,0.0,0.165,1.0,1.0,0.133887,16.66667,3.801716,90.0,90.0,90.0,3.120572,90.0,90.0,90.0,0.142857,0.713115,538.0744,1.0,257.4,129.0,540.0,139.4,300.0,0.0,4.175582,3.228814,12.56127,7.071068,7.071068,0.0,1,1,2.880272231467637,0.0,2.880272231467637,0.0,0.2,0.0,0.5760544462935274,0.0,1.1832159566199232,0.0,0.0,0.2,0.0,0.0,0.0,0.2,0.0,288027224.1467637,1.999999986112424,0.0,0.0,0.0,0.0,0.23664319132398465,0.0,2.880272231467637,0.0,0.0,162000.0,0.0,33204.6,0.0,1.4401361157338184,0.0,0.8,1.0,0.0,0.5760544462935274,0.0,0.0,0.0,0.0,0.5760544462935274
2.0,90.0,1119.4,10.0,0.5,7358.49,0.23,1479.902,0.0,0.6,1.0,1.0,0.133887,16.66667,3.801716,90.0,90.0,90.0,3.120572,90.0,90.0,90.0,0.142857,0.713115,538.0744,1.0,257.4,129.0,540.0,139.4,300.0,0.0,4.175582,3.228814,12.56127,7.071068,7.071068,0.0,1,1,2.880272231467637,0.0,2.880272231467637,0.0,0.2,0.0,0.5760544462935274,0.0,1.1832159566199232,0.0,0.0,0.2,0.0,0.0,0.0,0.2,0.0,288027224.1467637,1.999999986112424,0.0,0.0,0.0,0.0,0.23664319132398465,0.0,2.880272231467637,0.0,0.0,162000.0,0.0,33204.6,0.0,1.4401361157338184,0.0,0.8,1.0,0.0,0.5760544462935274,0.0,0.0,0.0,0.0,0.5760544462935274
2.0,90.0,446.4,5.0,3.755,15645.5,0.786,484.5,0.0,0.01,1.0,9.0,0.133887,16.66667,3.801716,90.0,90.0,90.0,3.120572,90.0,90.0,90.0,0.142857,0.713115,214.576,1.0,257.4,129.0,540.0,139.4,300.0,0.0,4.175582,3.228814,12.56127,7.071068,7.071068,0.0,1,1,2.880272231467637,0.0,2.880272231467637,0.0,0.2,0.0,0.5760544462935274,0.0,1.1832159566199232,0.0,0.0,0.2,0.0,0.0,0.0,0.2,0.0,288027224.1467637,1.999999986112424,0.0,0.0,0.0,0.0,0.23664319132398465,0.0,2.880272231467637,0.0,0.0,162000.0,0.0,33204.6,0.0,1.4401361157338184,0.0,0.8,1.0,0.0,0.5760544462935274,0.0,0.0,0.0,0.0,0.5760544462935274
2.0,90.0,361.8,50.0,3.8165,11452.75,0.98,162.43,0.0,0.02,1.0,9.0,0.133887,16.66667,3.801716,90.0,90.0,90.0,3.120572,90.0,90.0,90.0,0.142857,0.713115,173.9104,1.0,257.4,129.0,540.0,139.4,300.0,0.0,4.175582,3.228814,12.56127,7.071068,7.071068,0.0,1,1,2.880272231467637,0.0,2.880272231467637,0.0,0.2,0.0,0.5760544462935274,0.0,1.1832159566199232,0.0,0.0,0.2,0.0,0.0,0.0,0.2,0.0,288027224.1467637,1.999999986112424,0.0,0.0,0.0,0.0,0.23664319132398465,0.0,2.880272231467637,0.0,0.0,162000.0,0.0,33204.6,0.0,1.4401361157338184,0.0,0.8,1.0,0.0,0.5760544462935274,0.0,0.0,0.0,0.0,0.5760544462935274
2.0,90.0,666.8,100.0,3.337,5698.925,0.735,213.995,0.0,0.0,0.0,9.0,0.133887,16.66667,3.801716,90.0,90.0,90.0,3.120572,90.0,90.0,90.0,0.142857,0.713115,320.5182,1.0,257.4,129.0,540.0,139.4,300.0,0.0,4.175582,3.228814,12.56127,7.071068,7.071068,0.0,1,1,2.880272231467637,0.0,2.880272231467637,0.0,0.2,0.0,0.5760544462935274,0.0,1.1832159566199232,0.0,0.0,0.2,0.0,0.0,0.0,0.2,0.0,288027224.1467637,1.999999986112424,0.0,0.0,0.0,0.0,0.23664319132398465,0.0,2.880272231467637,0.0,0.0,162000.0,0.0,33204.6,0.0,1.4401361157338184,0.0,0.8,1.0,0.0,0.5760544462935274,0.0,0.0,0.0,0.0,0.5760544462935274
0.066667,10.0,260.0,10.0,8.0,500.0,0.7,820.0,0.0,0.9,1.0,5.0,1.0,1.0,5.527028,90.0,90.0,90.0,0.0,0.0,0.0,0.0,0.3,0.52,23.83453,1.410928,247.4,0.0,520.0,110.7,0.0,0.0,3.935368,2.757454,15.21722,0.0,-2.22e-16,0.0,0,0,3.3701701800242727,0.0,3.3701701800242727,0.0,0.3,0.0,1.011051054007282,0.0,1.1874342087037917,0.0,0.0,0.2,0.0,0.1,0.0,0.2,0.1,337017019.0024273,1.9999999881311632,0.0,0.0,0.0,0.0,0.23748684174075835,0.11874342087037917,0.0,0.0,0.0,0.0,0.0,0.0,0.0,1.6850850900121364,0.0,0.8,0.9,0.0,0.6740340360048546,0.0,0.0,0.0,0.0,1.011051054007282
0.2,50.0,1388.0,200.0,15.6206,900.0,0.006776,318.0,0.0,0.0,0.0,0.2,1.0,1.0,2.48976,60.0,60.0,60.0,3.011828,107.295,89.50258,120.0378,0.666667,0.249147,344.237,1.0,188.0,266.0,900.0,500.0,750.0,250.0,0.0,0.0,0.0,2.932331,2.0,10.0,1,0,3.872983346207417,3.350705235476804,0.5222781107306131,12.977225575051664,1.0,0.5,3.872983346207417,1.675352617738402,0.7071067811865476,1.5,0.8660254037844388,1.0,0.5,0.0,0.0,0.5,0.0,1.1558710995052903,0.14460150195534252,11.238607018635863,9.176284205106526,0.5,0.0,0.3535533905932738,0.0,0.0,0.0,6.488612787525832,675000.0,125000.0,50008.0,5.619303509317931,3.6118442908421104,1.7386185564158003,0.5,1.0,6.052316211210151,0.26113905536530657,0.4330127018922194,6.488612787525832,0.0,6.488612787525832,2.197630728469015
0.214286,40.0,45.0,5.0,5.1,710.65,1.35,710.65,0.0,0.87,1.0,1.0,0.805996,1.0,2.521433,90.0,90.0,90.0,2.48976,60.0,60.0,60.0,0.666667,0.450549,13.55552,1.0,235.0,188.0,550.0,225.0,900.0,500.0,2.93617,0.909091,10.0,0.0,-2.22e-16,0.0,1,0,5.400593288241463,3.872983346207417,1.5276099420340463,20.91640786499874,0.5,1.0,2.700296644120732,3.872983346207417,1.4142135623730951,0.5,0.3535533905932737,0.5,1.0,0.0,0.0,0.5,0.0,1.3944271899815093,0.32945431928924535,7.395066919702121,29.580267678808493,0.5,0.0,0.7071067811865476,0.0,0.0,0.0,10.458203932499371,495000.0,112500.0,44180.0,3.6975334598510603,4.63678831722444,13.521340945296616,0.5,1.0,3.8743101551476973,0.7638049710170232,0.17677669529663684,10.45820393249937,0.0,10.458203932499371,1.172686702086685
0.428571,50.0,1006.4,10.0,43.543,185.0,24.256,9.0,0.6,0.0,0.0,0.5,1.0,1.0,2.459352,109.4691,109.4671,109.4596,5.47254,117.5959,119.9996,90.00007,0.5,0.009677,99.25535,1.000148,183.0,272.8,800.0,470.0,600.0,180.0,0.0,0.0,0.0,3.196548,-2.22e-16,12.24745,1,0,4.898979485566356,4.468337566957918,0.4306419186084378,21.890294075112323,1.0,0.4,4.898979485566356,1.7873350267831674,1.3564659966250536,0.6,0.4160251471689217,1.0,0.4,0.0,0.0,0.6,0.0,1.0963763169616254,0.09194562653837654,9.10691281416958,29.693439569012742,0.4,0.0,0.8138795979750322,0.0,0.0,0.0,8.75611763004493,480000.0,84600.0,49922.4,3.642765125667832,4.683658526262137,12.783381260942743,0.4,1.0,3.8091751845354,0.25838515116506267,0.16641005886756868,8.75611763004493,0.0,8.75611763004493,3.1116444587831884
0.333333,10.0,1043.0,4.2,95.0,820.0,41.1,360.0,0.0,0.1,1.0,5.0,1.0,1.0,2.459352,109.4691,109.4671,109.4596,2.920997,90.0,90.0,90.0,0.5,-1.9,267.8024,1.000148,183.0,281.0,800.0,470.0,633.3333,136.6667,0.0,0.0,0.0,3.170657,0.744323,14.14214,1,0,4.898979485566356,3.8576446775306654,1.0413348080356903,18.89852213782697,1.0,0.3333333333333333,4.898979485566356,1.2858815591768884,1.247219128924647,1.0,0.5669467095138409,1.0,0.3333333333333333,0.0,0.0,0.6666666666666667,0.0,1.2699405705770854,0.23783932854987358,10.714454940715477,23.57059831870371,0.3333333333333333,0.0,0.8314794192830981,0.0,0.0,0.0,6.299507379275656,506666.64,64233.348999999995,51423.0,3.571484980238492,4.37831208154851,8.184067197111492,0.33333333333333326,1.0,3.760467216743105,0.694223205357127,0.1889822365046136,6.299507379275656,0.0,6.299507379275656,3.613097926389467
0.333333,10.0,1043.0,4.2,14.2,770.0,5.2,470.0,0.0,0.6,1.0,5.0,1.0,1.0,2.459352,109.4691,109.4671,109.4596,2.920997,90.0,90.0,90.0,0.5,-1.9,267.8024,1.000148,183.0,281.0,800.0,470.0,633.3333,136.6667,0.0,0.0,0.0,3.170657,0.744323,14.14214,1,0,4.898979485566356,3.8576446775306654,1.0413348080356903,18.89852213782697,1.0,0.3333333333333333,4.898979485566356,1.2858815591768884,1.247219128924647,1.0,0.5669467095138409,1.0,0.3333333333333333,0.0,0.0,0.6666666666666667,0.0,1.2699405705770854,0.23783932854987358,10.714454940715477,23.57059831870371,0.3333333333333333,0.0,0.8314794192830981,0.0,0.0,0.0,6.299507379275656,506666.64,64233.348999999995,51423.0,3.571484980238492,4.37831208154851,8.184067197111492,0.33333333333333326,1.0,3.760467216743105,0.694223205357127,0.1889822365046136,6.299507379275656,0.0,6.299507379275656,3.613097926389467
0.333333,10.0,1043.0,4.2,6.6,1960.0,1.3,960.0,0.0,2.3,1.0,5.0,1.0,1.0,2.459352,109.4691,109.4671,109.4596,2.920997,90.0,90.0,90.0,0.5,-1.9,267.8024,1.000148,183.0,281.0,800.0,470.0,633.3333,136.6667,0.0,0.0,0.0,3.170657,0.744323,14.14214,1,0,4.898979485566356,3.8576446775306654,1.0413348080356903,18.89852213782697,1.0,0.3333333333333333,4.898979485566356,1.2858815591768884,1.247219128924647,1.0,0.5669467095138409,1.0,0.3333333333333333,0.0,0.0,0.6666666666666667,0.0,1.2699405705770854,0.23783932854987358,10.714454940715477,23.57059831870371,0.3333333333333333,0.0,0.8314794192830981,0.0,0.0,0.0,6.299507379275656,506666.64,64233.348999999995,51423.0,3.571484980238492,4.37831208154851,8.184067197111492,0.33333333333333326,1.0,3.760467216743105,0.694223205357127,0.1889822365046136,6.299507379275656,0.0,6.299507379275656,3.613097926389467
0.3,10.0,723.0,10.0,1.8,400.0,0.9,110.0,0.0,0.2,1.0,1.4,0.805996,1.0,2.924839,90.0,90.0,120.0,5.999774,119.5591,119.5574,90.76302,0.444444,0.91206,45.18912,1.176906,267.5,276.0,800.0,257.5,728.5714,200.7143,2.859813,2.5,10.0,2.845991,2.401461,11.54726,1,0,2.8284271247461903,3.2633883253837643,0.434961200637574,9.230256058095485,0.5,0.4285714285714285,1.4142135623730951,1.3985949965930418,0.6308400618805605,1.1428571428571428,0.8576900278702358,0.5,0.4285714285714285,0.0,0.0,0.0714285714285714,0.0,0.8667148509659596,0.14280183067603494,7.916698575717329,5.822815302862375,0.21428571428571425,0.0,0.04506000442004002,0.0,0.0,0.0,1.9779120124490324,582857.12,51683.932250000005,73830.0,1.6964354090822844,3.0459077250649775,1.313557482378155,0.9285714285714285,1.0,8.147646560474167,0.031068657188398126,0.18379072025790766,1.9779120124490321,0.0,1.9779120124490324,0.015618565780053384
0.075,40.0,850.0,10.0,6.0,2273.275,2.7,493.641,0.0,0.44,1.0,4.0,1.0,1.0,2.924839,90.0,90.0,120.0,5.996281,60.0,60.0,60.0,0.444444,0.560302,53.15795,1.176906,267.5,276.1429,800.0,257.5,714.2857,207.8571,2.859813,2.5,10.0,2.838877,2.039608,11.56632,1,0,2.8284271247461903,3.420013513551952,0.5915863888057618,9.673258988728865,0.5,0.4285714285714285,1.4142135623730951,1.4657200772365508,0.4629100498862757,1.357142857142857,0.9271050693011066,0.5,0.4285714285714285,0.0,0.0,0.0714285714285714,0.0,0.8270222077392978,0.18935488745343684,8.968127445113026,4.477848801035344,0.21428571428571425,0.0,0.03306500356330539,0.0,0.0,0.0,2.072841211870471,571428.56,53523.20325,73868.22575,1.9217415953813624,3.124220319149071,0.7051315436158384,0.9285714285714285,1.0,9.18843019195598,0.042256170628982966,0.19866537199309423,2.0728412118704704,0.0,2.072841211870471,0.0515065148634557
0.096774,40.0,850.0,10.0,6.1,3351.0,3.25,1595.4,0.0,1.47,1.0,4.0,1.0,1.0,2.924839,90.0,90.0,120.0,5.996281,60.0,60.0,60.0,0.444444,0.560302,53.15795,1.176906,267.5,276.1429,800.0,257.5,714.2857,207.8571,2.859813,2.5,10.0,2.838877,2.039608,11.56632,1,0,2.8284271247461903,3.420013513551952,0.5915863888057618,9.673258988728865,0.5,0.4285714285714285,1.4142135623730951,1.4657200772365508,0.4629100498862757,1.357142857142857,0.9271050693011066,0.5,0.4285714285714285,0.0,0.0,0.0714285714285714,0.0,0.8270222077392978,0.18935488745343684,8.968127445113026,4.477848801035344,0.21428571428571425,0.0,0.03306500356330539,0.0,0.0,0.0,2.072841211870471,571428.56,53523.20325,73868.22575,1.9217415953813624,3.124220319149071,0.7051315436158384,0.9285714285714285,1.0,9.18843019195598,0.042256170628982966,0.19866537199309423,2.0728412118704704,0.0,2.072841211870471,0.0515065148634557
0.075,10.0,878.8,77.0,80.1937,228.5,21.124,15.0,0.0,12.4612,1.0,3.48,1.0,1.0,2.814348,104.0557,104.0557,91.77128,2.408562,90.0,90.0,109.3323,0.8,0.49969,136.8244,1.0,241.0,189.5,833.3333,338.3333,950.0,507.5,3.022502,2.039608,7.073384,0.079156,0.526316,0.147783,1,0,3.1766125318999325,3.350705235476804,0.1740927035768713,10.64389224171833,0.6666666666666666,1.0,2.117741687933288,3.350705235476804,0.408248290463863,1.3333333333333337,0.9428090415820634,0.6666666666666666,1.0,0.0,0.0,0.3333333333333333,0.0,0.9480429668315699,0.053342799982422,10.035157843117219,4.345350811563083,0.6666666666666666,0.0,0.13608276348795434,0.0,0.0,0.0,7.095928161145553,791666.635,171704.14975,45669.5,6.690105228744812,3.263658883688368,0.6087343986011114,0.6666666666666666,1.0,7.318644589799521,0.05803090119229043,0.6285393610547089,7.095928161145553,0.0,7.095928161145553,1.2329635475435157
0.075,10.0,878.8,77.0,80.1937,258.8,21.124,93.2,0.0,12.4612,1.0,3.48,1.0,1.0,2.814348,104.0557,104.0557,91.77128,2.408562,90.0,90.0,109.3323,0.8,0.49969,136.8244,1.0,241.0,189.5,833.3333,338.3333,950.0,507.5,3.022502,2.039608,7.073384,0.079156,0.526316,0.147783,1,0,3.1766125318999325,3.350705235476804,0.1740927035768713,10.64389224171833,0.6666666666666666,1.0,2.117741687933288,3.350705235476804,0.408248290463863,1.3333333333333337,0.9428090415820634,0.6666666666666666,1.0,0.0,0.0,0.3333333333333333,0.0,0.9480429668315699,0.053342799982422,10.035157843117219,4.345350811563083,0.6666666666666666,0.0,0.13608276348795434,0.0,0.0,0.0,7.095928161145553,791666.635,171704.14975,45669.5,6.690105228744812,3.263658883688368,0.6087343986011114,0.6666666666666666,1.0,7.318644589799521,0.05803090119229043,0.6285393610547089,7.095928161145553,0.0,7.095928161145553,1.2329635475435157
0.075,10.0,878.8,77.0,80.1937,369.5,21.124,4.5,0.0,12.4612,1.0,3.48,1.0,1.0,2.814348,104.0557,104.0557,91.77128,2.408562,90.0,90.0,109.3323,0.8,0.49969,136.8244,1.0,241.0,189.5,833.3333,338.3333,950.0,507.5,3.022502,2.039608,7.073384,0.079156,0.526316,0.147783,1,0,3.1766125318999325,3.350705235476804,0.1740927035768713,10.64389224171833,0.6666666666666666,1.0,2.117741687933288,3.350705235476804,0.408248290463863,1.3333333333333337,0.9428090415820634,0.6666666666666666,1.0,0.0,0.0,0.3333333333333333,0.0,0.9480429668315699,0.053342799982422,10.035157843117219,4.345350811563083,0.6666666666666666,0.0,0.13608276348795434,0.0,0.0,0.0,7.095928161145553,791666.635,171704.14975,45669.5,6.690105228744812,3.263658883688368,0.6087343986011114,0.6666666666666666,1.0,7.318644589799521,0.05803090119229043,0.6285393610547089,7.095928161145553,0.0,7.095928161145553,1.2329635475435157
0.075,10.0,878.8,77.0,80.1937,346.0,21.124,32.7,0.0,12.4612,1.0,3.48,1.0,1.0,2.814348,104.0557,104.0557,91.77128,2.408562,90.0,90.0,109.3323,0.8,0.49969,136.8244,1.0,241.0,189.5,833.3333,338.3333,950.0,507.5,3.022502,2.039608,7.073384,0.079156,0.526316,0.147783,1,0,3.1766125318999325,3.350705235476804,0.1740927035768713,10.64389224171833,0.6666666666666666,1.0,2.117741687933288,3.350705235476804,0.408248290463863,1.3333333333333337,0.9428090415820634,0.6666666666666666,1.0,0.0,0.0,0.3333333333333333,0.0,0.9480429668315699,0.053342799982422,10.035157843117219,4.345350811563083,0.6666666666666666,0.0,0.13608276348795434,0.0,0.0,0.0,7.095928161145553,791666.635,171704.14975,45669.5,6.690105228744812,3.263658883688368,0.6087343986011114,0.6666666666666666,1.0,7.318644589799521,0.05803090119229043,0.6285393610547089,7.095928161145553,0.0,7.095928161145553,1.2329635475435157
0.075,10.0,878.8,77.0,80.1937,257.5,21.124,11.2,0.0,12.4612,1.0,3.48,1.0,1.0,2.814348,104.0557,104.0557,91.77128,2.408562,90.0,90.0,109.3323,0.8,0.49969,136.8244,1.0,241.0,189.5,833.3333,338.3333,950.0,507.5,3.022502,2.039608,7.073384,0.079156,0.526316,0.147783,1,0,3.1766125318999325,3.350705235476804,0.1740927035768713,10.64389224171833,0.6666666666666666,1.0,2.117741687933288,3.350705235476804,0.408248290463863,1.3333333333333337,0.9428090415820634,0.6666666666666666,1.0,0.0,0.0,0.3333333333333333,0.0,0.9480429668315699,0.053342799982422,10.035157843117219,4.345350811563083,0.6666666666666666,0.0,0.13608276348795434,0.0,0.0,0.0,7.095928161145553,791666.635,171704.14975,45669.5,6.690105228744812,3.263658883688368,0.6087343986011114,0.6666666666666666,1.0,7.318644589799521,0.05803090119229043,0.6285393610547089,7.095928161145553,0.0,7.095928161145553,1.2329635475435157
0.03,10.0,908.6,77.0,79.2226,133.0,12.26068,11.5,1.0,2.032,0.6,1.104,1.0,1.0,3.526454,96.09896,96.04048,113.8795,2.408562,90.0,90.0,109.3323,0.8,0.672446,141.4641,1.117381,241.0,189.5,833.3333,338.3333,950.0,507.5,3.022502,2.039608,7.073384,0.079156,0.526316,0.147783,1,0,3.1766125318999325,3.350705235476804,0.1740927035768713,10.64389224171833,0.6666666666666666,1.0,2.117741687933288,3.350705235476804,0.408248290463863,1.3333333333333337,0.9428090415820634,0.6666666666666666,1.0,0.0,0.0,0.3333333333333333,0.0,0.9480429668315699,0.053342799982422,10.035157843117219,4.345350811563083,0.6666666666666666,0.0,0.13608276348795434,0.0,0.0,0.0,7.095928161145553,791666.635,171704.14975,45669.5,6.690105228744812,3.263658883688368,0.6087343986011114,0.6666666666666666,1.0,7.318644589799521,0.05803090119229043,0.6285393610547089,7.095928161145553,0.0,7.095928161145553,1.2329635475435157
0.03,10.0,1000.8,77.0,140.4242,140.0,28.159,146.5,0.0,4.3096,0.8,2.4,1.0,1.0,2.416394,109.4712,109.4712,109.4712,2.408562,90.0,90.0,109.3323,0.8,0.721362,155.8191,1.0,241.0,189.5,833.3333,338.3333,950.0,507.5,3.022502,2.039608,7.073384,0.079156,0.526316,0.147783,1,0,3.1766125318999325,3.350705235476804,0.1740927035768713,10.64389224171833,0.6666666666666666,1.0,2.117741687933288,3.350705235476804,0.408248290463863,1.3333333333333337,0.9428090415820634,0.6666666666666666,1.0,0.0,0.0,0.3333333333333333,0.0,0.9480429668315699,0.053342799982422,10.035157843117219,4.345350811563083,0.6666666666666666,0.0,0.13608276348795434,0.0,0.0,0.0,7.095928161145553,791666.635,171704.14975,45669.5,6.690105228744812,3.263658883688368,0.6087343986011114,0.6666666666666666,1.0,7.318644589799521,0.05803090119229043,0.6285393610547089,7.095928161145553,0.0,7.095928161145553,1.2329635475435157
0.03,10.0,1000.8,77.0,140.4242,258.0,28.159,244.5,0.0,4.3096,0.8,2.4,1.0,1.0,2.416394,109.4712,109.4712,109.4712,2.408562,90.0,90.0,109.3323,0.8,0.721362,155.8191,1.0,241.0,189.5,833.3333,338.3333,950.0,507.5,3.022502,2.039608,7.073384,0.079156,0.526316,0.147783,1,0,3.1766125318999325,3.350705235476804,0.1740927035768713,10.64389224171833,0.6666666666666666,1.0,2.117741687933288,3.350705235476804,0.408248290463863,1.3333333333333337,0.9428090415820634,0.6666666666666666,1.0,0.0,0.0,0.3333333333333333,0.0,0.9480429668315699,0.053342799982422,10.035157843117219,4.345350811563083,0.6666666666666666,0.0,0.13608276348795434,0.0,0.0,0.0,7.095928161145553,791666.635,171704.14975,45669.5,6.690105228744812,3.263658883688368,0.6087343986011114,0.6666666666666666,1.0,7.318644589799521,0.05803090119229043,0.6285393610547089,7.095928161145553,0.0,7.095928161145553,1.2329635475435157
0.03,10.0,1212.8,77.0,144.4242,217.0,26.7886,99.0,0.0,4.4416,0.8,2.2,1.0,1.0,2.431068,99.57698,99.57698,99.57698,2.408562,90.0,90.0,109.3323,0.8,0.721362,188.8264,1.0,241.0,189.5,833.3333,338.3333,950.0,507.5,3.022502,2.039608,7.073384,0.079156,0.526316,0.147783,1,0,3.1766125318999325,3.350705235476804,0.1740927035768713,10.64389224171833,0.6666666666666666,1.0,2.117741687933288,3.350705235476804,0.408248290463863,1.3333333333333337,0.9428090415820634,0.6666666666666666,1.0,0.0,0.0,0.3333333333333333,0.0,0.9480429668315699,0.053342799982422,10.035157843117219,4.345350811563083,0.6666666666666666,0.0,0.13608276348795434,0.0,0.0,0.0,7.095928161145553,791666.635,171704.14975,45669.5,6.690105228744812,3.263658883688368,0.6087343986011114,0.6666666666666666,1.0,7.318644589799521,0.05803090119229043,0.6285393610547089,7.095928161145553,0.0,7.095928161145553,1.2329635475435157
0.5,50.0,1043.0,5.0,49.894,180.0,33.1452,335.2,0.4,1.6033,0.76,0.4,1.0,1.0,2.459352,109.4691,109.4671,109.4596,5.512634,96.2034,96.2034,141.6175,0.666667,0.314225,141.9013,1.000148,183.0,263.5,800.0,470.0,700.0,235.0,0.0,0.0,0.0,3.055028,1.428571,10.0,1,0,4.898979485566356,3.863703305156273,1.035276180410083,18.928203230275507,1.0,0.5,4.898979485566356,1.9318516525781364,0.7071067811865476,1.5,0.8660254037844388,1.0,0.5,0.0,0.0,0.5,0.0,1.267949191737619,0.2362920586702618,16.392304845413264,13.384260859804925,0.5,0.0,0.3535533905932738,0.0,0.0,0.0,9.464101615137753,560000.0,110450.0,48220.5,8.196152422706632,4.381341395361314,2.535898384862242,0.5,1.0,8.629165124598853,0.5176380902050415,0.4330127018922194,9.464101615137753,0.0,9.464101615137753,2.9671278329882194
0.535714,50.0,1043.0,5.0,62.5044,1391.0,19.28,397.0,0.0,1.8819,1.28,0.1,1.0,1.0,2.459352,109.4691,109.4671,109.4596,5.512634,96.2034,96.2034,141.6175,0.666667,0.314225,141.9013,1.000148,183.0,263.5,800.0,470.0,700.0,235.0,0.0,0.0,0.0,3.055028,1.428571,10.0,1,0,4.898979485566356,3.863703305156273,1.035276180410083,18.928203230275507,1.0,0.5,4.898979485566356,1.9318516525781364,0.7071067811865476,1.5,0.8660254037844388,1.0,0.5,0.0,0.0,0.5,0.0,1.267949191737619,0.2362920586702618,16.392304845413264,13.384260859804925,0.5,0.0,0.3535533905932738,0.0,0.0,0.0,9.464101615137753,560000.0,110450.0,48220.5,8.196152422706632,4.381341395361314,2.535898384862242,0.5,1.0,8.629165124598853,0.5176380902050415,0.4330127018922194,9.464101615137753,0.0,9.464101615137753,2.9671278329882194
0.3125,50.0,1043.0,5.0,65.705,1391.0,29.8,504.0,0.0,1.95498,1.08,0.4,1.0,1.0,2.459352,109.4691,109.4671,109.4596,5.512634,96.2034,96.2034,141.6175,0.666667,0.314225,141.9013,1.000148,183.0,263.5,800.0,470.0,700.0,235.0,0.0,0.0,0.0,3.055028,1.428571,10.0,1,0,4.898979485566356,3.863703305156273,1.035276180410083,18.928203230275507,1.0,0.5,4.898979485566356,1.9318516525781364,0.7071067811865476,1.5,0.8660254037844388,1.0,0.5,0.0,0.0,0.5,0.0,1.267949191737619,0.2362920586702618,16.392304845413264,13.384260859804925,0.5,0.0,0.3535533905932738,0.0,0.0,0.0,9.464101615137753,560000.0,110450.0,48220.5,8.196152422706632,4.381341395361314,2.535898384862242,0.5,1.0,8.629165124598853,0.5176380902050415,0.4330127018922194,9.464101615137753,0.0,9.464101615137753,2.9671278329882194
0.197368,50.0,1043.0,5.0,82.3,2654.12,31.8,304.0,0.0,0.15698,0.96,4.0,1.0,1.0,2.459352,109.4691,109.4671,109.4596,5.512634,96.2034,96.2034,141.6175,0.666667,0.250531,141.9013,1.000148,183.0,263.5,800.0,470.0,700.0,235.0,0.0,0.0,0.0,3.055028,1.428571,10.0,1,0,4.898979485566356,3.863703305156273,1.035276180410083,18.928203230275507,1.0,0.5,4.898979485566356,1.9318516525781364,0.7071067811865476,1.5,0.8660254037844388,1.0,0.5,0.0,0.0,0.5,0.0,1.267949191737619,0.2362920586702618,16.392304845413264,13.384260859804925,0.5,0.0,0.3535533905932738,0.0,0.0,0.0,9.464101615137753,560000.0,110450.0,48220.5,8.196152422706632,4.381341395361314,2.535898384862242,0.5,1.0,8.629165124598853,0.5176380902050415,0.4330127018922194,9.464101615137753,0.0,9.464101615137753,2.9671278329882194
0.4,20.0,1043.0,5.0,20.0,1658.13,11.6,286.7,0.0,1.3,1.0,2.0,1.0,1.0,2.459352,109.4691,109.4671,109.4596,5.512634,96.2034,96.2034,141.6175,0.666667,0.250531,141.9013,1.000148,183.0,263.5,800.0,470.0,700.0,235.0,0.0,0.0,0.0,3.055028,1.428571,10.0,1,0,4.898979485566356,3.863703305156273,1.035276180410083,18.928203230275507,1.0,0.5,4.898979485566356,1.9318516525781364,0.7071067811865476,1.5,0.8660254037844388,1.0,0.5,0.0,0.0,0.5,0.0,1.267949191737619,0.2362920586702618,16.392304845413264,13.384260859804925,0.5,0.0,0.3535533905932738,0.0,0.0,0.0,9.464101615137753,560000.0,110450.0,48220.5,8.196152422706632,4.381341395361314,2.535898384862242,0.5,1.0,8.629165124598853,0.5176380902050415,0.4330127018922194,9.464101615137753,0.0,9.464101615137753,2.9671278329882194
0.3,20.0,1043.0,5.0,18.0,2371.6,9.125,1628.74,0.0,4.425,1.0,2.0,1.0,1.0,2.459352,109.4691,109.4671,109.4596,5.512634,96.2034,96.2034,141.6175,0.666667,0.250531,141.9013,1.000148,183.0,263.5,800.0,470.0,700.0,235.0,0.0,0.0,0.0,3.055028,1.428571,10.0,1,0,4.898979485566356,3.863703305156273,1.035276180410083,18.928203230275507,1.0,0.5,4.898979485566356,1.9318516525781364,0.7071067811865476,1.5,0.8660254037844388,1.0,0.5,0.0,0.0,0.5,0.0,1.267949191737619,0.2362920586702618,16.392304845413264,13.384260859804925,0.5,0.0,0.3535533905932738,0.0,0.0,0.0,9.464101615137753,560000.0,110450.0,48220.5,8.196152422706632,4.381341395361314,2.535898384862242,0.5,1.0,8.629165124598853,0.5176380902050415,0.4330127018922194,9.464101615137753,0.0,9.464101615137753,2.9671278329882194
0.333333,50.0,858.0,10.0,20.0,792.0,9.0,9.0,1.0,1.0,0.0,1.0,1.0,1.0,3.788512,90.0,90.0,90.0,5.142692,74.87634,90.0,90.0,0.416667,0.660338,84.15029,1.0,279.6,275.0,680.0,188.0,685.7143,201.4286,2.820943,1.440876,12.24745,2.897249,1.443376,11.54701,1,0,3.656648069074256,3.7158067079548327,0.0591586388805764,13.587397423696208,0.4,0.4285714285714285,1.4626592276297026,1.5924885891234997,0.0404061017820884,1.5142857142857142,0.9994664294862464,0.4,0.4285714285714285,0.0,0.0,0.0285714285714285,0.0,0.9840791937334304,0.01604855926805162,13.580147589072272,0.5490137632555547,0.1714285714285714,0.0,0.0011544600509168087,0.0,0.0,0.0,2.329268129776493,466285.724,37868.576799999995,76890.0,2.3280253009838177,3.6862273885145447,0.007249834623935634,0.9714285714285715,1.0,14.163053618028277,0.0016902468251593216,0.17133710219764223,2.3292681297764926,0.0,2.329268129776493,0.1298293614937971
0.333333,50.0,858.0,10.0,57.0,763.21,28.0,42.21,0.4722,0.0,0.0,2.76,1.0,1.0,3.788512,90.0,90.0,90.0,5.142692,74.87634,90.0,90.0,0.416667,0.401899,84.15029,1.0,279.6,275.0,680.0,188.0,685.7143,201.4286,2.820943,1.440876,12.24745,2.897249,1.443376,11.54701,1,0,3.656648069074256,3.7158067079548327,0.0591586388805764,13.587397423696208,0.4,0.4285714285714285,1.4626592276297026,1.5924885891234997,0.0404061017820884,1.5142857142857142,0.9994664294862464,0.4,0.4285714285714285,0.0,0.0,0.0285714285714285,0.0,0.9840791937334304,0.01604855926805162,13.580147589072272,0.5490137632555547,0.1714285714285714,0.0,0.0011544600509168087,0.0,0.0,0.0,2.329268129776493,466285.724,37868.576799999995,76890.0,2.3280253009838177,3.6862273885145447,0.007249834623935634,0.9714285714285715,1.0,14.163053618028277,0.0016902468251593216,0.17133710219764223,2.3292681297764926,0.0,2.329268129776493,0.1298293614937971
0.333333,50.0,858.0,10.0,16.7,1051.25,6.0,56.35,1.0,0.22,1.0,0.002,1.0,1.0,3.788512,90.0,90.0,90.0,5.142692,74.87634,90.0,90.0,0.416667,0.541139,84.15029,1.0,279.6,275.0,680.0,188.0,685.7143,201.4286,2.820943,1.440876,12.24745,2.897249,1.443376,11.54701,1,0,3.656648069074256,3.7158067079548327,0.0591586388805764,13.587397423696208,0.4,0.4285714285714285,1.4626592276297026,1.5924885891234997,0.0404061017820884,1.5142857142857142,0.9994664294862464,0.4,0.4285714285714285,0.0,0.0,0.0285714285714285,0.0,0.9840791937334304,0.01604855926805162,13.580147589072272,0.5490137632555547,0.1714285714285714,0.0,0.0011544600509168087,0.0,0.0,0.0,2.329268129776493,466285.724,37868.576799999995,76890.0,2.3280253009838177,3.6862273885145447,0.007249834623935634,0.9714285714285715,1.0,14.163053618028277,0.0016902468251593216,0.17133710219764223,2.3292681297764926,0.0,2.329268129776493,0.1298293614937971
0.333333,50.0,858.0,10.0,16.65,1055.94,7.9,86.996,1.0,0.702,0.0,2.0028,1.0,1.0,3.788512,90.0,90.0,90.0,5.142692,74.87634,90.0,90.0,0.416667,0.236287,84.15029,1.0,279.6,275.0,680.0,188.0,685.7143,201.4286,2.820943,1.440876,12.24745,2.897249,1.443376,11.54701,1,0,3.656648069074256,3.7158067079548327,0.0591586388805764,13.587397423696208,0.4,0.4285714285714285,1.4626592276297026,1.5924885891234997,0.0404061017820884,1.5142857142857142,0.9994664294862464,0.4,0.4285714285714285,0.0,0.0,0.0285714285714285,0.0,0.9840791937334304,0.01604855926805162,13.580147589072272,0.5490137632555547,0.1714285714285714,0.0,0.0011544600509168087,0.0,0.0,0.0,2.329268129776493,466285.724,37868.576799999995,76890.0,2.3280253009838177,3.6862273885145447,0.007249834623935634,0.9714285714285715,1.0,14.163053618028277,0.0016902468251593216,0.17133710219764223,2.3292681297764926,0.0,2.329268129776493,0.1298293614937971
1.321586,30.0,561.6,5.0,57.1424,4800.0,35.1328,1200.0,0.2,0.0,1.0,1.0,1.0,1.0,2.940143,90.0,90.0,90.0,0.0,0.0,0.0,0.0,0.5,0.819077,286.5167,1.194879,77.5,0.0,350.0,205.0,0.0,0.0,7.071068,7.071068,7.071068,0.0,-2.22e-16,0.0,0,0,4.372253453922903,0.0,4.372253453922903,0.0,0.5,0.0,2.186126726961452,0.0,1.118033988749895,0.0,0.0,1.0,0.0,0.5,0.0,1.0,0.5,437225346.39229035,1.9999999908513997,0.0,0.0,0.0,0.0,1.118033988749895,0.5590169943749475,0.0,0.0,0.0,0.0,0.0,0.0,0.0,2.1861267269614517,0.0,0.0,0.5,0.0,4.372253453922903,0.0,0.0,0.0,0.0,2.186126726961452
0.729927,30.0,592.6,5.0,61.94,1100.0,44.724,1100.0,0.2,0.0,1.0,1.0,1.0,1.0,2.940143,90.0,90.0,90.0,0.0,0.0,0.0,0.0,0.5,0.816821,302.3322,1.194879,77.5,0.0,350.0,205.0,0.0,0.0,7.071068,7.071068,7.071068,0.0,-2.22e-16,0.0,0,0,4.372253453922903,0.0,4.372253453922903,0.0,0.5,0.0,2.186126726961452,0.0,1.118033988749895,0.0,0.0,1.0,0.0,0.5,0.0,1.0,0.5,437225346.39229035,1.9999999908513997,0.0,0.0,0.0,0.0,1.118033988749895,0.5590169943749475,0.0,0.0,0.0,0.0,0.0,0.0,0.0,2.1861267269614517,0.0,0.0,0.5,0.0,4.372253453922903,0.0,0.0,0.0,0.0,2.186126726961452
0.166667,50.0,631.0,250.0,19.0,990.0,1.8,600.0,0.0,0.0,0.0,2.0,1.0,1.0,2.416394,109.4712,109.4712,109.4712,2.924839,90.0,90.0,120.0,0.666667,0.894472,161.8038,1.0,191.0,267.5,1000.0,515.0,800.0,257.5,0.0,0.0,0.0,2.859813,2.5,10.0,1,0,2.8284271247461903,2.8284271247461903,0.0,8.000000000000002,1.0,0.5,2.8284271247461903,1.4142135623730951,0.7071067811865476,1.5,0.8660254037844388,1.0,0.5,0.0,0.0,0.5,0.0,1.0,0.0,6.928203230275512,5.6568542494923815,0.5,0.0,0.3535533905932738,0.0,0.0,0.0,4.000000000000001,800000.0,132612.5,51092.5,3.464101615137756,2.8284271247461903,1.0717967697244897,0.5,1.0,3.8971143170299753,0.0,0.4330127018922194,4.000000000000001,0.0,4.000000000000001,1.4142135623730951
0.166667,50.0,631.0,5.0,6.0,383.4,1.3,92.2,0.0,0.0,0.0,5.0,1.0,1.0,2.416394,109.4712,109.4712,109.4712,2.924839,90.0,90.0,120.0,0.666667,0.799749,161.8038,1.0,191.0,267.5,1000.0,515.0,800.0,257.5,0.0,0.0,0.0,2.859813,2.5,10.0,1,0,2.8284271247461903,2.8284271247461903,0.0,8.000000000000002,1.0,0.5,2.8284271247461903,1.4142135623730951,0.7071067811865476,1.5,0.8660254037844388,1.0,0.5,0.0,0.0,0.5,0.0,1.0,0.0,6.928203230275512,5.6568542494923815,0.5,0.0,0.3535533905932738,0.0,0.0,0.0,4.000000000000001,800000.0,132612.5,51092.5,3.464101615137756,2.8284271247461903,1.0717967697244897,0.5,1.0,3.8971143170299753,0.0,0.4330127018922194,4.000000000000001,0.0,4.000000000000001,1.4142135623730951
0.06,50.0,316.0,5.0,34.6,10454.3,20.28,900.5,0.0,2.55,1.0,5.0,1.0,1.0,5.479769,60.90148,87.36408,57.03681,6.348074,117.493,89.99976,117.6525,0.416667,0.609632,16.14953,1.116844,268.4,263.0,640.0,164.0,642.8571,175.7143,3.449728,0.765466,12.24745,3.556302,0.7698,11.54701,1,0,4.06348818808756,4.151706835469087,0.0882186473815265,16.870411686331018,0.4,0.4285714285714285,1.6253952752350245,1.7793029294867513,0.0404061017820884,1.5142857142857142,0.9994664294862464,0.4,0.4285714285714285,0.0,0.0,0.0285714285714285,0.0,0.9787512339707215,0.021476945322367796,16.861410132100307,0.6816675717036247,0.1714285714285714,0.0,0.0011544600509168087,0.0,0.0,0.0,2.8920705747996034,411428.544,28817.145200000003,70589.2,2.8905274512171952,4.107597511778323,0.009001554230710015,0.9714285714285715,1.0,17.350565802684084,0.0025205327823293222,0.17133710219764223,2.8920705747996025,0.0,2.8920705747996034,0.1539076542517268
0.06,50.0,316.0,5.0,33.41,10679.0,11.93,1136.01,0.0,2.05,1.0,5.0,1.0,1.0,5.479769,60.90148,87.36408,57.03681,6.348074,117.493,89.99976,117.6525,0.416667,0.609632,16.14953,1.116844,268.4,263.0,640.0,164.0,642.8571,175.7143,3.449728,0.765466,12.24745,3.556302,0.7698,11.54701,1,0,4.06348818808756,4.151706835469087,0.0882186473815265,16.870411686331018,0.4,0.4285714285714285,1.6253952752350245,1.7793029294867513,0.0404061017820884,1.5142857142857142,0.9994664294862464,0.4,0.4285714285714285,0.0,0.0,0.0285714285714285,0.0,0.9787512339707215,0.021476945322367796,16.861410132100307,0.6816675717036247,0.1714285714285714,0.0,0.0011544600509168087,0.0,0.0,0.0,2.8920705747996034,411428.544,28817.145200000003,70589.2,2.8905274512171952,4.107597511778323,0.009001554230710015,0.9714285714285715,1.0,17.350565802684084,0.0025205327823293222,0.17133710219764223,2.8920705747996025,0.0,2.8920705747996034,0.1539076542517268
0.428571,10.0,858.0,4.2,0.4285,367.94,0.047,191.47,0.0,0.02,1.0,0.5,1.0,1.0,3.788512,90.0,90.0,90.0,5.142692,74.87634,90.0,90.0,0.416667,0.856962,84.15029,1.0,279.6,275.0,680.0,188.0,685.7143,201.4286,2.820943,1.440876,12.24745,2.897249,1.443376,11.54701,1,0,3.656648069074256,3.7158067079548327,0.0591586388805764,13.587397423696208,0.4,0.4285714285714285,1.4626592276297026,1.5924885891234997,0.0404061017820884,1.5142857142857142,0.9994664294862464,0.4,0.4285714285714285,0.0,0.0,0.0285714285714285,0.0,0.9840791937334304,0.01604855926805162,13.580147589072272,0.5490137632555547,0.1714285714285714,0.0,0.0011544600509168087,0.0,0.0,0.0,2.329268129776493,466285.724,37868.576799999995,76890.0,2.3280253009838177,3.6862273885145447,0.007249834623935634,0.9714285714285715,1.0,14.163053618028277,0.0016902468251593216,0.17133710219764223,2.3292681297764926,0.0,2.329268129776493,0.1298293614937971
0.428571,10.0,858.0,5.8,11.166,2347.182,5.46,716.992,0.0,0.93,1.0,0.5,1.0,1.0,3.788512,90.0,90.0,90.0,5.142692,74.87634,90.0,90.0,0.416667,0.856962,84.15029,1.0,279.6,275.0,680.0,188.0,685.7143,201.4286,2.820943,1.440876,12.24745,2.897249,1.443376,11.54701,1,0,3.656648069074256,3.7158067079548327,0.0591586388805764,13.587397423696208,0.4,0.4285714285714285,1.4626592276297026,1.5924885891234997,0.0404061017820884,1.5142857142857142,0.9994664294862464,0.4,0.4285714285714285,0.0,0.0,0.0285714285714285,0.0,0.9840791937334304,0.01604855926805162,13.580147589072272,0.5490137632555547,0.1714285714285714,0.0,0.0011544600509168087,0.0,0.0,0.0,2.329268129776493,466285.724,37868.576799999995,76890.0,2.3280253009838177,3.6862273885145447,0.007249834623935634,0.9714285714285715,1.0,14.163053618028277,0.0016902468251593216,0.17133710219764223,2.3292681297764926,0.0,2.329268129776493,0.1298293614937971
0.428571,10.0,858.0,8.4,39.125,1602.94,21.65,397.06,0.0,3.174,1.0,0.5,1.0,1.0,3.788512,90.0,90.0,90.0,5.142692,74.87634,90.0,90.0,0.416667,0.892616,84.15029,1.0,279.6,275.0,680.0,188.0,685.7143,201.4286,2.820943,1.440876,12.24745,2.897249,1.443376,11.54701,1,0,3.656648069074256,3.7158067079548327,0.0591586388805764,13.587397423696208,0.4,0.4285714285714285,1.4626592276297026,1.5924885891234997,0.0404061017820884,1.5142857142857142,0.9994664294862464,0.4,0.4285714285714285,0.0,0.0,0.0285714285714285,0.0,0.9840791937334304,0.01604855926805162,13.580147589072272,0.5490137632555547,0.1714285714285714,0.0,0.0011544600509168087,0.0,0.0,0.0,2.329268129776493,466285.724,37868.576799999995,76890.0,2.3280253009838177,3.6862273885145447,0.007249834623935634,0.9714285714285715,1.0,14.163053618028277,0.0016902468251593216,0.17133710219764223,2.3292681297764926,0.0,2.329268129776493,0.1298293614937971
0.428571,10.0,858.0,8.4,52.862,1667.94,26.949,384.94,0.0,4.51,1.0,0.5,1.0,1.0,3.788512,90.0,90.0,90.0,5.142692,74.87634,90.0,90.0,0.416667,0.892616,84.15029,1.0,279.6,275.0,680.0,188.0,685.7143,201.4286,2.820943,1.440876,12.24745,2.897249,1.443376,11.54701,1,0,3.656648069074256,3.7158067079548327,0.0591586388805764,13.587397423696208,0.4,0.4285714285714285,1.4626592276297026,1.5924885891234997,0.0404061017820884,1.5142857142857142,0.9994664294862464,0.4,0.4285714285714285,0.0,0.0,0.0285714285714285,0.0,0.9840791937334304,0.01604855926805162,13.580147589072272,0.5490137632555547,0.1714285714285714,0.0,0.0011544600509168087,0.0,0.0,0.0,2.329268129776493,466285.724,37868.576799999995,76890.0,2.3280253009838177,3.6862273885145447,0.007249834623935634,0.9714285714285715,1.0,14.163053618028277,0.0016902468251593216,0.17133710219764223,2.3292681297764926,0.0,2.329268129776493,0.1298293614937971
0.428571,10.0,858.0,10.0,50.965,1636.5,26.385,409.02,0.0,4.735,1.0,3.0,1.0,1.0,3.788512,90.0,90.0,90.0,5.142692,74.87634,90.0,90.0,0.416667,0.893249,84.15029,1.0,279.6,275.0,680.0,188.0,685.7143,201.4286,2.820943,1.440876,12.24745,2.897249,1.443376,11.54701,1,0,3.656648069074256,3.7158067079548327,0.0591586388805764,13.587397423696208,0.4,0.4285714285714285,1.4626592276297026,1.5924885891234997,0.0404061017820884,1.5142857142857142,0.9994664294862464,0.4,0.4285714285714285,0.0,0.0,0.0285714285714285,0.0,0.9840791937334304,0.01604855926805162,13.580147589072272,0.5490137632555547,0.1714285714285714,0.0,0.0011544600509168087,0.0,0.0,0.0,2.329268129776493,466285.724,37868.576799999995,76890.0,2.3280253009838177,3.6862273885145447,0.007249834623935634,0.9714285714285715,1.0,14.163053618028277,0.0016902468251593216,0.17133710219764223,2.3292681297764926,0.0,2.329268129776493,0.1298293614937971
0.428571,10.0,858.0,10.0,59.99,1204.6,26.65,318.236,0.0,6.35,1.0,3.0,1.0,1.0,3.788512,90.0,90.0,90.0,5.142692,74.87634,90.0,90.0,0.416667,0.893038,84.15029,1.0,279.6,275.0,680.0,188.0,685.7143,201.4286,2.820943,1.440876,12.24745,2.897249,1.443376,11.54701,1,0,3.656648069074256,3.7158067079548327,0.0591586388805764,13.587397423696208,0.4,0.4285714285714285,1.4626592276297026,1.5924885891234997,0.0404061017820884,1.5142857142857142,0.9994664294862464,0.4,0.4285714285714285,0.0,0.0,0.0285714285714285,0.0,0.9840791937334304,0.01604855926805162,13.580147589072272,0.5490137632555547,0.1714285714285714,0.0,0.0011544600509168087,0.0,0.0,0.0,2.329268129776493,466285.724,37868.576799999995,76890.0,2.3280253009838177,3.6862273885145447,0.007249834623935634,0.9714285714285715,1.0,14.163053618028277,0.0016902468251593216,0.17133710219764223,2.3292681297764926,0.0,2.329268129776493,0.1298293614937971
0.428571,10.0,858.0,10.0,69.23,1011.43,28.64,124.78,0.0,4.28,1.0,3.0,1.0,1.0,3.788512,90.0,90.0,90.0,5.142692,74.87634,90.0,90.0,0.416667,0.893249,84.15029,1.0,279.6,275.0,680.0,188.0,685.7143,201.4286,2.820943,1.440876,12.24745,2.897249,1.443376,11.54701,1,0,3.656648069074256,3.7158067079548327,0.0591586388805764,13.587397423696208,0.4,0.4285714285714285,1.4626592276297026,1.5924885891234997,0.0404061017820884,1.5142857142857142,0.9994664294862464,0.4,0.4285714285714285,0.0,0.0,0.0285714285714285,0.0,0.9840791937334304,0.01604855926805162,13.580147589072272,0.5490137632555547,0.1714285714285714,0.0,0.0011544600509168087,0.0,0.0,0.0,2.329268129776493,466285.724,37868.576799999995,76890.0,2.3280253009838177,3.6862273885145447,0.007249834623935634,0.9714285714285715,1.0,14.163053618028277,0.0016902468251593216,0.17133710219764223,2.3292681297764926,0.0,2.329268129776493,0.1298293614937971
0.428571,10.0,858.0,10.0,74.192,1011.43,29.32,170.521,0.0,2.22,1.0,3.0,1.0,1.0,3.788512,90.0,90.0,90.0,5.142692,74.87634,90.0,90.0,0.416667,0.893249,84.15029,1.0,279.6,275.0,680.0,188.0,685.7143,201.4286,2.820943,1.440876,12.24745,2.897249,1.443376,11.54701,1,0,3.656648069074256,3.7158067079548327,0.0591586388805764,13.587397423696208,0.4,0.4285714285714285,1.4626592276297026,1.5924885891234997,0.0404061017820884,1.5142857142857142,0.9994664294862464,0.4,0.4285714285714285,0.0,0.0,0.0285714285714285,0.0,0.9840791937334304,0.01604855926805162,13.580147589072272,0.5490137632555547,0.1714285714285714,0.0,0.0011544600509168087,0.0,0.0,0.0,2.329268129776493,466285.724,37868.576799999995,76890.0,2.3280253009838177,3.6862273885145447,0.007249834623935634,0.9714285714285715,1.0,14.163053618028277,0.0016902468251593216,0.17133710219764223,2.3292681297764926,0.0,2.329268129776493,0.1298293614937971
0.1,40.0,630.6,5.0,44.64002,104.6,0.015,390.0,0.0,0.015,1.0,1.612,1.0,1.0,6.117259,58.53517,61.59676,58.53665,0.0,0.0,0.0,0.0,0.428571,-1.428,53.80697,1.000007,277.1429,0.0,728.5714,214.2857,0.0,0.0,2.785566,2.037707,11.54701,0.0,-2.22e-16,0.0,0,0,3.2760940768010016,0.0,3.2760940768010016,0.0,0.4285714285714285,0.0,1.4040403186290007,0.0,1.228903609577518,0.0,0.0,0.4285714285714285,0.0,0.0,0.0,0.4285714285714285,0.0,327609408.68010014,1.9999999877903385,0.0,0.0,0.0,0.0,0.5266729755332219,0.0,0.0,0.0,0.0,0.0,0.0,0.0,0.0,1.6380470384005008,0.0,0.5714285714285715,1.0,0.0,1.4040403186290005,0.0,0.0,0.0,0.0,1.4040403186290007
0.075,50.0,1100.0,5.0,44.772,856.0,17.4,836.0,0.0,25.862,1.0,0.0,1.0,1.0,2.48976,60.0,60.0,60.0,2.416394,109.4712,109.4712,109.4712,1.0,0.638526,341.4178,1.0,188.0,191.0,900.0,500.0,1000.0,515.0,0.0,0.0,0.0,0.0,-2.22e-16,0.0,1,0,3.872983346207417,2.8284271247461903,1.0445562214612267,10.954451150103324,1.0,1.0,3.872983346207417,2.8284271247461903,1.4142135623730951,1.0,0.4999999999999999,1.0,1.0,0.0,0.0,0.0,0.0,1.36930639245722,0.3117421990105808,5.477225575051661,15.491933384829672,1.0,0.0,0.0,0.0,0.0,0.0,10.954451150103324,900000.0,257500.0,35908.0,5.477225575051661,3.350705235476804,5.477225575051663,1.0,1.0,5.977225575051661,0.0,0.4999999999999999,10.954451150103324,0.0,10.954451150103324,1.0445562214612267
0.25,20.0,1294.2,5.0,4.9,598.336,0.77,901.688,0.0,0.29,1.0,2.0,1.0,1.0,3.788512,90.0,90.0,90.0,2.924839,90.0,90.0,120.0,0.428571,0.712312,221.2429,1.0,279.6,267.5,680.0,188.0,800.0,257.5,2.820943,1.440876,12.24745,2.859813,2.5,10.0,1,0,3.656648069074256,2.8284271247461903,0.8282209443280659,10.342562584220406,0.4,0.5,1.4626592276297026,1.4142135623730951,0.6480740698407861,1.3,0.8609460320922786,0.4,0.5,0.0,0.0,0.0999999999999999,0.0,1.2928203219922745,0.2554236973421777,8.904388218550622,6.702746626538756,0.2,0.0,0.06480740698407854,0.0,0.0,0.0,2.0685125168440814,544000.0,48410.0,74793.0,1.7808776437101246,3.242537596910223,1.4381743656697845,0.9,1.0,8.788800825578612,0.08282209443280651,0.17218920641845573,2.0685125168440814,0.0,2.0685125168440814,0.04844566525660743
0.25,20.0,685.4,5.0,11.25,522.439,1.006,83.939,0.0,0.255,1.0,2.0,1.0,1.0,3.788512,90.0,90.0,90.0,2.924839,90.0,90.0,120.0,0.428571,0.712312,117.1688,1.0,279.6,267.5,680.0,188.0,800.0,257.5,2.820943,1.440876,12.24745,2.859813,2.5,10.0,1,0,3.656648069074256,2.8284271247461903,0.8282209443280659,10.342562584220406,0.4,0.5,1.4626592276297026,1.4142135623730951,0.6480740698407861,1.3,0.8609460320922786,0.4,0.5,0.0,0.0,0.0999999999999999,0.0,1.2928203219922745,0.2554236973421777,8.904388218550622,6.702746626538756,0.2,0.0,0.06480740698407854,0.0,0.0,0.0,2.0685125168440814,544000.0,48410.0,74793.0,1.7808776437101246,3.242537596910223,1.4381743656697845,0.9,1.0,8.788800825578612,0.08282209443280651,0.17218920641845573,2.0685125168440814,0.0,2.0685125168440814,0.04844566525660743
0.25,20.0,685.4,5.0,11.518,438.3,3.114,16.978,0.0,0.034,1.0,2.0,1.0,1.0,3.788512,90.0,90.0,90.0,2.924839,90.0,90.0,120.0,0.428571,0.712312,117.1688,1.0,279.6,267.5,680.0,188.0,800.0,257.5,2.820943,1.440876,12.24745,2.859813,2.5,10.0,1,0,3.656648069074256,2.8284271247461903,0.8282209443280659,10.342562584220406,0.4,0.5,1.4626592276297026,1.4142135623730951,0.6480740698407861,1.3,0.8609460320922786,0.4,0.5,0.0,0.0,0.0999999999999999,0.0,1.2928203219922745,0.2554236973421777,8.904388218550622,6.702746626538756,0.2,0.0,0.06480740698407854,0.0,0.0,0.0,2.0685125168440814,544000.0,48410.0,74793.0,1.7808776437101246,3.242537596910223,1.4381743656697845,0.9,1.0,8.788800825578612,0.08282209443280651,0.17218920641845573,2.0685125168440814,0.0,2.0685125168440814,0.04844566525660743
0.1,20.0,812.4,5.0,1.528,438.2555,0.329,335.7435,0.0,0.329,1.0,2.0,1.0,1.0,3.788512,90.0,90.0,90.0,2.924839,90.0,90.0,120.0,0.428571,0.66206,138.8794,1.0,279.6,267.5,680.0,188.0,800.0,257.5,2.820943,1.440876,12.24745,2.859813,2.5,10.0,1,0,3.656648069074256,2.8284271247461903,0.8282209443280659,10.342562584220406,0.4,0.5,1.4626592276297026,1.4142135623730951,0.6480740698407861,1.3,0.8609460320922786,0.4,0.5,0.0,0.0,0.0999999999999999,0.0,1.2928203219922745,0.2554236973421777,8.904388218550622,6.702746626538756,0.2,0.0,0.06480740698407854,0.0,0.0,0.0,2.0685125168440814,544000.0,48410.0,74793.0,1.7808776437101246,3.242537596910223,1.4381743656697845,0.9,1.0,8.788800825578612,0.08282209443280651,0.17218920641845573,2.0685125168440814,0.0,2.0685125168440814,0.04844566525660743
1.0,10.0,782.0,10.0,61.1,280.715,15.315,37.404,0.0,2.095,1.0,1.0,0.269583,5.833333,5.142692,74.87634,90.0,90.0,3.788512,90.0,90.0,90.0,0.416667,0.295113,61.92405,1.708366,275.0,279.6,685.7143,201.4286,680.0,188.0,2.897249,1.443376,11.54701,2.820943,1.440876,12.24745,1,0,3.7158067079548327,3.656648069074256,0.0591586388805764,13.587397423696208,0.4285714285714285,0.4,1.5924885891234997,1.4626592276297026,0.0404061017820884,1.5142857142857142,0.9994664294862464,0.4285714285714285,0.4,0.0,0.0,0.0285714285714285,0.0,1.0161783791060237,0.01604855926805162,13.580147589072272,0.5490137632555547,0.1714285714285714,0.0,0.0011544600509168087,0.0,0.0,0.0,2.329268129776493,466285.724,37868.576799999995,76890.0,2.3280253009838177,3.6862273885145447,0.007249834623935634,0.9714285714285715,1.0,14.163053618028277,0.0016902468251593216,0.17133710219764223,2.3292681297764926,0.0,2.329268129776493,0.1298293614937971
1.0,10.0,782.0,10.0,30.4,383.065,11.85,50.565,0.0,1.85,1.0,1.0,0.269583,5.833333,5.142692,74.87634,90.0,90.0,3.788512,90.0,90.0,90.0,0.416667,0.216792,61.92405,1.708366,275.0,279.6,685.7143,201.4286,680.0,188.0,2.897249,1.443376,11.54701,2.820943,1.440876,12.24745,1,0,3.7158067079548327,3.656648069074256,0.0591586388805764,13.587397423696208,0.4285714285714285,0.4,1.5924885891234997,1.4626592276297026,0.0404061017820884,1.5142857142857142,0.9994664294862464,0.4285714285714285,0.4,0.0,0.0,0.0285714285714285,0.0,1.0161783791060237,0.01604855926805162,13.580147589072272,0.5490137632555547,0.1714285714285714,0.0,0.0011544600509168087,0.0,0.0,0.0,2.329268129776493,466285.724,37868.576799999995,76890.0,2.3280253009838177,3.6862273885145447,0.007249834623935634,0.9714285714285715,1.0,14.163053618028277,0.0016902468251593216,0.17133710219764223,2.3292681297764926,0.0,2.329268129776493,0.1298293614937971
1.0,10.0,782.0,10.0,52.92,520.35,16.84,38.7,0.0,1.55,1.0,1.0,0.269583,5.833333,5.142692,74.87634,90.0,90.0,3.788512,90.0,90.0,90.0,0.416667,0.06015,61.92405,1.708366,275.0,279.6,685.7143,201.4286,680.0,188.0,2.897249,1.443376,11.54701,2.820943,1.440876,12.24745,1,0,3.7158067079548327,3.656648069074256,0.0591586388805764,13.587397423696208,0.4285714285714285,0.4,1.5924885891234997,1.4626592276297026,0.0404061017820884,1.5142857142857142,0.9994664294862464,0.4285714285714285,0.4,0.0,0.0,0.0285714285714285,0.0,1.0161783791060237,0.01604855926805162,13.580147589072272,0.5490137632555547,0.1714285714285714,0.0,0.0011544600509168087,0.0,0.0,0.0,2.329268129776493,466285.724,37868.576799999995,76890.0,2.3280253009838177,3.6862273885145447,0.007249834623935634,0.9714285714285715,1.0,14.163053618028277,0.0016902468251593216,0.17133710219764223,2.3292681297764926,0.0,2.329268129776493,0.1298293614937971
1.0,10.0,782.0,10.0,12.84,440.44,3.15,40.46,0.0,0.35,1.0,1.0,0.269583,5.833333,5.142692,74.87634,90.0,90.0,3.788512,90.0,90.0,90.0,0.416667,-0.01817,61.92405,1.708366,275.0,279.6,685.7143,201.4286,680.0,188.0,2.897249,1.443376,11.54701,2.820943,1.440876,12.24745,1,0,3.7158067079548327,3.656648069074256,0.0591586388805764,13.587397423696208,0.4285714285714285,0.4,1.5924885891234997,1.4626592276297026,0.0404061017820884,1.5142857142857142,0.9994664294862464,0.4285714285714285,0.4,0.0,0.0,0.0285714285714285,0.0,1.0161783791060237,0.01604855926805162,13.580147589072272,0.5490137632555547,0.1714285714285714,0.0,0.0011544600509168087,0.0,0.0,0.0,2.329268129776493,466285.724,37868.576799999995,76890.0,2.3280253009838177,3.6862273885145447,0.007249834623935634,0.9714285714285715,1.0,14.163053618028277,0.0016902468251593216,0.17133710219764223,2.3292681297764926,0.0,2.329268129776493,0.1298293614937971
0.042857,25.0,627.0,8.0,26.6,634.0,21.5,130.0,0.0,0.000116,0.4,1.5,1.0,1.0,2.416394,109.4712,109.4712,109.4712,2.924839,90.0,90.0,120.0,0.666667,0.93499,160.7781,1.0,191.0,267.5,1000.0,515.0,800.0,257.5,0.0,0.0,0.0,2.859813,2.5,10.0,1,0,2.8284271247461903,2.8284271247461903,0.0,8.000000000000002,1.0,0.5,2.8284271247461903,1.4142135623730951,0.7071067811865476,1.5,0.8660254037844388,1.0,0.5,0.0,0.0,0.5,0.0,1.0,0.0,6.928203230275512,5.6568542494923815,0.5,0.0,0.3535533905932738,0.0,0.0,0.0,4.000000000000001,800000.0,132612.5,51092.5,3.464101615137756,2.8284271247461903,1.0717967697244897,0.5,1.0,3.8971143170299753,0.0,0.4330127018922194,4.000000000000001,0.0,4.000000000000001,1.4142135623730951
0.042857,25.0,627.0,8.0,26.4,641.0,21.5,137.0,0.0,0.000116,0.4,1.5,1.0,1.0,2.416394,109.4712,109.4712,109.4712,2.924839,90.0,90.0,120.0,0.666667,0.93499,160.7781,1.0,191.0,267.5,1000.0,515.0,800.0,257.5,0.0,0.0,0.0,2.859813,2.5,10.0,1,0,2.8284271247461903,2.8284271247461903,0.0,8.000000000000002,1.0,0.5,2.8284271247461903,1.4142135623730951,0.7071067811865476,1.5,0.8660254037844388,1.0,0.5,0.0,0.0,0.5,0.0,1.0,0.0,6.928203230275512,5.6568542494923815,0.5,0.0,0.3535533905932738,0.0,0.0,0.0,4.000000000000001,800000.0,132612.5,51092.5,3.464101615137756,2.8284271247461903,1.0717967697244897,0.5,1.0,3.8971143170299753,0.0,0.4330127018922194,4.000000000000001,0.0,4.000000000000001,1.4142135623730951
0.042857,25.0,627.0,8.0,15.2,379.0,8.9,38.0,0.0,0.000116,0.2,1.5,1.0,1.0,2.416394,109.4712,109.4712,109.4712,2.924839,90.0,90.0,120.0,0.666667,0.93499,160.7781,1.0,191.0,267.5,1000.0,515.0,800.0,257.5,0.0,0.0,0.0,2.859813,2.5,10.0,1,0,2.8284271247461903,2.8284271247461903,0.0,8.000000000000002,1.0,0.5,2.8284271247461903,1.4142135623730951,0.7071067811865476,1.5,0.8660254037844388,1.0,0.5,0.0,0.0,0.5,0.0,1.0,0.0,6.928203230275512,5.6568542494923815,0.5,0.0,0.3535533905932738,0.0,0.0,0.0,4.000000000000001,800000.0,132612.5,51092.5,3.464101615137756,2.8284271247461903,1.0717967697244897,0.5,1.0,3.8971143170299753,0.0,0.4330127018922194,4.000000000000001,0.0,4.000000000000001,1.4142135623730951
0.042857,25.0,627.0,8.0,14.7,547.0,10.7,73.0,0.0,0.000116,0.2,1.5,1.0,1.0,2.416394,109.4712,109.4712,109.4712,2.924839,90.0,90.0,120.0,0.666667,0.93499,160.7781,1.0,191.0,267.5,1000.0,515.0,800.0,257.5,0.0,0.0,0.0,2.859813,2.5,10.0,1,0,2.8284271247461903,2.8284271247461903,0.0,8.000000000000002,1.0,0.5,2.8284271247461903,1.4142135623730951,0.7071067811865476,1.5,0.8660254037844388,1.0,0.5,0.0,0.0,0.5,0.0,1.0,0.0,6.928203230275512,5.6568542494923815,0.5,0.0,0.3535533905932738,0.0,0.0,0.0,4.000000000000001,800000.0,132612.5,51092.5,3.464101615137756,2.8284271247461903,1.0717967697244897,0.5,1.0,3.8971143170299753,0.0,0.4330127018922194,4.000000000000001,0.0,4.000000000000001,1.4142135623730951
0.042857,25.0,627.0,8.0,16.0,534.0,13.0,81.0,0.0,0.000116,0.2,1.5,1.0,1.0,2.416394,109.4712,109.4712,109.4712,2.924839,90.0,90.0,120.0,0.666667,0.93499,160.7781,1.0,191.0,267.5,1000.0,515.0,800.0,257.5,0.0,0.0,0.0,2.859813,2.5,10.0,1,0,2.8284271247461903,2.8284271247461903,0.0,8.000000000000002,1.0,0.5,2.8284271247461903,1.4142135623730951,0.7071067811865476,1.5,0.8660254037844388,1.0,0.5,0.0,0.0,0.5,0.0,1.0,0.0,6.928203230275512,5.6568542494923815,0.5,0.0,0.3535533905932738,0.0,0.0,0.0,4.000000000000001,800000.0,132612.5,51092.5,3.464101615137756,2.8284271247461903,1.0717967697244897,0.5,1.0,3.8971143170299753,0.0,0.4330127018922194,4.000000000000001,0.0,4.000000000000001,1.4142135623730951
0.042857,25.0,627.0,8.0,16.5,756.0,12.8,109.0,0.0,0.000116,0.2,1.5,1.0,1.0,2.416394,109.4712,109.4712,109.4712,2.924839,90.0,90.0,120.0,0.666667,0.93499,160.7781,1.0,191.0,267.5,1000.0,515.0,800.0,257.5,0.0,0.0,0.0,2.859813,2.5,10.0,1,0,2.8284271247461903,2.8284271247461903,0.0,8.000000000000002,1.0,0.5,2.8284271247461903,1.4142135623730951,0.7071067811865476,1.5,0.8660254037844388,1.0,0.5,0.0,0.0,0.5,0.0,1.0,0.0,6.928203230275512,5.6568542494923815,0.5,0.0,0.3535533905932738,0.0,0.0,0.0,4.000000000000001,800000.0,132612.5,51092.5,3.464101615137756,2.8284271247461903,1.0717967697244897,0.5,1.0,3.8971143170299753,0.0,0.4330127018922194,4.000000000000001,0.0,4.000000000000001,1.4142135623730951
0.082192,50.0,45.0,10.0,45.5,395.64,13.25,228.73,0.0,2.85,1.0,5.0,0.805996,1.0,5.176286,72.84819,90.61705,90.02441,5.142692,74.87634,90.0,90.0,0.4,-1.0,3.677897,1.701741,252.875,275.0,612.5,212.75,685.7143,201.4286,3.747651,3.505217,10.32291,2.897249,1.443376,11.54701,1,0,3.4678372204065884,3.7158067079548327,0.2479694875482443,12.885812805682242,0.375,0.4285714285714285,1.3004389576524706,1.5924885891234997,0.198045294757311,1.3214285714285712,0.9933109617167558,0.375,0.4285714285714285,0.0,0.0,0.0535714285714285,0.0,0.933266311632935,0.06903724330736236,12.799619110514316,2.5519745952888724,0.1607142857142857,0.0,0.01060956936199879,0.0,0.0,0.0,2.0709342009132174,420000.00875,42853.934649999996,69540.625,2.0570816427612293,3.5918219641807108,0.0861936951679267,0.9464285714285715,1.0,13.054023104075837,0.013284079690084499,0.1596392617044786,2.0709342009132174,0.0,2.0709342009132174,0.292049631471029
0.069767,50.0,45.0,10.0,66.5,223.91,20.0,67.39,0.0,2.468,1.0,5.0,0.805996,1.0,4.151319,86.56964,90.12341,90.00488,5.142692,74.87634,90.0,90.0,0.375,-0.92308,2.451932,1.115259,243.7647,275.0,582.3529,217.4118,685.7143,201.4286,4.057099,4.132782,9.837421,2.897249,1.443376,11.54701,1,0,3.365732137298488,3.7158067079548327,0.350074570656345,12.506410052952877,0.3529411764705882,0.4285714285714285,1.1879054602229957,1.5924885891234997,0.2795933573044391,1.2436974789915964,0.9851354238269416,0.3529411764705882,0.4285714285714285,0.0,0.0,0.0756302521008402,0.0,0.905787734070026,0.09886963195924567,12.320507568069255,3.496709174531083,0.15126050420168063,0.0,0.021145716098655024,0.0,0.0,0.0,1.89172589036262,399327.71117647,43792.95449748,67035.2925,1.8636061867667775,3.5407694226266604,0.1859024848836209,0.9243697478991597,1.0,12.29933385805531,0.02647622803283277,0.14901208091499954,1.8917258903626195,0.0,1.89172589036262,0.40458312890050396
0.09375,40.0,1043.0,5.0,2.2,490.5,0.045,243.1,0.0,0.0,0.0,0.05,1.0,1.0,5.512634,96.2034,96.2034,141.6175,5.142692,74.87634,90.0,90.0,0.6,-1.99252,118.649,1.0,263.5,175.6667,700.0,235.0,466.6667,156.6667,3.055028,1.428571,10.0,5.537731,4.441609,12.90994,1,0,3.863703305156273,2.575802203437515,1.2879011017187576,9.952135486850338,0.5,0.6666666666666666,1.9318516525781364,1.7172014689583437,0.408248290463863,1.3333333333333337,0.9428090415820634,0.5,0.6666666666666666,0.0,0.0,0.1666666666666666,0.0,1.4999999980588572,0.3999999987576686,9.382963320052209,4.062942298971396,0.3333333333333333,0.0,0.06804138174397714,0.0,0.0,0.0,3.3173784956167798,326666.69,36816.6745,46288.175449999995,3.1276544400174027,3.219752754296894,0.5691721667981293,0.8333333333333334,1.0,8.604810301361894,0.21465018361979285,0.31426968052735443,3.3173784956167793,0.0,3.3173784956167798,0.2146501836197927
0.04,40.0,1043.0,5.0,2.9,598.9,0.192,143.7,0.0,0.0,0.0,0.05,1.0,1.0,5.512634,96.2034,96.2034,141.6175,4.682843,77.90107,90.0,90.0,0.6,-1.88184,135.7308,1.0,263.5,175.6667,700.0,235.0,466.6667,156.6667,3.055028,1.428571,10.0,5.537731,4.441609,12.90994,1,0,3.863703305156273,2.575802203437515,1.2879011017187576,9.952135486850338,0.5,0.6666666666666666,1.9318516525781364,1.7172014689583437,0.408248290463863,1.3333333333333337,0.9428090415820634,0.5,0.6666666666666666,0.0,0.0,0.1666666666666666,0.0,1.4999999980588572,0.3999999987576686,9.382963320052209,4.062942298971396,0.3333333333333333,0.0,0.06804138174397714,0.0,0.0,0.0,3.3173784956167798,326666.69,36816.6745,46288.175449999995,3.1276544400174027,3.219752754296894,0.5691721667981293,0.8333333333333334,1.0,8.604810301361894,0.21465018361979285,0.31426968052735443,3.3173784956167793,0.0,3.3173784956167798,0.2146501836197927
0.096774,40.0,1043.0,5.0,3.0,268.4,0.058,13.7,0.0,0.05,1.0,0.05,1.0,1.0,5.512634,96.2034,96.2034,141.6175,5.142692,74.87634,90.0,90.0,0.6,-2.0303,124.4355,1.0,263.5,175.6667,700.0,235.0,466.6667,156.6667,3.055028,1.428571,10.0,5.537731,4.441609,12.90994,1,0,3.863703305156273,2.575802203437515,1.2879011017187576,9.952135486850338,0.5,0.6666666666666666,1.9318516525781364,1.7172014689583437,0.408248290463863,1.3333333333333337,0.9428090415820634,0.5,0.6666666666666666,0.0,0.0,0.1666666666666666,0.0,1.4999999980588572,0.3999999987576686,9.382963320052209,4.062942298971396,0.3333333333333333,0.0,0.06804138174397714,0.0,0.0,0.0,3.3173784956167798,326666.69,36816.6745,46288.175449999995,3.1276544400174027,3.219752754296894,0.5691721667981293,0.8333333333333334,1.0,8.604810301361894,0.21465018361979285,0.31426968052735443,3.3173784956167793,0.0,3.3173784956167798,0.2146501836197927
0.09375,40.0,1043.0,5.0,28.5,393.5,2.199,226.5,0.0,0.043,1.0,0.05,1.0,1.0,5.512634,96.2034,96.2034,141.6175,5.142692,74.87634,90.0,90.0,0.6,-2.06122,124.4355,1.0,263.5,175.6667,700.0,235.0,466.6667,156.6667,3.055028,1.428571,10.0,5.537731,4.441609,12.90994,1,0,3.863703305156273,2.575802203437515,1.2879011017187576,9.952135486850338,0.5,0.6666666666666666,1.9318516525781364,1.7172014689583437,0.408248290463863,1.3333333333333337,0.9428090415820634,0.5,0.6666666666666666,0.0,0.0,0.1666666666666666,0.0,1.4999999980588572,0.3999999987576686,9.382963320052209,4.062942298971396,0.3333333333333333,0.0,0.06804138174397714,0.0,0.0,0.0,3.3173784956167798,326666.69,36816.6745,46288.175449999995,3.1276544400174027,3.219752754296894,0.5691721667981293,0.8333333333333334,1.0,8.604810301361894,0.21465018361979285,0.31426968052735443,3.3173784956167793,0.0,3.3173784956167798,0.2146501836197927
0.115385,40.0,850.0,10.0,1.83,1065.1,0.3,265.1,0.0,0.059,1.0,0.05,1.0,1.0,2.924839,90.0,90.0,120.0,3.788512,90.0,90.0,90.0,0.428571,0.651289,112.1812,1.176906,267.5,279.6,800.0,257.5,680.0,188.0,2.859813,2.5,10.0,2.820943,1.440876,12.24745,1,0,2.8284271247461903,3.656648069074256,0.8282209443280659,10.342562584220406,0.5,0.4,1.4142135623730951,1.4626592276297026,0.6480740698407861,1.3,0.8609460320922786,0.5,0.4,0.0,0.0,0.0999999999999999,0.0,0.7735026925156702,0.2554236973421777,8.904388218550622,6.702746626538756,0.2,0.0,0.06480740698407854,0.0,0.0,0.0,2.0685125168440814,544000.0,48410.0,74793.0,1.7808776437101246,3.242537596910223,1.4381743656697845,0.9,1.0,8.788800825578612,0.08282209443280651,0.17218920641845573,2.0685125168440814,0.0,2.0685125168440814,0.04844566525660743
0.115385,40.0,850.0,50.0,1.75,900.0,0.342,110.0,0.0,0.033,1.0,0.1,1.0,1.0,2.924839,90.0,90.0,120.0,3.788512,90.0,90.0,90.0,0.428571,0.651289,112.1812,1.176906,267.5,279.6,800.0,257.5,680.0,188.0,2.859813,2.5,10.0,2.820943,1.440876,12.24745,1,0,2.8284271247461903,3.656648069074256,0.8282209443280659,10.342562584220406,0.5,0.4,1.4142135623730951,1.4626592276297026,0.6480740698407861,1.3,0.8609460320922786,0.5,0.4,0.0,0.0,0.0999999999999999,0.0,0.7735026925156702,0.2554236973421777,8.904388218550622,6.702746626538756,0.2,0.0,0.06480740698407854,0.0,0.0,0.0,2.0685125168440814,544000.0,48410.0,74793.0,1.7808776437101246,3.242537596910223,1.4381743656697845,0.9,1.0,8.788800825578612,0.08282209443280651,0.17218920641845573,2.0685125168440814,0.0,2.0685125168440814,0.04844566525660743
0.12,30.0,850.0,10.0,1.643,1126.35,0.396,9.77,0.0,0.029,0.0,0.05,1.0,1.0,2.924839,90.0,90.0,120.0,3.788512,90.0,90.0,90.0,0.428571,0.651289,112.1812,1.176906,267.5,279.6,800.0,257.5,680.0,188.0,2.859813,2.5,10.0,2.820943,1.440876,12.24745,1,0,2.8284271247461903,3.656648069074256,0.8282209443280659,10.342562584220406,0.5,0.4,1.4142135623730951,1.4626592276297026,0.6480740698407861,1.3,0.8609460320922786,0.5,0.4,0.0,0.0,0.0999999999999999,0.0,0.7735026925156702,0.2554236973421777,8.904388218550622,6.702746626538756,0.2,0.0,0.06480740698407854,0.0,0.0,0.0,2.0685125168440814,544000.0,48410.0,74793.0,1.7808776437101246,3.242537596910223,1.4381743656697845,0.9,1.0,8.788800825578612,0.08282209443280651,0.17218920641845573,2.0685125168440814,0.0,2.0685125168440814,0.04844566525660743
0.12,30.0,850.0,50.0,1.655,1052.63,0.382,20.19,0.0,0.025,1.0,0.1,1.0,1.0,2.924839,90.0,90.0,120.0,3.788512,90.0,90.0,90.0,0.428571,0.651289,112.1812,1.176906,267.5,279.6,800.0,257.5,680.0,188.0,2.859813,2.5,10.0,2.820943,1.440876,12.24745,1,0,2.8284271247461903,3.656648069074256,0.8282209443280659,10.342562584220406,0.5,0.4,1.4142135623730951,1.4626592276297026,0.6480740698407861,1.3,0.8609460320922786,0.5,0.4,0.0,0.0,0.0999999999999999,0.0,0.7735026925156702,0.2554236973421777,8.904388218550622,6.702746626538756,0.2,0.0,0.06480740698407854,0.0,0.0,0.0,2.0685125168440814,544000.0,48410.0,74793.0,1.7808776437101246,3.242537596910223,1.4381743656697845,0.9,1.0,8.788800825578612,0.08282209443280651,0.17218920641845573,2.0685125168440814,0.0,2.0685125168440814,0.04844566525660743
0.2,30.0,260.0,1.8,7.24,2571.81,3.388,37.05,0.0,0.228,1.0,0.05,1.0,1.0,6.897261,90.0,90.0,120.0,4.104533,90.0,90.0,120.0,0.428571,0.594232,31.6723,1.783325,192.4,196.5,600.0,477.0,700.0,482.5,1.120349,0.0,0.462168,0.687023,1.428571,0.259067,1,0,4.468337566957918,3.863703305156273,0.6046342618016451,17.264330626009247,0.4,0.5,1.7873350267831674,1.9318516525781364,0.8660254037844387,1.2,0.7666518779999278,1.0,1.0,0.0,0.0,0.0,0.0,1.1564908618707412,0.14513473220562265,13.235731496841659,14.95134890145771,1.0,0.0,0.0,0.0,0.0,0.0,3.4528661252018495,420000.0,230152.5,37806.6,13.235731496841659,4.166020436057096,4.0285991291675876,1.0,1.0,14.002383374841587,0.0,0.7666518779999278,17.264330626009247,0.0,3.4528661252018495,0.14451662579496904
0.2,30.0,183.0,1.8,3.55,2453.95,0.955,162.24,0.0,0.284,1.0,0.05,1.0,1.0,6.897261,90.0,90.0,120.0,4.136295,77.51919,77.99992,90.00001,0.711268,0.594232,40.15806,1.783325,192.4,190.6452,600.0,477.0,743.3692,477.0789,1.120349,0.0,0.462168,0.638061,1.212132,0.236088,1,0,4.468337566957918,4.312694050065305,0.1556435168926127,19.27057283870269,0.4,0.7168458781362007,1.7873350267831674,3.091536953451832,1.0930007474767165,0.9397849462365592,0.6138441695207184,1.0,1.0,0.0,0.0,0.0,0.0,1.0360896262811314,0.035449938760356396,11.829128780361966,21.062750517006553,1.0,0.0,0.0,0.0,0.0,0.0,5.525612283498982,446021.51999999996,227566.6353,36680.13648,11.829128780361966,4.390515808511612,7.441444058340725,1.0,1.0,12.442972949882686,0.0,0.6138441695207184,19.27057283870269,0.0,5.525612283498982,1.3042019266686649
1.5,30.0,170.0,1.8,9.15,1326.68,4.21,523.45,0.0,1.049,1.0,0.05,0.035857,120.25,6.897261,90.0,90.0,120.0,0.749829,18.0,18.0,24.0,0.792453,-0.0535,76.7436,1.783325,192.4,188.4345,600.0,477.0,759.7444,475.0319,1.120349,0.0,0.462168,0.574512,1.0555,0.211015,1,0,4.468337566957918,4.48222294009776,0.0138853731398418,20.02808514671939,0.4,0.7987220447284346,1.7873350267831674,3.5800502716435783,1.1982968925270645,0.8415335463258785,0.5424649506167973,1.0,1.0,0.0,0.0,0.0,0.0,0.9969021235011215,0.003102682362265294,10.864534220064147,23.999592194581304,1.0,0.0,0.0,0.0,0.0,0.0,6.398749248153161,455846.64,226590.2163,36254.7978,10.864534220064147,4.475280253527838,9.163550926655244,1.0,1.0,11.406999170680944,0.0,0.5424649506167973,20.02808514671939,0.0,6.398749248153161,1.792715244860411
1.5,30.0,167.0,1.8,20.07,857.88,8.0,216.14,0.0,1.42,1.0,0.05,0.035857,120.25,6.897261,90.0,90.0,120.0,0.749829,18.0,18.0,24.0,0.454545,-0.0535,76.7436,1.783325,192.4,197.2941,600.0,477.0,694.1176,483.2353,1.120349,0.0,0.462168,0.683073,1.438183,0.258225,1,0,4.468337566957918,3.802804706308621,0.665532860649297,16.992215129003185,0.4,0.4705882352941176,1.7873350267831674,1.7895551559099392,0.8434563919498786,1.2352941176470589,0.7820808688600516,1.0,1.0,0.0,0.0,0.0,0.0,1.1750110537612168,0.16092888673698702,13.289286371947725,14.332192463945168,1.0,0.0,0.0,0.0,0.0,0.0,3.1985346125182463,416470.56,230503.2381,37959.38484,13.289286371947725,4.13557113663327,3.702928757055461,1.0,1.0,14.071367240807776,0.0,0.7820808688600516,16.992215129003185,0.0,3.1985346125182463,0.0022201291267718304
0.75,30.0,67.0,1.8,7.96,877.19,2.5,297.69,0.0,1.439,1.0,0.05,0.05692,60.125,6.897261,90.0,90.0,120.0,3.749144,90.0,90.0,120.0,0.375,-0.0535,8.935373,1.783325,192.4,201.0,600.0,477.0,666.6667,486.6667,1.120349,0.0,0.462168,0.63323,1.414214,0.24216,1,0,4.468337566957918,3.518611245019579,0.9497263219383392,15.722342809641557,0.4,0.3333333333333333,1.7873350267831674,1.172870415006526,0.7745966692414834,1.4,0.8366600265340755,1.0,1.0,0.0,0.0,0.0,0.0,1.2699151037453993,0.23781955836148647,13.154255752292535,12.178474373021135,1.0,0.0,0.0,0.0,0.0,0.0,2.0963123746188734,400000.02,232140.0159,38672.4,13.154255752292535,3.9934744059887484,2.5680870573490213,1.0,1.0,13.990915778826611,0.0,0.8366600265340755,15.722342809641557,0.0,2.0963123746188734,0.6144646117766415
0.10144,20.0,793.2,150.0,0.216,50.0,0.01,25.0,0.0,0.01,1.0,2.0,1.0,1.0,3.957177,90.0,90.0,90.0,0.0,0.0,0.0,0.0,0.4,0.959459,150.3344,1.0,243.0,0.0,520.0,94.0,0.0,0.0,3.403618,2.686808,19.49359,0.0,-2.22e-16,0.0,0,0,3.0232623334747606,0.0,3.0232623334747606,0.0,0.2,0.0,0.6046524666949522,0.0,1.2,0.0,0.0,0.4,0.0,0.0,0.0,0.4,0.0,302326234.34747607,1.9999999867692595,0.0,0.0,0.0,0.0,0.48,0.0,0.0,0.0,0.0,0.0,0.0,0.0,0.0,1.5116311667373803,0.0,0.6,1.0,0.0,1.2093049333899044,0.0,0.0,0.0,0.0,0.6046524666949522
0.145631,20.0,610.4,150.0,0.677,100.0,0.0035,11.0,0.0,0.0005,1.0,2.0,1.0,1.0,5.697217,90.0,90.0,90.0,0.0,0.0,0.0,0.0,0.2,0.666977,165.3223,1.426932,243.0,0.0,520.0,94.0,0.0,0.0,3.403618,2.686808,19.49359,0.0,-2.22e-16,0.0,0,0,3.4514488412024686,0.0,3.4514488412024686,0.0,0.4,0.0,1.3805795364809876,0.0,1.2,0.0,0.0,0.2,0.0,0.2,0.0,0.2,0.2,345144885.1202468,1.9999999884106643,0.0,0.0,0.0,0.0,0.24,0.24,0.0,0.0,0.0,0.0,0.0,0.0,0.0,1.7257244206012343,0.0,0.8,0.8,0.0,0.6902897682404938,0.0,0.0,0.0,0.0,1.3805795364809876
0.114618,20.0,590.4,150.0,1.335,245.45,0.178,13.63,0.0,0.018,1.0,2.0,1.0,1.0,6.253102,90.0,90.0,90.0,0.0,0.0,0.0,0.0,0.4,0.801333,126.034,3.717972,243.0,0.0,520.0,94.0,0.0,0.0,3.403618,2.686808,19.49359,0.0,-2.22e-16,0.0,0,0,3.656648069074256,0.0,3.656648069074256,0.0,0.4,0.0,1.4626592276297026,0.0,1.2,0.0,0.0,0.2,0.0,0.2,0.0,0.2,0.2,365664807.9074256,1.99999998906102,0.0,0.0,0.0,0.0,0.24,0.24,0.0,0.0,0.0,0.0,0.0,0.0,0.0,1.828324034537128,0.0,0.8,0.8,0.0,0.7313296138148513,0.0,0.0,0.0,0.0,1.4626592276297026
0.189633,20.0,716.4,150.0,0.2865,170.4,0.0045,69.6,0.0,0.0025,1.0,2.0,1.0,1.0,3.909141,90.0,90.0,90.0,0.0,0.0,0.0,0.0,0.4,-0.28615,137.4471,1.0,243.0,0.0,520.0,94.0,0.0,0.0,3.403618,2.686808,19.49359,0.0,-2.22e-16,0.0,0,0,4.062492818016088,0.0,4.062492818016088,0.0,0.4,0.0,1.6249971272064352,0.0,1.2,0.0,0.0,0.2,0.0,0.2,0.0,0.2,0.2,406249282.8016088,1.9999999901538288,0.0,0.0,0.0,0.0,0.24,0.24,0.0,0.0,0.0,0.0,0.0,0.0,0.0,2.031246409008044,0.0,0.8,0.8,0.0,0.8124985636032177,0.0,0.0,0.0,0.0,1.6249971272064352
0.06383,10.0,1103.0,300.0,17.22,158.59,1.3265,36.9,0.0,0.3315,1.0,1.6,0.805996,1.0,5.996281,60.0,60.0,60.0,5.388094,122.2099,142.6878,47.91918,0.333333,0.579439,48.86366,1.0,276.1429,243.0,714.2857,207.8571,520.0,94.0,2.838877,2.039608,11.56632,3.403618,2.686808,19.49359,1,0,3.420013513551952,3.4514488412024686,0.0314353276505166,11.804001678245667,0.4285714285714285,0.2,1.4657200772365508,0.6902897682404938,0.3854496446637726,1.4,0.9500692495536144,0.4285714285714285,0.4,0.0,0.2,0.0285714285714285,0.2,0.9908921357361085,0.009149530605307307,11.214619016180466,4.549848252490367,0.1714285714285714,0.0,0.011012846990393475,0.07708992893275451,0.0,0.0,1.0117715724210574,371428.564,19538.5674,67102.7247,1.9225061170595081,3.4357311773772103,0.5893826620652014,0.9714285714285715,0.8,11.817125743855966,0.0008981522185861863,0.162869014209191,2.023543144842114,0.0,1.0117715724210574,0.775430308996057
0.158061,70.0,1103.0,2.0,12.2018,1923.0,2.1873,1180.0,0.0,2.10662,1.0,7.0,1.0,1.0,5.388094,122.2099,142.6878,47.91918,0.0,0.0,0.0,0.0,0.2,0.6875,195.4546,0.628658,243.0,0.0,520.0,94.0,0.0,0.0,3.403618,2.686808,19.49359,0.0,-2.22e-16,0.0,0,0,3.4514488412024686,0.0,3.4514488412024686,0.0,0.2,0.0,0.6902897682404938,0.0,1.2328828005937953,0.0,0.0,0.4,0.0,0.2,0.0,0.4,0.2,345144885.1202468,1.9999999884106643,0.0,0.0,0.0,0.0,0.4931531202375181,0.24657656011875906,0.0,0.0,0.0,0.0,0.0,0.0,0.0,1.7257244206012343,0.0,0.6,0.8,0.0,1.3805795364809876,0.0,0.0,0.0,0.0,0.6902897682404938
0.235479,70.0,1103.0,2.0,12.2018,450.0,0.119,126.0,0.0,0.03832,1.0,7.0,1.0,1.0,5.388094,122.2099,142.6878,47.91918,0.0,0.0,0.0,0.0,0.2,0.6875,195.4546,0.628658,243.0,0.0,520.0,94.0,0.0,0.0,3.403618,2.686808,19.49359,0.0,-2.22e-16,0.0,0,0,3.4514488412024686,0.0,3.4514488412024686,0.0,0.2,0.0,0.6902897682404938,0.0,1.2328828005937953,0.0,0.0,0.4,0.0,0.2,0.0,0.4,0.2,345144885.1202468,1.9999999884106643,0.0,0.0,0.0,0.0,0.4931531202375181,0.24657656011875906,0.0,0.0,0.0,0.0,0.0,0.0,0.0,1.7257244206012343,0.0,0.6,0.8,0.0,1.3805795364809876,0.0,0.0,0.0,0.0,0.6902897682404938
0.06,30.0,720.0,10.0,0.845,619.815,0.107,432.315,0.0,0.081,1.0,0.3,1.0,1.0,5.807719,58.9791,58.9791,58.9791,2.924839,90.0,90.0,120.0,0.444444,0.846939,92.31276,1.0,277.5714,267.5,742.8571,216.4286,800.0,257.5,2.763638,2.259104,11.54899,2.859813,2.5,10.0,1,0,3.126871759449398,2.8284271247461903,0.2984446347032077,8.844128900029522,0.4285714285714285,0.5,1.3400878969068848,1.4142135623730951,0.4629100498862757,1.357142857142857,0.9271050693011066,0.4285714285714285,0.5,0.0,0.0,0.0714285714285714,0.0,1.1055161121306343,0.10022826377126072,8.19943673676979,4.094036150313319,0.21428571428571425,0.0,0.03306500356330539,0.0,0.0,0.0,1.8951704785777546,594285.6799999999,55730.364499999996,74250.3495,1.7570221578792404,2.9776494420977944,0.6446921632597324,0.9285714285714285,1.0,8.474645962780118,0.02131747390737197,0.19866537199309423,1.8951704785777546,0.0,1.8951704785777546,0.07412566546621036
0.06,30.0,720.0,30.0,0.783,289.735,0.65,289.735,0.0,0.65,1.0,0.3,1.0,1.0,5.807719,58.9791,58.9791,58.9791,2.924839,90.0,90.0,120.0,0.444444,0.846939,92.31276,1.0,277.5714,267.5,742.8571,216.4286,800.0,257.5,2.763638,2.259104,11.54899,2.859813,2.5,10.0,1,0,3.126871759449398,2.8284271247461903,0.2984446347032077,8.844128900029522,0.4285714285714285,0.5,1.3400878969068848,1.4142135623730951,0.4629100498862757,1.357142857142857,0.9271050693011066,0.4285714285714285,0.5,0.0,0.0,0.0714285714285714,0.0,1.1055161121306343,0.10022826377126072,8.19943673676979,4.094036150313319,0.21428571428571425,0.0,0.03306500356330539,0.0,0.0,0.0,1.8951704785777546,594285.6799999999,55730.364499999996,74250.3495,1.7570221578792404,2.9776494420977944,0.6446921632597324,0.9285714285714285,1.0,8.474645962780118,0.02131747390737197,0.19866537199309423,1.8951704785777546,0.0,1.8951704785777546,0.07412566546621036
0.06,30.0,597.0,200.0,0.67,358.22,0.639,358.22,0.0,0.639,1.0,0.3,1.0,1.0,5.807719,58.9791,58.9791,58.9791,2.924839,90.0,90.0,120.0,0.444444,0.846939,76.54267,1.0,277.5714,267.5,742.8571,216.4286,800.0,257.5,2.763638,2.259104,11.54899,2.859813,2.5,10.0,1,0,3.126871759449398,2.8284271247461903,0.2984446347032077,8.844128900029522,0.4285714285714285,0.5,1.3400878969068848,1.4142135623730951,0.4629100498862757,1.357142857142857,0.9271050693011066,0.4285714285714285,0.5,0.0,0.0,0.0714285714285714,0.0,1.1055161121306343,0.10022826377126072,8.19943673676979,4.094036150313319,0.21428571428571425,0.0,0.03306500356330539,0.0,0.0,0.0,1.8951704785777546,594285.6799999999,55730.364499999996,74250.3495,1.7570221578792404,2.9776494420977944,0.6446921632597324,0.9285714285714285,1.0,8.474645962780118,0.02131747390737197,0.19866537199309423,1.8951704785777546,0.0,1.8951704785777546,0.07412566546621036
