core_en,shell_en,core_magmom,shell_magmom,core_magfrac,shell_magfrac,en_diff,magmom_diff,magmom_product,formula,exc_bias_oe,coer_oe,sat_em_g,Tc,mr (emu/g),temperature_k
2.545,2.757142857142857,1.4142135623730951,3.5692358309035557,0.5,0.42857142857142855,0.2121428571428572,2.1550222685304607,5.047661719371812,ZnO-CoFe2O4,1132.0,27800.0,51.8758,793.0,29.1666,5.0
2.66,2.757142857142857,3.350705235476804,3.5692358309035557,0.5,0.42857142857142855,0.09714285714285698,0.2185305954267518,11.959457185259945,CoO-CoFe2O4,406.0,7800.0,59.734,843.0,38.81,5.0
2.3820000000000006,,3.294382703631671,0.0,0.6000000000000001,0.0,,3.294382703631671,0.0,Mn0.5Zn0.5Fe2O4,51.34,24.8,2.29,640.0,0.0078,300.0
2.3820000000000006,,3.294382703631671,0.0,0.6000000000000001,0.0,,3.294382703631671,0.0,Mn0.5Zn0.5Fe2O4,108.18,90.2,2.43,640.0,0.0218,300.0
2.3820000000000006,,3.294382703631671,0.0,0.6000000000000001,0.0,,3.294382703631671,0.0,Mn0.5Zn0.5Fe2O4,8.92,40.07,16.15,640.0,0.3498,300.0
2.3820000000000006,,3.294382703631671,0.0,0.6000000000000001,0.0,,3.294382703631671,0.0,Mn0.5Zn0.5Fe2O4,14.38,47.13,18.75,640.0,0.6546,300.0
2.3820000000000006,,3.294382703631671,0.0,0.6000000000000001,0.0,,3.294382703631671,0.0,Mn0.5Zn0.5Fe2O4,2.83,109.35,81.48,640.0,9.2738,300.0
2.6500000000000004,,3.0232623334747606,0.0,0.2,0.0,,3.0232623334747606,0.0,LaFeO3,255.0,894.0,1.3529,730.0,0.735,5.0
2.6500000000000004,,3.0232623334747606,0.0,0.2,0.0,,3.0232623334747606,0.0,LaFeO3,296.0,910.0,1.3529,730.0,0.735,5.0
2.6500000000000004,,3.0232623334747606,0.0,0.2,0.0,,3.0232623334747606,0.0,LaFeO3,344.0,945.0,1.3823,730.0,0.735,5.0
2.6500000000000004,,3.0232623334747606,0.0,0.2,0.0,,3.0232623334747606,0.0,LaFeO3,635.0,1077.0,1.44117,730.0,0.7,5.0
2.6500000000000004,,3.0232623334747606,0.0,0.2,0.0,,3.0232623334747606,0.0,LaFeO3,229.0,985.0,0.65,730.0,0.0588,5.0
2.6500000000000004,,3.0232623334747606,0.0,0.2,0.0,,3.0232623334747606,0.0,LaFeO3,350.0,1016.0,0.65,730.0,0.0588,5.0
2.6500000000000004,,3.0232623334747606,0.0,0.2,0.0,,3.0232623334747606,0.0,LaFeO3,502.0,1074.0,0.66,730.0,0.0588,5.0
1.91,2.675,2.8284271247461903,2.8284271247461903,1.0,0.5,0.7649999999999999,0.0,8.000000000000002,Ni-NiO,130.0,634.0,26.6,668.0,21.5,8.0
1.91,2.675,2.8284271247461903,2.8284271247461903,1.0,0.5,0.7649999999999999,0.0,8.000000000000002,Ni-NiO,137.0,641.0,26.4,668.0,21.5,8.0
1.91,2.675,2.8284271247461903,2.8284271247461903,1.0,0.5,0.7649999999999999,0.0,8.000000000000002,Ni-NiO,38.0,379.0,15.2,668.0,8.9,8.0
1.91,2.675,2.8284271247461903,2.8284271247461903,1.0,0.5,0.7649999999999999,0.0,8.000000000000002,Ni-NiO,73.0,547.0,14.7,668.0,10.7,8.0
1.91,2.675,2.8284271247461903,2.8284271247461903,1.0,0.5,0.7649999999999999,0.0,8.000000000000002,Ni-NiO,81.0,534.0,16.0,668.0,13.0,8.0
1.91,2.675,2.8284271247461903,2.8284271247461903,1.0,0.5,0.7649999999999999,0.0,8.000000000000002,Ni-NiO,109.0,756.0,16.5,668.0,12.8,8.0
2.757142857142857,2.834,3.5692358309035557,3.4514488412024686,0.42857142857142855,0.2,0.07685714285714296,0.11778698970108703,12.319034872550407,CoFe2O4-BiFeO3,112.781,902.2495,74.595,793.0,31.042,350.0
2.757142857142857,2.834,3.5692358309035557,3.4514488412024686,0.42857142857142855,0.2,0.07685714285714296,0.11778698970108703,12.319034872550407,CoFe2O4-BiFeO3,226.736,1316.317,79.167,793.0,39.222,300.0
2.757142857142857,2.834,3.5692358309035557,3.4514488412024686,0.42857142857142855,0.2,0.07685714285714296,0.11778698970108703,12.319034872550407,CoFe2O4-BiFeO3,170.0,1616.53,83.259,793.0,41.629,250.0
2.757142857142857,2.834,3.5692358309035557,3.4514488412024686,0.42857142857142855,0.2,0.07685714285714296,0.11778698970108703,12.319034872550407,CoFe2O4-BiFeO3,169.131,2594.238,85.9,793.0,56.0,200.0
2.757142857142857,2.834,3.5692358309035557,3.4514488412024686,0.42857142857142855,0.2,0.07685714285714296,0.11778698970108703,12.319034872550407,CoFe2O4-BiFeO3,112.78,6052.7,87.0,720.0,67.858,100.0
2.757142857142857,2.834,3.5692358309035557,3.4514488412024686,0.42857142857142855,0.2,0.07685714285714296,0.11778698970108703,12.319034872550407,CoFe2O4-BiFeO3,56.18,7932.631,87.5,720.0,71.226,50.0
2.757142857142857,2.834,3.5692358309035557,3.4514488412024686,0.42857142857142855,0.2,0.07685714285714296,0.11778698970108703,12.319034872550407,CoFe2O4-BiFeO3,90.0,4116.89,87.349,720.0,63.046,150.0
2.757142857142857,2.834,3.5692358309035557,3.4514488412024686,0.42857142857142855,0.2,0.07685714285714296,0.11778698970108703,12.319034872550407,CoFe2O4-BiFeO3,50.0,8966.0,87.83,720.0,73.151,5.0
1.88,2.66,3.872983346207417,3.350705235476804,1.0,0.5,0.7800000000000002,0.5222781107306131,12.977225575051664,Co-CoO,142.78,538.42,22.472,1661.0,5.9066,5.0
1.88,2.66,3.872983346207417,3.350705235476804,1.0,0.5,0.7800000000000002,0.5222781107306131,12.977225575051664,Co-CoO,137.21,434.0,22.472,1661.0,5.9066,5.0
1.88,2.66,3.872983346207417,3.350705235476804,1.0,0.5,0.7800000000000002,0.5222781107306131,12.977225575051664,Co-CoO,71.0,280.0,31.472,1661.0,6.2542,5.0
1.88,2.66,3.872983346207417,3.350705235476804,1.0,0.5,0.7800000000000002,0.5222781107306131,12.977225575051664,Co-CoO,346.379,532.96,19.872,1661.0,4.4662,5.0
2.0549999999999997,,4.385981415886887,0.0,1.0,0.0,,4.385981415886887,0.0,FeRh,952.57,1661.385,9.560017,370.0,0.059892,2.0
2.0549999999999997,,4.385981415886887,0.0,1.0,0.0,,4.385981415886887,0.0,FeRh,629.898,1322.79,18.248,370.0,0.059892,2.0
2.0549999999999997,,4.385981415886887,0.0,1.0,0.0,,4.385981415886887,0.0,FeRh,519.698,1070.862,18.248,370.0,0.059892,2.0
2.0549999999999997,,4.385981415886887,0.0,1.0,0.0,,4.385981415886887,0.0,FeRh,472.1585,881.8975,18.248,370.0,0.059892,2.0
2.0549999999999997,,4.385981415886887,0.0,1.0,0.0,,4.385981415886887,0.0,FeRh,278.3,806.3,16.358,370.0,8.35808,2.0
2.0549999999999997,,4.385981415886887,0.0,1.0,0.0,,4.385981415886887,0.0,FeRh,185.144,697.695,16.358,370.0,8.35808,2.0
2.0549999999999997,,4.385981415886887,0.0,1.0,0.0,,4.385981415886887,0.0,FeRh,108.065,636.065,16.358,370.0,8.35808,2.0
2.0549999999999997,,4.385981415886887,0.0,1.0,0.0,,4.385981415886887,0.0,FeRh,76.83,604.83,16.358,370.0,8.35808,2.0
2.8099999999999996,,3.8576446775306654,0.0,0.3333333333333333,0.0,,3.8576446775306654,0.0,MnO2,440.0,145.0,6.9,140.0,0.022,5.0
1.93,2.75,1.7320508075688772,3.7158067079548327,0.0,0.42857142857142855,0.8200000000000001,1.9837559003859555,6.435966009283019,Ag-Fe3O4,551.72,1186.0,60.0,858.0,16.22,5.0
1.93,2.75,1.7320508075688772,3.7158067079548327,0.0,0.42857142857142855,0.8200000000000001,1.9837559003859555,6.435966009283019,Ag-Fe3O4,551.72,1186.0,60.0,858.0,16.22,5.0
1.83,2.7960000000000003,4.898979485566356,3.656648069074256,1.0,0.4,0.9660000000000002,1.2423314164920995,17.913843876330606,Fe-Fe2O3,96.767,2095.77,384.57,1043.0,247.96,5.0
2.635,2.75,3.863703305156273,3.7158067079548327,0.5,0.42857142857142855,0.11500000000000021,0.1478965972014401,14.356774658846936,FeO-Fe3O4,93.2306,652.1534,35.0,858.0,5.14,300.0
2.635,2.75,3.863703305156273,3.7158067079548327,0.5,0.42857142857142855,0.11500000000000021,0.1478965972014401,14.356774658846936,FeO-Fe3O4,82.0306,652.1534,41.0,858.0,8.954,300.0
2.635,2.75,3.863703305156273,3.7158067079548327,0.5,0.42857142857142855,0.11500000000000021,0.1478965972014401,14.356774658846936,FeO-Fe3O4,82.0306,652.1534,53.0,858.0,10.8,300.0
2.635,2.75,3.863703305156273,3.7158067079548327,0.5,0.42857142857142855,0.11500000000000021,0.1478965972014401,14.356774658846936,FeO-Fe3O4,2.5,13.0,37.7,858.0,0.294,210.0
2.635,2.75,3.863703305156273,3.7158067079548327,0.5,0.42857142857142855,0.11500000000000021,0.1478965972014401,14.356774658846936,FeO-Fe3O4,719.0,560.0,37.0,858.0,2.8,120.0
2.635,2.75,3.863703305156273,3.7158067079548327,0.5,0.42857142857142855,0.11500000000000021,0.1478965972014401,14.356774658846936,FeO-Fe3O4,329.0,767.0,54.8,858.0,22.313,2.0
2.75,2.675,3.7158067079548327,2.8284271247461903,0.42857142857142855,0.5,0.07500000000000018,0.8873795832086424,10.509888483093293,Fe3O4-NiO,329.43,95.69,33.0,858.0,8.6,60.0
2.675,2.75,2.8284271247461903,3.7158067079548327,0.5,0.42857142857142855,0.07500000000000018,0.8873795832086424,10.509888483093293,NiO-Fe3O4,145.18,145.18,44.89,860.0,8.16,60.0
2.8213333333333335,2.834,3.5198485838263975,3.4514488412024686,0.26666666666666666,0.2,0.012666666666666604,0.0683997426239289,12.14857731585577,Bi2Fe4O9-BiFeO3,1600.0,1300.0,1.4325,778.0,0.052,2.0
2.834,2.8213333333333335,3.4514488412024686,3.5198485838263975,0.2,0.26666666666666666,0.012666666666666604,0.0683997426239289,12.14857731585577,BiFeO3-Bi2Fe4O9,1500.0,900.0,19.42686,837.4,0.0365,2.0
2.834,2.8213333333333335,3.4514488412024686,3.5198485838263975,0.2,0.26666666666666666,0.012666666666666604,0.0683997426239289,12.14857731585577,BiFeO3-Bi2Fe4O9,1650.0,750.0,3.0868,712.6,0.049,2.0
2.806666666666666,2.7960000000000003,2.82842712474619,3.656648069074256,0.3333333333333333,0.4,0.010666666666665936,0.8282209443280664,10.342562584220406,TiO2-Fe2O3,9.41,449.38,52.0,577.0,17.6,2.0
2.806666666666666,2.7960000000000003,2.82842712474619,3.656648069074256,0.3333333333333333,0.4,0.010666666666665936,0.8282209443280664,10.342562584220406,TiO2-Fe2O3,84.7,477.614,51.385,577.0,22.13,2.0
2.806666666666666,2.7960000000000003,2.82842712474619,3.656648069074256,0.3333333333333333,0.4,0.010666666666665936,0.8282209443280664,10.342562584220406,TiO2-Fe2O3,71.36,471.34,52.18,577.0,21.98,2.0
2.806666666666666,2.7960000000000003,2.82842712474619,3.656648069074256,0.3333333333333333,0.4,0.010666666666665936,0.8282209443280664,10.342562584220406,TiO2-Fe2O3,64.764,453.4,48.75,577.0,21.963,2.0
2.806666666666666,2.7960000000000003,2.82842712474619,3.656648069074256,0.3333333333333333,0.4,0.010666666666665936,0.8282209443280664,10.342562584220406,TiO2-Fe2O3,5.0,415.0,50.3,577.0,17.09,10.0
2.806666666666666,2.7960000000000003,2.82842712474619,3.656648069074256,0.3333333333333333,0.4,0.010666666666665936,0.8282209443280664,10.342562584220406,TiO2-Fe2O3,49.725,429.0,50.275,577.0,19.818,10.0
2.806666666666666,2.7960000000000003,2.82842712474619,3.656648069074256,0.3333333333333333,0.4,0.010666666666665936,0.8282209443280664,10.342562584220406,TiO2-Fe2O3,41.96,421.24,48.91,577.0,19.4,10.0
2.806666666666666,2.7960000000000003,2.82842712474619,3.656648069074256,0.3333333333333333,0.4,0.010666666666665936,0.8282209443280664,10.342562584220406,TiO2-Fe2O3,2.42,55.122,51.0,577.0,3.195,100.0
2.806666666666666,2.7960000000000003,2.82842712474619,3.656648069074256,0.3333333333333333,0.4,0.010666666666665936,0.8282209443280664,10.342562584220406,TiO2-Fe2O3,2.42,53.78,48.85,577.0,3.345,100.0
2.806666666666666,2.7960000000000003,2.82842712474619,3.656648069074256,0.3333333333333333,0.4,0.010666666666665936,0.8282209443280664,10.342562584220406,TiO2-Fe2O3,2.42,53.0,50.6,577.0,3.375,100.0
2.806666666666666,2.7960000000000003,2.82842712474619,3.656648069074256,0.3333333333333333,0.4,0.010666666666665936,0.8282209443280664,10.342562584220406,TiO2-Fe2O3,1.355,20.115,52.5,577.0,1.442,300.0
2.806666666666666,2.7960000000000003,2.82842712474619,3.656648069074256,0.3333333333333333,0.4,0.010666666666665936,0.8282209443280664,10.342562584220406,TiO2-Fe2O3,0.6585,19.88,46.11,577.0,1.438,300.0
2.806666666666666,2.7960000000000003,2.82842712474619,3.656648069074256,0.3333333333333333,0.4,0.010666666666665936,0.8282209443280664,10.342562584220406,TiO2-Fe2O3,0.659,20.814,45.78,577.0,1.5775,300.0
2.75,,3.7158067079548327,0.0,0.42857142857142855,0.0,,3.7158067079548327,0.0,Fe3O4,15.0,624.1,57.0,858.0,33.04,5.0
2.5029166666666667,,3.993499496084664,0.0,0.5833333333333333,0.0,,3.993499496084664,0.0,Co0.4Fe2.6O4,52.0,8336.0,55.0,793.0,43.5,5.0
2.755,,3.6132070940189385,0.0,0.4285714285714286,0.0,,3.6132070940189385,0.0,Co0.7Fe2.3O4,70.0,10760.0,51.0,793.0,36.47,5.0
2.757142857142857,,3.5692358309035557,0.0,0.42857142857142855,0.0,,3.5692358309035557,0.0,CoFe2O4,20.0,14563.0,45.0,789.0,32.22,5.0
2.834,,3.4514488412024686,0.0,0.2,0.0,,3.4514488412024686,0.0,BiFeO3,1219.58,1219.58,1.259,683.0,0.0485,10.0
2.834,,3.4514488412024686,0.0,0.2,0.0,,3.4514488412024686,0.0,BiFeO3,1182.0,429.82,0.8455,683.0,0.0105,130.0
2.834,,3.4514488412024686,0.0,0.2,0.0,,3.4514488412024686,0.0,BiFeO3,342.15,1500.0,0.646,683.0,0.025,300.0
1.8449999999999998,,4.591180643758674,0.0,1.0,0.0,,4.591180643758674,0.0,Fe0.7Co0.3,0.1,3999.6,63.0,800.0,34.3,10.0
1.8449999999999998,,4.591180643758674,0.0,1.0,0.0,,4.591180643758674,0.0,Fe0.7Co0.3,399.95,1299.65,59.95,800.0,28.0,150.0
1.8449999999999998,,4.591180643758674,0.0,1.0,0.0,,4.591180643758674,0.0,Fe0.7Co0.3,49.9,849.7,55.4,800.0,22.25,300.0
1.855,,4.385981415886887,0.0,1.0,0.0,,4.385981415886887,0.0,Fe0.5Co0.5,0.05,799.65,90.95,800.0,21.0,300.0
1.8649999999999998,,4.180782188015098,0.0,1.0,0.0,,4.180782188015098,0.0,Fe0.3Co0.7,0.05,3999.65,18.3,800.0,21.6,10.0
1.8649999999999998,,4.180782188015098,0.0,1.0,0.0,,4.180782188015098,0.0,Fe0.3Co0.7,99.95,2299.75,13.0,800.0,18.0,150.0
1.8649999999999998,,4.180782188015098,0.0,1.0,0.0,,4.180782188015098,0.0,Fe0.3Co0.7,0.05,1099.75,10.85,800.0,11.7,300.0
2.635,2.75,3.863703305156273,3.7158067079548327,0.5,0.42857142857142855,0.11500000000000021,0.1478965972014401,14.356774658846936,FeO-Fe3O4,781.28,1620.97,25.45,860.0,10.5,5.0
2.635,2.75,3.863703305156273,3.7158067079548327,0.5,0.42857142857142855,0.11500000000000021,0.1478965972014401,14.356774658846936,FeO-Fe3O4,1022.0,2044.82,19.21,860.0,7.1,5.0
2.635,2.75,3.863703305156273,3.7158067079548327,0.5,0.42857142857142855,0.11500000000000021,0.1478965972014401,14.356774658846936,FeO-Fe3O4,471.0,681.83,20.0,860.0,10.0,20.0
2.635,2.75,3.863703305156273,3.7158067079548327,0.5,0.42857142857142855,0.11500000000000021,0.1478965972014401,14.356774658846936,FeO-Fe3O4,583.0,959.2,44.14,860.0,13.638,2.0
1.83,2.75,4.898979485566356,3.7158067079548327,1.0,0.42857142857142855,0.9199999999999999,1.183172777611523,18.20366083460058,Fe-Fe3O4,1190.0,1897.0,31.0,860.0,28.9,5.0
2.75,,3.7158067079548327,0.0,0.42857142857142855,0.0,,3.7158067079548327,0.0,Fe3O4,133.0,862.0,84.0,858.0,76.8,5.0
1.83,2.7960000000000003,4.898979485566356,3.656648069074256,1.0,0.4,0.9660000000000002,1.2423314164920995,17.913843876330606,Fe-Fe2O3,20.0,1361.79,15.1225,985.0,38.8493,30.0
1.83,2.7960000000000003,4.898979485566356,3.656648069074256,1.0,0.4,0.9660000000000002,1.2423314164920995,17.913843876330606,Fe-Fe2O3,1071.526,2544.74,15.2465,985.0,37.8808,15.0
1.83,2.7960000000000003,4.898979485566356,3.656648069074256,1.0,0.4,0.9660000000000002,1.2423314164920995,17.913843876330606,Fe-Fe2O3,1600.0,6193.508,54.6886,985.0,49.286,5.0
2.635,2.75,3.863703305156273,3.7158067079548327,0.5,0.42857142857142855,0.11500000000000021,0.1478965972014401,14.356774658846936,FeO-Fe3O4,1000.0,1538.46,38.9,860.0,16.23,300.0
1.83,2.7960000000000003,4.898979485566356,3.656648069074256,1.0,0.4,0.9660000000000002,1.2423314164920995,17.913843876330606,Fe-Fe2O3,140.0,1746.242,40.2714,985.0,10.8132,5.0
1.83,2.7960000000000003,4.898979485566356,3.656648069074256,1.0,0.4,0.9660000000000002,1.2423314164920995,17.913843876330606,Fe-Fe2O3,964.9,1359.636,20.862,985.0,7.2,5.0
2.622,2.622,3.1249723632280864,3.1249723632280864,0.2,0.2,0.0,0.0,9.765452270939331,La2FeMnO6,932.0,933.92,7.538,262.0,0.78,15.0
2.622,2.758333333333333,3.1249723632280864,3.0755481568144374,0.2,0.16666666666666666,0.13633333333333297,0.049424206413648974,9.611002991822197,La2FeMnO6,865.6,206.0,5.942,262.0,0.5365,50.0
2.622,2.855714285714286,3.1249723632280864,3.0402451522332594,0.2,0.14285714285714285,0.23371428571428599,0.08472721099482694,9.500682078167102,La2FeMnO6,122.374,176.327,20.87,262.0,0.222,100.0
2.622,2.92875,3.1249723632280864,3.0137678987973757,0.2,0.125,0.3067500000000001,0.11120446443071064,9.41794139292578,La2FeMnO6,510.4,919.3,1.0253,262.0,0.090873,250.0
2.8699999999999997,2.75,3.347611888459755,3.7158067079548327,0.3333333333333333,0.42857142857142855,0.11999999999999966,0.3681948194950775,12.439078710768104,FeVO4-Fe3O4,13.0,107.0,40.434,858.0,31.81,5.0
2.8699999999999997,2.75,3.347611888459755,3.7158067079548327,0.3333333333333333,0.42857142857142855,0.11999999999999966,0.3681948194950775,12.439078710768104,FeVO4-Fe3O4,78.0,450.0,40.434,858.0,31.81,5.0
2.6500000000000004,,3.0232623334747606,0.0,0.2,0.0,,3.0232623334747606,0.0,LaFeO3,650.0,5250.0,0.0025,730.0,0.00091,300.0
2.6500000000000004,,3.0232623334747606,0.0,0.2,0.0,,3.0232623334747606,0.0,LaFeO3,254.0,4750.0,0.0035,730.0,0.000363,300.0
2.6500000000000004,,3.0232623334747606,0.0,0.2,0.0,,3.0232623334747606,0.0,LaFeO3,250.0,1750.0,0.0035,730.0,0.000227,300.0
2.6500000000000004,,3.0232623334747606,0.0,0.2,0.0,,3.0232623334747606,0.0,LaFeO3,800.0,750.0,31.5969,730.0,11.9886,10.0
2.6500000000000004,,3.0232623334747606,0.0,0.2,0.0,,3.0232623334747606,0.0,LaFeO3,511.81,5275.5,0.0045,730.0,0.0037,300.0
2.54,2.75,1.7320508075688772,3.7158067079548327,0.0,0.42857142857142855,0.20999999999999996,1.9837559003859555,6.435966009283019,Au-Fe3O4,1350.0,1889.91,12.5965,858.0,19.82866,2.0
2.54,2.75,1.7320508075688772,3.7158067079548327,0.0,0.42857142857142855,0.20999999999999996,1.9837559003859555,6.435966009283019,Au-Fe3O4,502.0,502.31,26.9472,858.0,41.0239,100.0
2.75,,3.7158067079548327,0.0,0.42857142857142855,0.0,,3.7158067079548327,0.0,Fe3O4,181.0,181.0,35.47086,858.0,0.014788,200.0
2.48625,,3.9902806537886124,0.0,0.4583333333333333,0.0,,3.9902806537886124,0.0,Bi0.9Gd0.1Fe0.9Ti0.1O3,79.0,6000.0,2.6,250.0,0.8,150.0
1.2427777777777775,,3.767008604769146,0.0,0.7407407407407407,0.0,,3.767008604769146,0.0,Nd0.78Sr0.22CoO3,149.24,6088.8,29.4,730.0,1.0,2.0
1.2427777777777775,,3.767008604769146,0.0,0.7407407407407407,0.0,,3.767008604769146,0.0,Nd0.78Sr0.22CoO3,30.67,8899.679,21.626,730.0,1.7,8.0
1.2427777777777775,,3.767008604769146,0.0,0.7407407407407407,0.0,,3.767008604769146,0.0,Nd0.78Sr0.22CoO3,402.9,6342.6,20.4,730.0,2.536,10.0
1.83,2.67,4.898979485566356,2.2802389661575337,1.0,0.5,0.8399999999999999,2.618740519408822,11.170843917394794,Cu0.98-Fe0.02O,530.6,761.0,0.115,633.0,0.012,10.0
1.83,2.67,4.898979485566356,2.2802389661575337,1.0,0.5,0.8399999999999999,2.618740519408822,11.170843917394794,Cu0.96-Fe0.04O,906.4,995.0,0.344,695.4,0.082,10.0
1.83,2.67,4.898979485566356,2.2802389661575337,1.0,0.5,0.8399999999999999,2.618740519408822,11.170843917394794,Cu0.98-Fe0.02O,249.0,91.0,8.549,673.0,0.0386,100.0
1.83,2.67,4.898979485566356,2.2802389661575337,1.0,0.5,0.8399999999999999,2.618740519408822,11.170843917394794,Cu0.96-Fe0.04O,94.0,25.0,11.526,673.0,0.132,100.0
1.83,2.67,4.898979485566356,2.2802389661575337,1.0,0.5,0.8399999999999999,2.618740519408822,11.170843917394794,Cu0.98-Fe0.02O,1335.0,247.0,5.5978,850.0,0.0193,5.0
1.83,2.67,4.898979485566356,2.2802389661575337,1.0,0.5,0.8399999999999999,2.618740519408822,11.170843917394794,Cu0.96-Fe0.04O,1318.0,41.0,5.5978,850.0,0.027,5.0
2.7960000000000003,,3.656648069074256,0.0,0.4,0.0,,3.656648069074256,0.0,Fe2O3,131.0,115.005,58.598,948.0,0.015,30.0
2.7960000000000003,,3.656648069074256,0.0,0.4,0.0,,3.656648069074256,0.0,Fe2O3,165.23,125.23,58.598,948.0,0.002,30.0
2.7960000000000003,,3.656648069074256,0.0,0.4,0.0,,3.656648069074256,0.0,Fe2O3,1025.0,250.0,101.028,948.0,0.0038,100.0
2.7960000000000003,,3.656648069074256,0.0,0.4,0.0,,3.656648069074256,0.0,Fe2O3,113.5,579.15,57.7,948.0,0.0851,200.0
2.675,2.9266666666666663,2.8284271247461903,2.82842712474619,0.5,0.0,0.2516666666666665,4.440892098500626e-16,8.0,NiO,900.0,2285.7,5.8,720.0,0.4,5.0
2.834,,3.4514488412024686,0.0,0.2,0.0,,3.4514488412024686,0.0,BiFeO3,250.0,239.34,1.5745,683.0,0.079,300.0
2.834,,3.4514488412024686,0.0,0.2,0.0,,3.4514488412024686,0.0,BiFeO3,984.37,1135.5,1.585,683.0,0.117,300.0
2.834,,3.4514488412024686,0.0,0.2,0.0,,3.4514488412024686,0.0,BiFeO3,677.0,1041.71,1.1835,683.0,0.119,300.0
1.4041666666666668,,1.78454685785316,0.0,0.041666666666666664,0.0,,1.78454685785316,0.0,La0.85Sr0.15FeO3,812.5,2812.5,30.0,555.0,17.71,193.0
1.88,2.7714285714285714,3.872983346207417,3.2760940768010016,1.0,0.42857142857142855,0.8914285714285715,0.5968892694064154,12.688257800059041,Co-Co3O4,124.14,569.343,122.0,1388.0,34.375,5.0
1.88,2.7714285714285714,3.872983346207417,3.2760940768010016,1.0,0.42857142857142855,0.8914285714285715,0.5968892694064154,12.688257800059041,Co-Co3O4,123.24,583.34,116.0,1388.0,32.07,5.0
1.88,2.7714285714285714,3.872983346207417,3.2760940768010016,1.0,0.42857142857142855,0.8914285714285715,0.5968892694064154,12.688257800059041,Co-Co3O4,148.595,626.8,105.0,1388.0,32.9245,5.0
1.88,2.7714285714285714,3.872983346207417,3.2760940768010016,1.0,0.42857142857142855,0.8914285714285715,0.5968892694064154,12.688257800059041,Co-Co3O4,183.82,738.96,90.42,1388.0,27.919,5.0
1.88,2.7714285714285714,3.872983346207417,3.2760940768010016,1.0,0.42857142857142855,0.8914285714285715,0.5968892694064154,12.688257800059041,Co-Co3O4,210.53,724.638,56.9,1388.0,15.923,5.0
1.88,2.7714285714285714,3.872983346207417,3.2760940768010016,1.0,0.42857142857142855,0.8914285714285715,0.5968892694064154,12.688257800059041,Co-Co3O4,147.36,631.58,32.0,1388.0,6.5,5.0
1.88,2.7714285714285714,3.872983346207417,3.2760940768010016,1.0,0.42857142857142855,0.8914285714285715,0.5968892694064154,12.688257800059041,Co-Co3O4,36.6,222.0,9.55,1388.0,0.6875,5.0
1.88,2.7714285714285714,3.872983346207417,3.2760940768010016,1.0,0.42857142857142855,0.8914285714285715,0.5968892694064154,12.688257800059041,Co-Co3O4,26.442,194.724,4.6,1388.0,0.191,5.0
1.88,2.7714285714285714,3.872983346207417,3.2760940768010016,1.0,0.42857142857142855,0.8914285714285715,0.5968892694064154,12.688257800059041,Co-Co3O4,21.5,265.0,3.0,1388.0,0.051,5.0
2.63,,4.151706835469087,0.0,0.42857142857142855,0.0,,4.151706835469087,0.0,Mn3O4,1086.0,1086.0,11.57802,45.0,3.991605,10.0
2.63,,4.151706835469087,0.0,0.42857142857142855,0.0,,4.151706835469087,0.0,Mn3O4,575.0,575.0,32.0,45.0,1.6846,10.0
2.63,,4.151706835469087,0.0,0.42857142857142855,0.0,,4.151706835469087,0.0,Mn3O4,273.0,273.0,16.8497,45.0,0.9614,10.0
2.75,2.66,3.7158067079548327,3.350705235476804,0.42857142857142855,0.5,0.08999999999999986,0.3651014724780288,12.450572990364085,Fe3O4-CoO,1290.0,2900.0,24.254,858.0,20.7712,5.0
1.88,2.66,3.872983346207417,3.350705235476804,1.0,0.5,0.7800000000000002,0.5222781107306131,12.977225575051664,Co-CoO,147.76,543.7435,40.36,1661.0,9.4,5.0
1.88,2.66,3.872983346207417,3.350705235476804,1.0,0.5,0.7800000000000002,0.5222781107306131,12.977225575051664,Co-CoO,14.7,546.7225,38.0,1661.0,8.1,5.0
1.88,2.66,3.872983346207417,3.350705235476804,1.0,0.5,0.7800000000000002,0.5222781107306131,12.977225575051664,Co-CoO,177.297,561.497,38.8,1661.0,8.16,5.0
1.88,2.66,3.872983346207417,3.350705235476804,1.0,0.5,0.7800000000000002,0.5222781107306131,12.977225575051664,Co-CoO,54.0,241.85,4.5,1661.0,1.432,5.0
1.88,2.66,3.872983346207417,3.350705235476804,1.0,0.5,0.7800000000000002,0.5222781107306131,12.977225575051664,Co-CoO,7.74,239.63,4.5,1661.0,1.479,5.0
1.88,2.66,3.872983346207417,3.350705235476804,1.0,0.5,0.7800000000000002,0.5222781107306131,12.977225575051664,Co-CoO,65.56,241.8286,4.5,1661.0,1.4195,5.0
2.5841000000000003,,3.1123670396818666,0.0,0.2,0.0,,3.1123670396818666,0.0,La0.67Sr0.33MnO3,0.0075,439.0932,13.46,380.0,2.214,330.0
2.5841000000000003,,3.1123670396818666,0.0,0.2,0.0,,3.1123670396818666,0.0,La0.67Sr0.33MnO3,0.0075,439.0932,17.17,380.0,5.4,300.0
2.5841000000000003,,3.1123670396818666,0.0,0.2,0.0,,3.1123670396818666,0.0,La0.67Sr0.33MnO3,1.1073,339.7966,35.38,380.0,19.45,200.0
2.5841000000000003,,3.1123670396818666,0.0,0.2,0.0,,3.1123670396818666,0.0,La0.67Sr0.33MnO3,4.87,532.6158,56.312,380.0,33.184,5.0
2.5841000000000003,,3.1123670396818666,0.0,0.2,0.0,,3.1123670396818666,0.0,La0.67Sr0.33MnO3,1.46,191.28,37.10242,380.0,13.9,4.0
2.5841000000000003,,3.1123670396818666,0.0,0.2,0.0,,3.1123670396818666,0.0,La0.67Sr0.33MnO3,12.3,168.829,37.10242,380.0,13.9,4.0
2.5841000000000003,,3.1123670396818666,0.0,0.2,0.0,,3.1123670396818666,0.0,La0.67Sr0.33MnO3,25.0,198.97,37.10242,380.0,15.658,4.0
2.675,,2.8284271247461903,0.0,0.5,0.0,,2.8284271247461903,0.0,NiO,180.0,64.5,7.3766,523.0,0.002,10.0
2.675,,2.8284271247461903,0.0,0.5,0.0,,2.8284271247461903,0.0,NiO,390.0,61.9,7.3766,523.0,0.01175,10.0
2.675,,2.8284271247461903,0.0,0.5,0.0,,2.8284271247461903,0.0,NiO,190.0,55.9,10.6686,523.0,0.012,10.0
2.675,,2.8284271247461903,0.0,0.5,0.0,,2.8284271247461903,0.0,NiO,110.0,49.8,10.6686,523.0,0.012,10.0
2.495,2.63,4.372253453922903,4.151706835469087,0.5,0.42857142857142855,0.1349999999999998,0.22054661845381673,18.152314551055042,MnO-Mn3O4,490.0,2562.29,3.3053,42.0,1.4967,10.0
2.75,2.7960000000000003,3.7158067079548327,3.656648069074256,0.42857142857142855,0.4,0.04600000000000026,0.059158638880576486,13.587397423696208,Fe3O4вЂ“Fe2O3,5.0,249.0,65.32,835.0,21.27,2.0
2.75,2.7960000000000003,3.7158067079548327,3.656648069074256,0.42857142857142855,0.4,0.04600000000000026,0.059158638880576486,13.587397423696208,Fe3O4вЂ“Fe2O3,5.0,247.0,64.54,835.0,22.22,2.0
2.75,2.7960000000000003,3.7158067079548327,3.656648069074256,0.42857142857142855,0.4,0.04600000000000026,0.059158638880576486,13.587397423696208,Fe3O4вЂ“Fe2O3,20.0,234.0,96.0,835.0,32.89,2.0
2.75,2.7960000000000003,3.7158067079548327,3.656648069074256,0.42857142857142855,0.4,0.04600000000000026,0.059158638880576486,13.587397423696208,Fe3O4вЂ“Fe2O3,6.0,35.0,77.27,835.0,4.29,300.0
2.7714285714285714,,3.2760940768010016,0.0,0.42857142857142855,0.0,,3.2760940768010016,0.0,Co3O4,34.375,134.375,3.5,53.0,0.01304,2.0
2.7714285714285714,,3.2760940768010016,0.0,0.42857142857142855,0.0,,3.2760940768010016,0.0,Co3O4,40.0,127.0,3.5,53.0,0.0217,2.0
2.6500000000000004,,3.0232623334747606,0.0,0.2,0.0,,3.0232623334747606,0.0,LaFeO3,100.0,290.0,0.22718,730.0,0.01331,300.0
2.6746,,2.838779886550291,0.0,0.5,0.0,,2.838779886550291,0.0,Ni0.99Fe0.01O,284.892,1922.0,27.01,1006.8,0.09,2.0
2.6742,,2.8491326483543915,0.0,0.5,0.0,,2.8491326483543915,0.0,Ni0.98Fe0.02O,454.54,2110.0,1.368,500.0,0.09,2.0
1.88,2.66,3.872983346207417,3.350705235476804,1.0,0.5,0.7800000000000002,0.5222781107306131,12.977225575051664,Co-CoO,631.7,1333.0,100.6,1661.0,15.3,5.0
1.88,2.66,3.872983346207417,3.350705235476804,1.0,0.5,0.7800000000000002,0.5222781107306131,12.977225575051664,Co-CoO,456.2,523.8,76.1,1661.0,4.68,5.0
1.88,2.66,3.872983346207417,3.350705235476804,1.0,0.5,0.7800000000000002,0.5222781107306131,12.977225575051664,Co-CoO,47.6,523.8,74.6,1661.0,4.68,5.0
2.757142857142857,2.66,3.5692358309035557,3.350705235476804,0.42857142857142855,0.5,0.09714285714285698,0.2185305954267518,11.959457185259945,CoFe2O4-CoO,280.0,4300.0,83.2,850.0,48.0,5.0
2.757142857142857,2.66,3.5692358309035557,3.350705235476804,0.42857142857142855,0.5,0.09714285714285698,0.2185305954267518,11.959457185259945,CoFe2O4-CoO,300.0,4290.0,80.7,850.0,45.5,5.0
2.757142857142857,2.66,3.5692358309035557,3.350705235476804,0.42857142857142855,0.5,0.09714285714285698,0.2185305954267518,11.959457185259945,CoFe2O4-CoO,300.0,4240.0,81.0,850.0,45.4,5.0
2.757142857142857,2.66,3.5692358309035557,3.350705235476804,0.42857142857142855,0.5,0.09714285714285698,0.2185305954267518,11.959457185259945,CoFe2O4-CoO,280.0,4240.0,83.8,850.0,45.4,5.0
2.675,2.675,2.8284271247461903,2.8284271247461903,0.5,0.5,0.0,0.0,8.000000000000002,NiO-NiO,45.0,903.0,9.164,720.0,0.0283,25.0
2.675,2.675,2.8284271247461903,2.8284271247461903,0.5,0.5,0.0,0.0,8.000000000000002,NiO-NiO,48.0,861.53,15.128,720.0,0.0316,25.0
2.675,2.675,2.8284271247461903,2.8284271247461903,0.5,0.5,0.0,0.0,8.000000000000002,NiO-NiO,52.5,597.5,12.752,720.0,0.028228,50.0
2.675,2.675,2.8284271247461903,2.8284271247461903,0.5,0.5,0.0,0.0,8.000000000000002,NiO-NiO,37.5,376.5,12.752,720.0,0.02247,100.0
2.675,2.675,2.8284271247461903,2.8284271247461903,0.5,0.5,0.0,0.0,8.000000000000002,NiO-NiO,27.0,204.0,5.2614,720.0,0.011407,200.0
2.675,2.675,2.8284271247461903,2.8284271247461903,0.5,0.5,0.0,0.0,8.000000000000002,NiO-NiO,24.5,79.5,4.6594,720.0,0.00269,300.0
2.675,2.675,2.8284271247461903,2.8284271247461903,0.5,0.5,0.0,0.0,8.000000000000002,NiO-NiO,24.0,193.0,9.164,720.0,0.0111,25.0
2.675,2.675,2.8284271247461903,2.8284271247461903,0.5,0.5,0.0,0.0,8.000000000000002,NiO-NiO,21.0,190.0,15.128,720.0,0.010925,25.0
2.675,2.675,2.8284271247461903,2.8284271247461903,0.5,0.5,0.0,0.0,8.000000000000002,NiO-NiO,21.0,903.0,6.668,720.0,0.032511,2.0
2.675,2.675,2.8284271247461903,2.8284271247461903,0.5,0.5,0.0,0.0,8.000000000000002,NiO-NiO,20.5,197.5,15.128,720.0,0.010534,2.0
2.675,2.675,2.8284271247461903,2.8284271247461903,0.5,0.5,0.0,0.0,8.000000000000002,NiO-NiO,24.5,201.5,12.752,720.0,0.011696,50.0
2.675,2.675,2.8284271247461903,2.8284271247461903,0.5,0.5,0.0,0.0,8.000000000000002,NiO-NiO,16.5,259.5,12.752,720.0,0.015882,100.0
2.675,2.675,2.8284271247461903,2.8284271247461903,0.5,0.5,0.0,0.0,8.000000000000002,NiO-NiO,5.5,152.5,1.6434,720.0,0.01103,200.0
2.675,2.675,2.8284271247461903,2.8284271247461903,0.5,0.5,0.0,0.0,8.000000000000002,NiO-NiO,1.5,43.5,1.0414,720.0,0.001709,300.0
2.675,2.675,2.8284271247461903,2.8284271247461903,0.5,0.5,0.0,0.0,8.000000000000002,NiO-NiO,10.0,75.47,6.936,720.0,0.001163,25.0
2.675,2.675,2.8284271247461903,2.8284271247461903,0.5,0.5,0.0,0.0,8.000000000000002,NiO-NiO,14.0,71.7,15.128,720.0,0.00111,25.0
2.675,2.675,2.8284271247461903,2.8284271247461903,0.5,0.5,0.0,0.0,8.000000000000002,NiO-NiO,3.0,50.0,6.668,720.0,0.000831,2.0
2.675,2.675,2.8284271247461903,2.8284271247461903,0.5,0.5,0.0,0.0,8.000000000000002,NiO-NiO,11.5,81.5,12.752,720.0,0.001297,50.0
2.675,2.675,2.8284271247461903,2.8284271247461903,0.5,0.5,0.0,0.0,8.000000000000002,NiO-NiO,24.0,143.0,12.752,720.0,0.002142,100.0
2.675,2.675,2.8284271247461903,2.8284271247461903,0.5,0.5,0.0,0.0,8.000000000000002,NiO-NiO,22.0,148.0,1.5234,720.0,0.002414,200.0
2.675,2.675,2.8284271247461903,2.8284271247461903,0.5,0.5,0.0,0.0,8.000000000000002,NiO-NiO,32.5,88.5,0.8934,720.0,0.00151,300.0
2.675,2.675,2.8284271247461903,2.8284271247461903,0.5,0.5,0.0,0.0,8.000000000000002,NiO-NiO,1.5,3.8,6.668,720.0,0.007775,25.0
2.675,2.675,2.8284271247461903,2.8284271247461903,0.5,0.5,0.0,0.0,8.000000000000002,NiO-NiO,12.0,3.8,6.668,720.0,0.005655,25.0
2.675,2.675,2.8284271247461903,2.8284271247461903,0.5,0.5,0.0,0.0,8.000000000000002,NiO-NiO,15.5,6.5,15.1,720.0,5.6e-05,2.0
2.675,2.675,2.8284271247461903,2.8284271247461903,0.5,0.5,0.0,0.0,8.000000000000002,NiO-NiO,11.0,14.0,12.752,720.0,0.000135,50.0
2.675,2.675,2.8284271247461903,2.8284271247461903,0.5,0.5,0.0,0.0,8.000000000000002,NiO-NiO,11.0,35.0,12.752,720.0,0.000104,100.0
2.675,2.675,2.8284271247461903,2.8284271247461903,0.5,0.5,0.0,0.0,8.000000000000002,NiO-NiO,7.0,36.0,1.64,720.0,7.5e-05,200.0
2.675,2.675,2.8284271247461903,2.8284271247461903,0.5,0.5,0.0,0.0,8.000000000000002,NiO-NiO,2.0,12.0,17.8,720.0,8.9e-05,300.0
2.675,2.675,2.8284271247461903,2.8284271247461903,0.5,0.5,0.0,0.0,8.000000000000002,NiO-NiO,3.0,24528.0,10.146,720.0,0.00125,25.0
2.675,2.675,2.8284271247461903,2.8284271247461903,0.5,0.5,0.0,0.0,8.000000000000002,NiO-NiO,3.0,16981.0,23.6,720.0,9e-05,25.0
2.675,2.675,2.8284271247461903,2.8284271247461903,0.5,0.5,0.0,0.0,8.000000000000002,NiO-NiO,7.5,8.5,17.8,720.0,3.4e-05,2.0
2.675,2.675,2.8284271247461903,2.8284271247461903,0.5,0.5,0.0,0.0,8.000000000000002,NiO-NiO,7.0,17.0,12.7,720.0,7.6e-05,50.0
2.675,2.675,2.8284271247461903,2.8284271247461903,0.5,0.5,0.0,0.0,8.000000000000002,NiO-NiO,5.0,21.0,7.09,720.0,4.3e-05,100.0
2.675,2.675,2.8284271247461903,2.8284271247461903,0.5,0.5,0.0,0.0,8.000000000000002,NiO-NiO,5.0,18.0,32.3,720.0,7.8e-05,200.0
2.675,2.675,2.8284271247461903,2.8284271247461903,0.5,0.5,0.0,0.0,8.000000000000002,NiO-NiO,4.5,22.5,32.2,720.0,8.5e-05,300.0
2.66,2.761428571428571,3.350705235476804,3.420013513551952,0.5,0.42857142857142855,0.10142857142857098,0.06930827807514817,11.459457185259945,CoO-NiFe2O4,168.0,7412.0,24.6,850.0,19.8,5.0
2.66,2.761428571428571,3.350705235476804,3.420013513551952,0.5,0.42857142857142855,0.10142857142857098,0.06930827807514817,11.459457185259945,CoO-NiFe2O4,520.0,6052.0,10.4,850.0,9.1,5.0
2.66,2.761428571428571,3.350705235476804,3.420013513551952,0.5,0.42857142857142855,0.10142857142857098,0.06930827807514817,11.459457185259945,CoO-NiFe2O4,632.0,9624.0,8.3,850.0,7.9,5.0
2.675,,2.8284271247461903,0.0,0.5,0.0,,2.8284271247461903,0.0,NiO,827.586,2482.75,5.74,720.0,0.295,5.0
2.675,,2.8284271247461903,0.0,0.5,0.0,,2.8284271247461903,0.0,NiO,1355.93,2711.86,4.6,720.0,0.2,5.0
1.91,2.675,2.8284271247461903,2.8284271247461903,1.0,0.5,0.7649999999999999,0.0,8.000000000000002,Ni-NiO,22.2,411.1,37.815,720.0,2.61,5.0
1.91,2.675,2.8284271247461903,2.8284271247461903,1.0,0.5,0.7649999999999999,0.0,8.000000000000002,Ni-NiO,24.05,512.95,36.97,720.0,4.21,5.0
1.91,2.675,2.8284271247461903,2.8284271247461903,1.0,0.5,0.7649999999999999,0.0,8.000000000000002,Ni-NiO,40.779,637.02,36.13,720.0,6.31,5.0
1.91,2.675,2.8284271247461903,2.8284271247461903,1.0,0.5,0.7649999999999999,0.0,8.000000000000002,Ni-NiO,57.4,538.876,50.4,720.0,13.11,5.0
1.91,2.675,2.8284271247461903,2.8284271247461903,1.0,0.5,0.7649999999999999,0.0,8.000000000000002,Ni-NiO,40.76,559.24,53.78,720.0,20.51,5.0
2.565,,4.117978379539588,0.0,0.5,0.0,,4.117978379539588,0.0,MnFe2O4,0.17,171.2,39.07,577.0,2.06156,300.0
2.565,2.75,4.117978379539588,3.7158067079548327,0.5,0.42857142857142855,0.18500000000000005,0.4021716715847554,15.301611685906174,MnFe2O4-Fe3O4,5.3,210.526,70.4,858.0,12.5,25.0
2.565,2.75,4.117978379539588,3.7158067079548327,0.5,0.42857142857142855,0.18500000000000005,0.4021716715847554,15.301611685906174,MnFe2O4-Fe3O4,1.022,1.24,69.9,858.0,0.0794,200.0
1.91,2.675,2.8284271247461903,2.8284271247461903,1.0,0.5,0.7649999999999999,0.0,8.000000000000002,Ni-NiO,22.0,170.0,13.4,668.0,5.4,5.0
1.91,2.675,2.8284271247461903,2.8284271247461903,1.0,0.5,0.7649999999999999,0.0,8.000000000000002,Ni-NiO,45.0,230.0,12.9,668.0,6.9,5.0
1.91,2.675,2.8284271247461903,2.8284271247461903,1.0,0.5,0.7649999999999999,0.0,8.000000000000002,Ni-NiO,43.0,250.0,17.6,668.0,9.9,5.0
1.91,2.675,2.8284271247461903,2.8284271247461903,1.0,0.5,0.7649999999999999,0.0,8.000000000000002,Ni-NiO,62.0,230.0,21.6,668.0,8.4,5.0
1.91,2.675,2.8284271247461903,2.8284271247461903,1.0,0.5,0.7649999999999999,0.0,8.000000000000002,Ni-NiO,250.0,440.0,31.5,668.0,16.2,5.0
1.91,2.675,2.8284271247461903,2.8284271247461903,1.0,0.5,0.7649999999999999,0.0,8.000000000000002,Ni-NiO,310.0,420.0,16.1,668.0,7.1,5.0
1.91,2.675,2.8284271247461903,2.8284271247461903,1.0,0.5,0.7649999999999999,0.0,8.000000000000002,Ni-NiO,570.0,550.0,14.9,668.0,6.2,5.0
2.834,,3.4514488412024686,0.0,0.2,0.0,,3.4514488412024686,0.0,BiFeO3,173.9,391.3,0.3547,703.0,0.0275,60.0
2.4941666666666666,,3.7760444562215247,0.0,0.4166666666666667,0.0,,3.7760444562215247,0.0,Bi0.9La0.1FeO3,902.0,593.4,0.375,300.0,0.018367,60.0
2.834,,3.4514488412024686,0.0,0.2,0.0,,3.4514488412024686,0.0,BiFeO3,173.9,391.3,0.3698,703.0,0.0275,60.0
2.4941666666666666,,3.7760444562215247,0.0,0.4166666666666667,0.0,,3.7760444562215247,0.0,Bi0.9La0.1FeO3,902.0,593.4,0.408,300.0,0.018367,60.0
1.6885714285714286,,4.382004255436397,0.0,0.7857142857142857,0.0,,4.382004255436397,0.0,NdFeO3,10.86,200.0,2.42,822.2,0.25,300.0
2.757142857142857,,3.5692358309035557,0.0,0.42857142857142855,0.0,,3.5692358309035557,0.0,CoFe2O4,254.052,3340.43,39.07,803.0,13.30882,5.0
2.757142857142857,2.75,3.5692358309035557,3.7158067079548327,0.42857142857142855,0.42857142857142855,0.0071428571428571175,0.14657087705127703,13.262590442744173,CoFe2O4-Fe3O4,21.84,1728.159,90.278,825.0,45.8,25.0
2.757142857142857,2.75,3.5692358309035557,3.7158067079548327,0.42857142857142855,0.42857142857142855,0.0071428571428571175,0.14657087705127703,13.262590442744173,CoFe2O4-Fe3O4,0.85,17.45,51.862,825.0,1.45,300.0
2.757142857142857,2.75,3.5692358309035557,3.7158067079548327,0.42857142857142855,0.42857142857142855,0.0071428571428571175,0.14657087705127703,13.262590442744173,CoFe2O4-Fe3O4,86.0,2155.09,74.4,825.0,48.815,5.0
2.757142857142857,2.75,3.5692358309035557,3.7158067079548327,0.42857142857142855,0.42857142857142855,0.0071428571428571175,0.14657087705127703,13.262590442744173,CoFe2O4-Fe3O4,10.8,1928.8,74.6,825.0,46.985,25.0
2.757142857142857,2.75,3.5692358309035557,3.7158067079548327,0.42857142857142855,0.42857142857142855,0.0071428571428571175,0.14657087705127703,13.262590442744173,CoFe2O4-Fe3O4,10.7,1540.929,73.97,825.0,43.4385,50.0
2.757142857142857,2.75,3.5692358309035557,3.7158067079548327,0.42857142857142855,0.42857142857142855,0.0071428571428571175,0.14657087705127703,13.262590442744173,CoFe2O4-Fe3O4,32.33,678.85,75.48,825.0,31.396,100.0
2.757142857142857,2.75,3.5692358309035557,3.7158067079548327,0.42857142857142855,0.42857142857142855,0.0071428571428571175,0.14657087705127703,13.262590442744173,CoFe2O4-Fe3O4,6.0916,1024.748,74.83,825.0,13.7352,200.0
2.757142857142857,2.75,3.5692358309035557,3.7158067079548327,0.42857142857142855,0.42857142857142855,0.0071428571428571175,0.14657087705127703,13.262590442744173,CoFe2O4-Fe3O4,1.5744,642.89,69.97,825.0,1.529,300.0
2.757142857142857,2.75,3.5692358309035557,3.7158067079548327,0.42857142857142855,0.42857142857142855,0.0071428571428571175,0.14657087705127703,13.262590442744173,CoFe2O4-Fe3O4,70.342,943.658,45.1,825.0,33.7389,5.0
2.757142857142857,2.75,3.5692358309035557,3.7158067079548327,0.42857142857142855,0.42857142857142855,0.0071428571428571175,0.14657087705127703,13.262590442744173,CoFe2O4-Fe3O4,85.63,957.76,43.4,825.0,39.9269,25.0
2.757142857142857,2.75,3.5692358309035557,3.7158067079548327,0.42857142857142855,0.42857142857142855,0.0071428571428571175,0.14657087705127703,13.262590442744173,CoFe2O4-Fe3O4,77.74,880.0,40.0,825.0,34.2181,50.0
2.757142857142857,2.75,3.5692358309035557,3.7158067079548327,0.42857142857142855,0.42857142857142855,0.0071428571428571175,0.14657087705127703,13.262590442744173,CoFe2O4-Fe3O4,112.875,408.44,25.74,825.0,39.9269,100.0
2.757142857142857,2.75,3.5692358309035557,3.7158067079548327,0.42857142857142855,0.42857142857142855,0.0071428571428571175,0.14657087705127703,13.262590442744173,CoFe2O4-Fe3O4,22.575,747.3437,58.004,825.0,14.97898,200.0
2.7024999999999997,,3.599718183039876,0.0,0.375,0.0,,3.599718183039876,0.0,DyCrTiO5,30.0,47.826,44.946,332.0,0.6353,10.0
2.7024999999999997,,3.599718183039876,0.0,0.375,0.0,,3.599718183039876,0.0,DyCrTiO5,130.0,35.5,44.946,332.0,0.6353,10.0
1.88,2.66,3.872983346207417,3.350705235476804,1.0,0.5,0.7800000000000002,0.5222781107306131,12.977225575051664,Co-CoO,848.0,1840.0,30.68,1661.0,22.4,4.0
1.88,2.66,3.872983346207417,3.350705235476804,1.0,0.5,0.7800000000000002,0.5222781107306131,12.977225575051664,Co-CoO,800.0,1793.0,27.55,1661.0,9.75,4.0
1.88,2.66,3.872983346207417,3.350705235476804,1.0,0.5,0.7800000000000002,0.5222781107306131,12.977225575051664,Co-CoO,784.0,1600.0,30.11,1661.0,9.9,4.0
1.88,2.66,3.872983346207417,3.350705235476804,1.0,0.5,0.7800000000000002,0.5222781107306131,12.977225575051664,Co-CoO,720.0,1520.0,33.06,1661.0,9.629,4.0
1.88,2.66,3.872983346207417,3.350705235476804,1.0,0.5,0.7800000000000002,0.5222781107306131,12.977225575051664,Co-CoO,640.0,1440.0,35.4,1661.0,10.2439,4.0
1.88,2.66,3.872983346207417,3.350705235476804,1.0,0.5,0.7800000000000002,0.5222781107306131,12.977225575051664,Co-CoO,640.0,1440.0,37.8,1661.0,9.268,4.0
1.88,2.66,3.872983346207417,3.350705235476804,1.0,0.5,0.7800000000000002,0.5222781107306131,12.977225575051664,Co-CoO,480.0,1360.0,59.78,1661.0,10.3448,4.0
1.88,2.66,3.872983346207417,3.350705235476804,1.0,0.5,0.7800000000000002,0.5222781107306131,12.977225575051664,Co-CoO,473.0,1191.0,112.416,1661.0,17.78,4.0
1.88,2.66,3.872983346207417,3.350705235476804,1.0,0.5,0.7800000000000002,0.5222781107306131,12.977225575051664,Co-CoO,601.796,1448.97,37.17,1661.0,7.62872,5.0
1.88,2.66,3.872983346207417,3.350705235476804,1.0,0.5,0.7800000000000002,0.5222781107306131,12.977225575051664,Co-CoO,433.7,1443.868,33.385,1661.0,8.9995,50.0
1.88,2.66,3.872983346207417,3.350705235476804,1.0,0.5,0.7800000000000002,0.5222781107306131,12.977225575051664,Co-CoO,683.824,1153.0,29.735,1661.0,8.9,100.0
1.88,2.66,3.872983346207417,3.350705235476804,1.0,0.5,0.7800000000000002,0.5222781107306131,12.977225575051664,Co-CoO,234.671,918.412,27.26,1661.0,7.87,150.0
1.88,2.66,3.872983346207417,3.350705235476804,1.0,0.5,0.7800000000000002,0.5222781107306131,12.977225575051664,Co-CoO,91.665,663.335,24.128,1661.0,5.726,200.0
1.88,2.66,3.872983346207417,3.350705235476804,1.0,0.5,0.7800000000000002,0.5222781107306131,12.977225575051664,Co-CoO,56.0,443.872,21.5,1661.0,4.58,250.0
1.88,2.66,3.872983346207417,3.350705235476804,1.0,0.5,0.7800000000000002,0.5222781107306131,12.977225575051664,Co-CoO,60.146,676.67,56.1102,1661.0,11.45314,4.0
1.88,2.66,3.872983346207417,3.350705235476804,1.0,0.5,0.7800000000000002,0.5222781107306131,12.977225575051664,Co-CoO,180.446,721.784,56.1102,1661.0,11.45314,4.0
1.88,2.66,3.872983346207417,3.350705235476804,1.0,0.5,0.7800000000000002,0.5222781107306131,12.977225575051664,Co-CoO,533.957,1030.184,55.6912,1661.0,11.45314,4.0
1.88,2.66,3.872983346207417,3.350705235476804,1.0,0.5,0.7800000000000002,0.5222781107306131,12.977225575051664,Co-CoO,578.9,1075.184,34.402,1661.0,21.7824,4.0
2.7,,4.105379736093976,0.0,0.375,0.0,,4.105379736093976,0.0,GdCrTiO5,81.11,260.4,101.25,484.8,1.24,2.0
2.7,,4.105379736093976,0.0,0.375,0.0,,4.105379736093976,0.0,GdCrTiO5,79.292,268.92,80.0,484.8,0.56,10.0
2.7,,4.105379736093976,0.0,0.375,0.0,,4.105379736093976,0.0,GdCrTiO5,113.716,234.4,30.0,484.8,0.06,50.0
2.675,2.677142857142857,2.8284271247461903,3.8598359159130586,0.5,0.42857142857142855,0.002142857142857224,1.0314087911668683,10.91726460163805,NiO-CoMn2O4,871.02,577.7,3.295,65.0,0.49,5.0
2.675,2.677142857142857,2.8284271247461903,3.8598359159130586,0.5,0.42857142857142855,0.002142857142857224,1.0314087911668683,10.91726460163805,NiO-CoMn2O4,1480.01,3467.27,1.278,65.0,0.59,5.0
2.675,2.677142857142857,2.8284271247461903,3.8598359159130586,0.5,0.42857142857142855,0.002142857142857224,1.0314087911668683,10.91726460163805,NiO-CoMn2O4,159.24,229.74,2.26,65.0,0.3,5.0
2.675,2.677142857142857,2.8284271247461903,3.8598359159130586,0.5,0.42857142857142855,0.002142857142857224,1.0314087911668683,10.91726460163805,NiO-CoMn2O4,473.62,2215.15,1.72,65.0,0.83,5.0
2.7960000000000003,,3.656648069074256,0.0,0.4,0.0,,3.656648069074256,0.0,Fe2O3,50.0,919.2,65.82,500.0,18.7128,300.0
2.7960000000000003,,3.656648069074256,0.0,0.4,0.0,,3.656648069074256,0.0,Fe2O3,50.0,821.583,66.72,500.0,18.7128,300.0
2.7960000000000003,,3.656648069074256,0.0,0.4,0.0,,3.656648069074256,0.0,Fe2O3,50.0,681.9,51.22,500.0,18.7128,300.0
2.7960000000000003,,3.656648069074256,0.0,0.4,0.0,,3.656648069074256,0.0,Fe2O3,50.0,620.483,54.42,500.0,18.7128,300.0
2.7960000000000003,,3.656648069074256,0.0,0.4,0.0,,3.656648069074256,0.0,Fe2O3,50.0,751.664,58.91,500.0,18.7128,300.0
2.7960000000000003,,3.656648069074256,0.0,0.4,0.0,,3.656648069074256,0.0,Fe2O3,50.0,771.36,45.92,500.0,18.7128,300.0
2.7565625000000002,2.75,3.516495912405434,3.7158067079548327,0.375,0.42857142857142855,0.006562500000000249,0.1993107955493989,13.066619099811861,BaFe12O19-Fe3O4,204.0,1571.0,28.07734,729.6,2.594767,4.0
2.7565625000000002,2.75,3.516495912405434,3.7158067079548327,0.375,0.42857142857142855,0.006562500000000249,0.1993107955493989,13.066619099811861,BaFe12O19-Fe3O4,254.0,974.0,0.2087,729.6,0.1027,4.0
2.75,2.675,3.7158067079548327,2.8284271247461903,0.42857142857142855,0.5,0.07500000000000018,0.8873795832086424,10.509888483093293,Fe3O4-NiO,329.43,95.69,49.5,858.0,6.8544,60.0
2.675,2.75,2.8284271247461903,3.7158067079548327,0.5,0.42857142857142855,0.07500000000000018,0.8873795832086424,10.509888483093293,NiO-Fe3O4,145.18,145.18,33.75,860.0,6.251633,60.0
2.761428571428571,2.66,3.420013513551952,3.350705235476804,0.42857142857142855,0.5,0.10142857142857098,0.06930827807514817,11.459457185259945,NiFe2O4-CoO,135.0,12180.0,48.0,538.0,38.148,5.0
2.761428571428571,2.66,3.420013513551952,3.350705235476804,0.42857142857142855,0.5,0.10142857142857098,0.06930827807514817,11.459457185259945,NiFe2O4-CoO,161.0,12110.0,16.5,538.0,12.592,5.0
2.761428571428571,2.66,3.420013513551952,3.350705235476804,0.42857142857142855,0.5,0.10142857142857098,0.06930827807514817,11.459457185259945,NiFe2O4-CoO,143.0,12040.0,19.0,538.0,14.81,5.0
1.88,2.66,3.872983346207417,3.350705235476804,1.0,0.5,0.7800000000000002,0.5222781107306131,12.977225575051664,Co-CoO,182.0,504.0,16.6078,1388.0,7.6124,5.0
1.88,2.66,3.872983346207417,3.350705235476804,1.0,0.5,0.7800000000000002,0.5222781107306131,12.977225575051664,Co-CoO,126.0,446.0,16.6078,1388.0,7.6124,5.0
1.88,2.66,3.872983346207417,3.350705235476804,1.0,0.5,0.7800000000000002,0.5222781107306131,12.977225575051664,Co-CoO,374.0,318.0,16.6078,1388.0,7.6124,5.0
1.88,2.66,3.872983346207417,3.350705235476804,1.0,0.5,0.7800000000000002,0.5222781107306131,12.977225575051664,Co-CoO,685.0,357.0,16.6078,1388.0,7.6124,5.0
1.88,2.66,3.872983346207417,3.350705235476804,1.0,0.5,0.7800000000000002,0.5222781107306131,12.977225575051664,Co-CoO,182.0,504.0,16.6078,1388.0,7.6124,5.0
1.88,2.66,3.872983346207417,3.350705235476804,1.0,0.5,0.7800000000000002,0.5222781107306131,12.977225575051664,Co-CoO,94.0,332.0,16.6078,1388.0,7.6124,5.0
1.88,2.66,3.872983346207417,3.350705235476804,1.0,0.5,0.7800000000000002,0.5222781107306131,12.977225575051664,Co-CoO,314.0,218.0,16.6078,1388.0,7.6124,5.0
1.88,2.66,3.872983346207417,3.350705235476804,1.0,0.5,0.7800000000000002,0.5222781107306131,12.977225575051664,Co-CoO,685.0,354.0,16.6078,1388.0,7.6124,5.0
2.708571428571428,,4.1490140436775995,0.0,0.42857142857142855,0.0,,4.1490140436775995,0.0,CoCr2O4,1304.348,9130.43,6.2,93.0,2.3944,2.0
2.708571428571428,,4.1490140436775995,0.0,0.42857142857142855,0.0,,4.1490140436775995,0.0,CoCr2O4,1195.65,8478.26,6.2,93.0,2.11,2.0
2.708571428571428,,4.1490140436775995,0.0,0.42857142857142855,0.0,,4.1490140436775995,0.0,CoCr2O4,763.0,10000.0,5.79,93.0,2.2456,2.0
2.708571428571428,,4.1490140436775995,0.0,0.42857142857142855,0.0,,4.1490140436775995,0.0,CoCr2O4,506.0,9812.5,5.75,93.0,2.175,8.0
2.708571428571428,,4.1490140436775995,0.0,0.42857142857142855,0.0,,4.1490140436775995,0.0,CoCr2O4,379.0,9687.5,5.75,93.0,2.175,10.0
2.708571428571428,,4.1490140436775995,0.0,0.42857142857142855,0.0,,4.1490140436775995,0.0,CoCr2O4,340.5,8189.5,6.0,93.0,2.133,15.0
2.708571428571428,,4.1490140436775995,0.0,0.42857142857142855,0.0,,4.1490140436775995,0.0,CoCr2O4,178.869,7920.689,5.979,93.0,2.1,20.0
2.708571428571428,,4.1490140436775995,0.0,0.42857142857142855,0.0,,4.1490140436775995,0.0,CoCr2O4,124.743,7508.612,6.2,93.0,2.0,25.0
2.708571428571428,,4.1490140436775995,0.0,0.42857142857142855,0.0,,4.1490140436775995,0.0,CoCr2O4,179.2,7705.647,5.9,93.0,1.967,30.0
2.708571428571428,,4.1490140436775995,0.0,0.42857142857142855,0.0,,4.1490140436775995,0.0,CoCr2O4,18.0,6289.985,6.151,93.0,2.3,40.0
2.708571428571428,,4.1490140436775995,0.0,0.42857142857142855,0.0,,4.1490140436775995,0.0,CoCr2O4,108.706,3512.753,7.6,93.0,2.994,60.0
2.708571428571428,,4.1490140436775995,0.0,0.42857142857142855,0.0,,4.1490140436775995,0.0,CoCr2O4,35.3685,1397.769,8.0,93.0,3.0,80.0
1.87,,3.863703305156273,0.0,1.0,0.0,,3.863703305156273,0.0,FeNi,14.0,141.0,96.0,823.0,8.4,50.0
1.55,2.63,5.916079783099616,4.151706835469087,1.0,0.42857142857142855,1.0799999999999998,1.7643729476305294,24.561828874675147,Mn-Mn3O4,1217.0,1484.0,3.367,797.0,0.123,5.0
2.75,2.495,3.7158067079548327,4.372253453922903,0.42857142857142855,0.5,0.2549999999999999,0.6564467459680707,16.24644871296541,Fe3O4-MnO,909.0,8649.5,5.625,858.0,1.5625,5.0
2.75,2.495,3.7158067079548327,4.372253453922903,0.42857142857142855,0.5,0.2549999999999999,0.6564467459680707,16.24644871296541,Fe3O4-MnO,727.0,6995.0,5.625,858.0,1.5625,5.0
2.757142857142857,2.675,3.5692358309035557,2.8284271247461903,0.42857142857142855,0.5,0.0821428571428573,0.7408087061573654,10.095323438743623,CoFe2O4-NiO,104.0,4263.0,17.7,658.0,11.0,5.0
2.757142857142857,2.675,3.5692358309035557,2.8284271247461903,0.42857142857142855,0.5,0.0821428571428573,0.7408087061573654,10.095323438743623,CoFe2O4-NiO,183.0,6315.0,30.0,658.0,22.4,5.0
2.757142857142857,2.675,3.5692358309035557,2.8284271247461903,0.42857142857142855,0.5,0.0821428571428573,0.7408087061573654,10.095323438743623,CoFe2O4-NiO,612.0,12334.0,34.5,658.0,22.5,5.0
2.757142857142857,2.675,3.5692358309035557,2.8284271247461903,0.42857142857142855,0.5,0.0821428571428573,0.7408087061573654,10.095323438743623,CoFe2O4-NiO,758.0,12653.0,47.2,658.0,32.7,5.0
2.757142857142857,2.675,3.5692358309035557,2.8284271247461903,0.42857142857142855,0.5,0.0821428571428573,0.7408087061573654,10.095323438743623,CoFe2O4-NiO,584.0,7820.0,41.0,658.0,33.5,5.0
2.75,2.375,3.7158067079548327,1.4142135623730951,0.42857142857142855,0.0,0.375,2.3015931455817373,5.254944241546647,Fe3O4-MgO,50.0,5491.0,38.4,858.0,12.549,5.0
2.75,2.375,3.7158067079548327,1.4142135623730951,0.42857142857142855,0.0,0.375,2.3015931455817373,5.254944241546647,Fe3O4-MgO,101.55,5033.95,30.17,858.0,15.932,25.0
2.75,2.375,3.7158067079548327,1.4142135623730951,0.42857142857142855,0.0,0.375,2.3015931455817373,5.254944241546647,Fe3O4-MgO,127.295,3534.0,30.5,858.0,14.9,50.0
2.75,2.375,3.7158067079548327,1.4142135623730951,0.42857142857142855,0.0,0.375,2.3015931455817373,5.254944241546647,Fe3O4-MgO,101.65,2746.15,30.5,858.0,13.9,75.0
2.75,2.375,3.7158067079548327,1.4142135623730951,0.42857142857142855,0.0,0.375,2.3015931455817373,5.254944241546647,Fe3O4-MgO,76.25,2161.55,30.0,858.0,12.288,100.0
2.75,2.375,3.7158067079548327,1.4142135623730951,0.42857142857142855,0.0,0.375,2.3015931455817373,5.254944241546647,Fe3O4-MgO,101.0,1525.8,30.25,858.0,11.61,125.0
2.75,2.375,3.7158067079548327,1.4142135623730951,0.42857142857142855,0.0,0.375,2.3015931455817373,5.254944241546647,Fe3O4-MgO,76.9,941.295,30.339,858.0,10.763,150.0
2.75,2.375,3.7158067079548327,1.4142135623730951,0.42857142857142855,0.0,0.375,2.3015931455817373,5.254944241546647,Fe3O4-MgO,50.845,457.615,29.32,858.0,9.326,200.0
2.75,2.375,3.7158067079548327,1.4142135623730951,0.42857142857142855,0.0,0.375,2.3015931455817373,5.254944241546647,Fe3O4-MgO,25.559,951.139,27.967,858.0,6.5,250.0
2.75,2.375,3.7158067079548327,1.4142135623730951,0.42857142857142855,0.0,0.375,2.3015931455817373,5.254944241546647,Fe3O4-MgO,0.199,597.2501,26.187,858.0,6.0,300.0
2.75,2.757142857142857,3.7158067079548327,3.5692358309035557,0.42857142857142855,0.42857142857142855,0.0071428571428571175,0.14657087705127703,13.262590442744173,Fe3O4-CoFe2O4,918.639,5255.674,30.85,800.0,20.17,25.0
2.75,2.757142857142857,3.7158067079548327,3.5692358309035557,0.42857142857142855,0.42857142857142855,0.0071428571428571175,0.14657087705127703,13.262590442744173,Fe3O4-CoFe2O4,407.967,3724.686,31.538,800.0,16.4,50.0
2.75,2.757142857142857,3.7158067079548327,3.5692358309035557,0.42857142857142855,0.42857142857142855,0.0071428571428571175,0.14657087705127703,13.262590442744173,Fe3O4-CoFe2O4,178.571,2882.653,30.427,800.0,15.213,75.0
2.75,2.757142857142857,3.7158067079548327,3.5692358309035557,0.42857142857142855,0.42857142857142855,0.0071428571428571175,0.14657087705127703,13.262590442744173,Fe3O4-CoFe2O4,25.2,2168.6,30.34,800.0,13.675,100.0
2.75,2.757142857142857,3.7158067079548327,3.5692358309035557,0.42857142857142855,0.42857142857142855,0.0071428571428571175,0.14657087705127703,13.262590442744173,Fe3O4-CoFe2O4,76.55,1505.05,30.3,800.0,12.393,125.0
2.75,2.757142857142857,3.7158067079548327,3.5692358309035557,0.42857142857142855,0.42857142857142855,0.0071428571428571175,0.14657087705127703,13.262590442744173,Fe3O4-CoFe2O4,25.46,944.54,30.17,800.0,11.368,150.0
2.75,2.757142857142857,3.7158067079548327,3.5692358309035557,0.42857142857142855,0.42857142857142855,0.0071428571428571175,0.14657087705127703,13.262590442744173,Fe3O4-CoFe2O4,76.5,433.5,29.144,800.0,7.752,200.0
2.75,2.757142857142857,3.7158067079548327,3.5692358309035557,0.42857142857142855,0.42857142857142855,0.0071428571428571175,0.14657087705127703,13.262590442744173,Fe3O4-CoFe2O4,25.559,951.139,27.606,800.0,9.061,250.0
2.7960000000000003,,3.656648069074256,0.0,0.4,0.0,,3.656648069074256,0.0,Fe2O3,1253.696,11898.92,63.0136,1003.0,26.621,5.0
1.88,2.7960000000000003,3.872983346207417,3.656648069074256,1.0,0.4,0.9160000000000004,0.2163352771331608,14.162137074466102,Co-Fe2O3,1478.24,8798.29,55.3693,986.5,26.621,5.0
1.88,2.7960000000000003,3.872983346207417,3.656648069074256,1.0,0.4,0.9160000000000004,0.2163352771331608,14.162137074466102,Co-Fe2O3,223.87,1634.436,50.1338,986.5,25.577,5.0
1.88,2.7960000000000003,3.872983346207417,3.656648069074256,1.0,0.4,0.9160000000000004,0.2163352771331608,14.162137074466102,Co-Fe2O3,13.282,873.4,28.9442,986.5,22.55,5.0
2.75,2.757142857142857,3.7158067079548327,3.5692358309035557,0.42857142857142855,0.42857142857142855,0.0071428571428571175,0.14657087705127703,13.262590442744173,Fe3O4-CoFe2O4,90.0,26100.0,67.0,800.0,35.1206,5.0
2.75,2.757142857142857,3.7158067079548327,3.5692358309035557,0.42857142857142855,0.42857142857142855,0.0071428571428571175,0.14657087705127703,13.262590442744173,Fe3O4-CoFe2O4,50.0,21700.0,63.0,800.0,44.862,5.0
2.757142857142857,,3.5692358309035557,0.0,0.42857142857142855,0.0,,3.5692358309035557,0.0,CoFe2O4,833.0,13200.0,98.5,793.0,46.295,5.0
2.757142857142857,2.761428571428571,3.5692358309035557,3.420013513551952,0.42857142857142855,0.42857142857142855,0.004285714285714004,0.14922231735160363,12.20683477474399,CoFe2O4-NiFe2O4,961.2,8310.0,83.3,825.0,50.8,5.0
2.761428571428571,,3.420013513551952,0.0,0.42857142857142855,0.0,,3.420013513551952,0.0,NiFe2O4,280.8268,251.0,75.3,594.0,15.813,5.0
2.761428571428571,2.757142857142857,3.420013513551952,3.5692358309035557,0.42857142857142855,0.42857142857142855,0.004285714285714004,0.14922231735160363,12.20683477474399,NiFe2O4-CoFe2O4,830.0,3010.0,86.3,825.0,38.835,5.0
2.565,2.7960000000000003,4.117978379539588,3.656648069074256,0.5,0.4,0.23100000000000032,0.4613303104653319,15.05799769003297,MnFe2O4-Fe2O3,1020.0,3230.0,6.7,573.0,2.18,5.0
2.565,2.7960000000000003,4.117978379539588,3.656648069074256,0.5,0.4,0.23100000000000032,0.4613303104653319,15.05799769003297,MnFe2O4-Fe2O3,1030.0,3100.0,7.2,573.0,2.045,5.0
2.565,2.7960000000000003,4.117978379539588,3.656648069074256,0.5,0.4,0.23100000000000032,0.4613303104653319,15.05799769003297,MnFe2O4-Fe2O3,1110.0,3370.0,7.5,573.0,2.45,5.0
2.565,2.7960000000000003,4.117978379539588,3.656648069074256,0.5,0.4,0.23100000000000032,0.4613303104653319,15.05799769003297,MnFe2O4-Fe2O3,1110.0,3100.0,8.3,573.0,3.06,5.0
2.75,,3.7158067079548327,0.0,0.42857142857142855,0.0,,3.7158067079548327,0.0,Fe3O4,769.0,400.0,80.88,858.0,19.35,5.0
2.0357142857142856,2.75,4.3073930967605945,3.7158067079548327,0.7142857142857143,0.42857142857142855,0.7142857142857144,0.5915863888057618,16.00544016274136,Fe5C2-Fe3O4,280.0,1700.0,109.0,858.0,100.0,5.0
2.0357142857142856,,4.3073930967605945,0.0,0.7142857142857143,0.0,,4.3073930967605945,0.0,Fe5C2,147.0,1400.0,122.8,520.0,100.0,5.0
1.89,,3.3460652149512318,0.0,1.0,0.0,,3.3460652149512318,0.0,FeNi3,1115.58,414.0,94.0,970.0,16.26101,5.0
1.89,2.16,3.3460652149512318,6.928203230275509,1.0,1.0,0.27000000000000024,3.582138015324277,23.182219830937637,FeNi3-Mo,188.886,174.0,57.0,630.0,0.834612,5.0
2.055,,4.251931872810054,0.0,0.6875,0.0,,4.251931872810054,0.0,Fe2.2C,300.678,742.0,183.0,723.0,6.864365,5.0
2.055,2.16,4.251931872810054,6.928203230275509,0.6875,1.0,0.10499999999999998,2.6762713574654544,29.458248136114012,Fe2.2C-Mo,110.78,423.0,162.0,240.0,0.2267,300.0
2.055,,4.251931872810054,0.0,0.6875,0.0,,4.251931872810054,0.0,Fe2.2C,305.046,605.0,108.0,723.0,6.864365,5.0
2.055,2.16,4.251931872810054,6.928203230275509,0.6875,1.0,0.10499999999999998,2.6762713574654544,29.458248136114012,Fe2.2C-Mo,101.809,247.0,97.0,240.0,0.2203,300.0
1.88,2.66,3.872983346207417,3.350705235476804,1.0,0.5,0.7800000000000002,0.5222781107306131,12.977225575051664,Co-CoO,803.95,6483.63,116.78,1388.0,86.0,50.0
1.88,2.66,3.872983346207417,3.350705235476804,1.0,0.5,0.7800000000000002,0.5222781107306131,12.977225575051664,Co-CoO,211.8065,5296.52,109.0,1388.0,77.67,100.0
1.88,2.66,3.872983346207417,3.350705235476804,1.0,0.5,0.7800000000000002,0.5222781107306131,12.977225575051664,Co-CoO,126.63,4068.0,110.79,1388.0,69.88,150.0
1.88,2.66,3.872983346207417,3.350705235476804,1.0,0.5,0.7800000000000002,0.5222781107306131,12.977225575051664,Co-CoO,128.528,3262.816,112.49,1388.0,66.47,200.0
1.88,2.66,3.872983346207417,3.350705235476804,1.0,0.5,0.7800000000000002,0.5222781107306131,12.977225575051664,Co-CoO,43.5,1991.5,118.45,1388.0,66.96,300.0
2.66,1.88,3.350705235476804,3.872983346207417,0.5,1.0,0.7800000000000002,0.5222781107306131,12.977225575051664,CoO-Co,50.685,395.247,63.415,1388.0,52.2,5.0
1.88,2.66,3.872983346207417,3.350705235476804,1.0,0.5,0.7800000000000002,0.5222781107306131,12.977225575051664,Co-CoO,253.3855,1111.386,21.14,1388.0,29.26,5.0
2.66,1.88,3.350705235476804,3.872983346207417,0.5,1.0,0.7800000000000002,0.5222781107306131,12.977225575051664,CoO-Co,141.772,952.618,16.9,1388.0,6.725,5.0
1.88,2.66,3.872983346207417,3.350705235476804,1.0,0.5,0.7800000000000002,0.5222781107306131,12.977225575051664,Co-CoO,175.635,1155.295,15.938,1388.0,5.427,5.0
2.66,1.88,3.350705235476804,3.872983346207417,0.5,1.0,0.7800000000000002,0.5222781107306131,12.977225575051664,CoO-Co,148.635,952.612,15.0,1388.0,4.614,5.0
1.88,2.66,3.872983346207417,3.350705235476804,1.0,0.5,0.7800000000000002,0.5222781107306131,12.977225575051664,Co-CoO,162.1195,986.3925,14.96,1388.0,4.39,5.0
2.75,2.66,3.7158067079548327,3.350705235476804,0.42857142857142855,0.5,0.08999999999999986,0.3651014724780288,12.450572990364085,Fe3O4-CoO,1369.513,1956.331,0.5626,858.0,0.05492,100.0
2.75,2.66,3.7158067079548327,3.350705235476804,0.42857142857142855,0.5,0.08999999999999986,0.3651014724780288,12.450572990364085,Fe3O4-CoO,57.07,499.93,9.1118,858.0,16.70509,200.0
2.6500000000000004,,3.0232623334747606,0.0,0.2,0.0,,3.0232623334747606,0.0,LaFeO3,1375.0,9025.0,0.7025,730.0,0.057,300.0
2.6500000000000004,,3.0232623334747606,0.0,0.2,0.0,,3.0232623334747606,0.0,LaFeO3,1125.0,8025.0,0.6749,730.0,0.051,300.0
2.6500000000000004,,3.0232623334747606,0.0,0.2,0.0,,3.0232623334747606,0.0,LaFeO3,1125.0,7875.0,0.6749,730.0,0.049,300.0
2.6500000000000004,,3.0232623334747606,0.0,0.2,0.0,,3.0232623334747606,0.0,LaFeO3,1175.0,7725.0,0.704,730.0,0.049,300.0
2.6500000000000004,,3.0232623334747606,0.0,0.2,0.0,,3.0232623334747606,0.0,LaFeO3,1000.0,7550.0,0.6749,730.0,0.047,300.0
2.6500000000000004,,3.0232623334747606,0.0,0.2,0.0,,3.0232623334747606,0.0,LaFeO3,1050.0,7300.0,0.708,730.0,0.0485,300.0
2.6500000000000004,,3.0232623334747606,0.0,0.2,0.0,,3.0232623334747606,0.0,LaFeO3,393.25,9215.75,0.71,730.0,0.0489,300.0
2.6500000000000004,,3.0232623334747606,0.0,0.2,0.0,,3.0232623334747606,0.0,LaFeO3,213.0,849.26,0.45,730.0,0.016,300.0
2.6500000000000004,,3.0232623334747606,0.0,0.2,0.0,,3.0232623334747606,0.0,LaFeO3,518.0,2754.78,0.55,730.0,0.028,300.0
3.263333333333333,1.83,2.787693700234703,4.898979485566356,0.3333333333333333,1.0,1.4333333333333331,2.1112857853316527,13.656854249492376,FeF2-Fe,1580.0,10778.3,40.991,1043.0,48.9436,10.0
3.263333333333333,1.83,2.787693700234703,4.898979485566356,0.3333333333333333,1.0,1.4333333333333331,2.1112857853316527,13.656854249492376,FeF2-Fe,990.0,10707.57,18.1216,1043.0,16.9119,10.0
2.035,,3.872983346207417,0.0,0.5,0.0,,3.872983346207417,0.0,CoP,153.48,1025.62,33.7,1659.0,24.565,300.0
2.035,,3.872983346207417,0.0,0.5,0.0,,3.872983346207417,0.0,CoP,75.873,1358.528,36.4,1659.0,20.869,300.0
2.035,,3.872983346207417,0.0,0.5,0.0,,3.872983346207417,0.0,CoP,76.89,9355.89,43.6,1659.0,25.0,300.0
2.035,,3.872983346207417,0.0,0.5,0.0,,3.872983346207417,0.0,CoP,487.043,14021.06,46.8,1659.0,26.0,300.0
2.75,2.675,3.7158067079548327,2.8284271247461903,0.42857142857142855,0.5,0.07500000000000018,0.8873795832086424,10.509888483093293,Fe3O4-NiO,1662.94,1875.236,7.45,858.0,0.767,5.0
2.75,2.675,3.7158067079548327,2.8284271247461903,0.42857142857142855,0.5,0.07500000000000018,0.8873795832086424,10.509888483093293,Fe3O4-NiO,1220.4,1398.6,12.4328,858.0,0.6705,5.0
2.75,2.675,3.7158067079548327,2.8284271247461903,0.42857142857142855,0.5,0.07500000000000018,0.8873795832086424,10.509888483093293,Fe3O4-NiO,1116.53,1260.329,26.7835,858.0,0.9171,5.0
2.75,2.675,3.7158067079548327,2.8284271247461903,0.42857142857142855,0.5,0.07500000000000018,0.8873795832086424,10.509888483093293,Fe3O4-NiO,1029.63,1229.76,26.7835,858.0,0.9171,5.0
2.75,2.675,3.7158067079548327,2.8284271247461903,0.42857142857142855,0.5,0.07500000000000018,0.8873795832086424,10.509888483093293,Fe3O4-NiO,1002.68,1229.76,12.4328,858.0,0.5855,5.0
2.75,2.675,3.7158067079548327,2.8284271247461903,0.42857142857142855,0.5,0.07500000000000018,0.8873795832086424,10.509888483093293,Fe3O4-NiO,960.57,1147.63,26.7835,858.0,0.9171,5.0
2.75,2.675,3.7158067079548327,2.8284271247461903,0.42857142857142855,0.5,0.07500000000000018,0.8873795832086424,10.509888483093293,Fe3O4-NiO,949.12,1055.43,7.25,858.0,0.5625,5.0
2.6500000000000004,2.675,3.0232623334747606,2.8284271247461903,0.2,0.5,0.024999999999999467,0.1948352087285703,8.551077189223475,LaFeO3-NiO,730.0,1061.348,2.2,795.4,0.1335,50.0
2.6500000000000004,2.675,3.0232623334747606,2.8284271247461903,0.2,0.5,0.024999999999999467,0.1948352087285703,8.551077189223475,LaFeO3-NiO,75.0,312.8775,0.838,603.0,0.0695,300.0
2.6500000000000004,,3.0232623334747606,0.0,0.2,0.0,,3.0232623334747606,0.0,LaFeO3,820.0,12552.52,4.908694,730.0,0.2532,5.0
2.675,,2.8284271247461903,0.0,0.5,0.0,,2.8284271247461903,0.0,NiO,900.0,2504.324,2.993417,35.0,0.517605,5.0
2.6500000000000004,2.675,3.0232623334747606,2.8284271247461903,0.2,0.5,0.024999999999999467,0.1948352087285703,8.551077189223475,LaFeO3-NiO,656.76,1082.76,1.5145,795.4,0.1445,5.0
2.6500000000000004,2.675,3.0232623334747606,2.8284271247461903,0.2,0.5,0.024999999999999467,0.1948352087285703,8.551077189223475,LaFeO3-NiO,842.644,1144.92,1.625,795.4,0.1555,5.0
2.6500000000000004,2.675,3.0232623334747606,2.8284271247461903,0.2,0.5,0.024999999999999467,0.1948352087285703,8.551077189223475,LaFeO3-NiO,1030.0,1260.0,1.65,795.4,0.155,5.0
2.6500000000000004,2.675,3.0232623334747606,2.8284271247461903,0.2,0.5,0.024999999999999467,0.1948352087285703,8.551077189223475,LaFeO3-NiO,1144.5,1322.5,1.657,795.4,0.166,5.0
2.6500000000000004,2.675,3.0232623334747606,2.8284271247461903,0.2,0.5,0.024999999999999467,0.1948352087285703,8.551077189223475,LaFeO3-NiO,1452.6,1452.6,1.6765,740.8,0.1655,5.0
2.6500000000000004,,3.0232623334747606,0.0,0.2,0.0,,3.0232623334747606,0.0,LaFeO3,1195.65,565.2175,0.93904,730.0,0.0065,5.0
2.6500000000000004,,3.0232623334747606,0.0,0.2,0.0,,3.0232623334747606,0.0,LaFeO3,222.0,463.95,0.93904,730.0,0.005,5.0
2.6500000000000004,,3.0232623334747606,0.0,0.2,0.0,,3.0232623334747606,0.0,LaFeO3,190.9155,59144.0,36.4564,730.0,0.5,5.0
2.6500000000000004,,3.0232623334747606,0.0,0.2,0.0,,3.0232623334747606,0.0,LaFeO3,1542.18,594.66,0.812234,730.0,0.009,5.0
2.6500000000000004,,3.0232623334747606,0.0,0.2,0.0,,3.0232623334747606,0.0,LaFeO3,329.977,1074.95,0.966136,730.0,0.0185,300.0
2.834,2.757142857142857,3.4514488412024686,3.5692358309035557,0.2,0.42857142857142855,0.07685714285714296,0.11778698970108703,12.319034872550407,BiFeO3-CoFe2O4,97.0,10690.0,0.319,810.0,1.388,60.0
2.834,2.757142857142857,3.4514488412024686,3.5692358309035557,0.2,0.42857142857142855,0.07685714285714296,0.11778698970108703,12.319034872550407,BiFeO3-CoFe2O4,287.0,21897.0,0.379,830.0,2.793,60.0
2.7960000000000003,2.75,3.656648069074256,3.7158067079548327,0.4,0.42857142857142855,0.04600000000000026,0.059158638880576486,13.587397423696208,Fe2O3-Fe3O4,105.0,479.0,86.0,820.0,43.0,10.0
2.7960000000000003,2.75,3.656648069074256,3.7158067079548327,0.4,0.42857142857142855,0.04600000000000026,0.059158638880576486,13.587397423696208,Fe2O3-Fe3O4,50.0,210.0,55.0,770.0,10.56026,10.0
2.6174999999999997,,3.5792770718341913,0.0,0.25,0.0,,3.5792770718341913,0.0,AgCrO2,690.0,246.23,0.33275,150.0,0.013,300.0
1.83,2.75,4.898979485566356,3.7158067079548327,1.0,0.42857142857142855,0.9199999999999999,1.183172777611523,18.20366083460058,Fe-Fe3O4,2.5,70.0,177.0,950.0,46.0,5.0
1.83,2.75,4.898979485566356,3.7158067079548327,1.0,0.42857142857142855,0.9199999999999999,1.183172777611523,18.20366083460058,Fe-Fe3O4,2.0,65.0,177.0,950.0,46.0,100.0
1.83,2.75,4.898979485566356,3.7158067079548327,1.0,0.42857142857142855,0.9199999999999999,1.183172777611523,18.20366083460058,Fe-Fe3O4,3.0,20.0,177.0,950.0,46.0,200.0
1.83,2.75,4.898979485566356,3.7158067079548327,1.0,0.42857142857142855,0.9199999999999999,1.183172777611523,18.20366083460058,Fe-Fe3O4,0.2,66.5,172.0,950.0,62.0,5.0
1.83,2.75,4.898979485566356,3.7158067079548327,1.0,0.42857142857142855,0.9199999999999999,1.183172777611523,18.20366083460058,Fe-Fe3O4,0.6,62.5,172.0,950.0,62.0,100.0
1.83,2.75,4.898979485566356,3.7158067079548327,1.0,0.42857142857142855,0.9199999999999999,1.183172777611523,18.20366083460058,Fe-Fe3O4,0.5,23.25,172.0,950.0,62.0,200.0
2.7757142857142854,2.4099999999999997,3.126871759449398,3.1766125318999325,0.42857142857142855,0.6666666666666666,0.36571428571428566,0.04974077245053454,9.932860016710949,NiCo2O4-(CoNi)O,0.313,3.085,1.8,673.0,5.45,2.0
2.7757142857142854,2.4099999999999997,3.126871759449398,3.1766125318999325,0.42857142857142855,0.6666666666666666,0.36571428571428566,0.04974077245053454,9.932860016710949,NiCo2O4-(CoNi)O,509.8706,1735.404,4.2,673.0,9.7612,10.0
2.7757142857142854,2.4099999999999997,3.126871759449398,3.1766125318999325,0.42857142857142855,0.6666666666666666,0.36571428571428566,0.04974077245053454,9.932860016710949,NiCo2O4-(CoNi)O,0.04,0.935,6.0,673.0,2.75,20.0
2.7757142857142854,2.4099999999999997,3.126871759449398,3.1766125318999325,0.42857142857142855,0.6666666666666666,0.36571428571428566,0.04974077245053454,9.932860016710949,NiCo2O4-(CoNi)O,509.8706,3483.804,8.4,673.0,9.7612,40.0
2.7757142857142854,2.4099999999999997,3.126871759449398,3.1766125318999325,0.42857142857142855,0.6666666666666666,0.36571428571428566,0.04974077245053454,9.932860016710949,NiCo2O4-(CoNi)O,55.0218,2186.378,9.9,673.0,0.725,75.0
2.7757142857142854,2.4099999999999997,3.126871759449398,3.1766125318999325,0.42857142857142855,0.6666666666666666,0.36571428571428566,0.04974077245053454,9.932860016710949,NiCo2O4-(CoNi)O,73.2266,27.304,13.33,673.0,1.81912,100.0
2.7757142857142854,2.4099999999999997,3.126871759449398,3.1766125318999325,0.42857142857142855,0.6666666666666666,0.36571428571428566,0.04974077245053454,9.932860016710949,NiCo2O4-(CoNi)O,73.2266,27.304,14.9,673.0,0.73359,150.0
2.7757142857142854,2.4099999999999997,3.126871759449398,3.1766125318999325,0.42857142857142855,0.6666666666666666,0.36571428571428566,0.04974077245053454,9.932860016710949,NiCo2O4-(CoNi)O,22.78,16.5,15.0,673.0,0.02235,200.0
2.7757142857142854,2.4099999999999997,3.126871759449398,3.1766125318999325,0.42857142857142855,0.6666666666666666,0.36571428571428566,0.04974077245053454,9.932860016710949,NiCo2O4-(CoNi)O,22.8,15.85,15.2,673.0,0.002,300.0
1.88,2.66,3.872983346207417,3.350705235476804,1.0,0.5,0.7800000000000002,0.5222781107306131,12.977225575051664,Co-CoO,480.0,1850.0,40.81,838.0,14.0289,300.0
1.88,,3.872983346207417,0.0,1.0,0.0,,3.872983346207417,0.0,Co,800.0,1450.0,43.5378,1388.0,4.939788,300.0
1.88,,3.872983346207417,0.0,1.0,0.0,,3.872983346207417,0.0,Co,600.0,1850.0,23.24002,1388.0,1.325,3.0
1.88,2.66,3.872983346207417,3.350705235476804,1.0,0.5,0.7800000000000002,0.5222781107306131,12.977225575051664,Co-CoO,86.96,134.785,0.674,838.0,43.302,5.0
1.88,2.66,3.872983346207417,3.350705235476804,1.0,0.5,0.7800000000000002,0.5222781107306131,12.977225575051664,Co-CoO,43.45,421.7,51.6,838.0,43.302,5.0
1.88,2.66,3.872983346207417,3.350705235476804,1.0,0.5,0.7800000000000002,0.5222781107306131,12.977225575051664,Co-CoO,8.7,339.1,57.6,838.0,43.302,5.0
1.88,2.66,3.872983346207417,3.350705235476804,1.0,0.5,0.7800000000000002,0.5222781107306131,12.977225575051664,Co-CoO,2.2,284.75,78.3,838.0,43.302,5.0
1.88,2.7714285714285714,3.872983346207417,3.2760940768010016,1.0,0.42857142857142855,0.8914285714285715,0.5968892694064154,12.688257800059041,Co-Co3O4,53.53,85.5,3.45,1388.0,34.1509,5.0
1.88,2.7714285714285714,3.872983346207417,3.2760940768010016,1.0,0.42857142857142855,0.8914285714285715,0.5968892694064154,12.688257800059041,Co-Co3O4,40.68,72.65,3.6,1388.0,30.9509,25.0
1.88,2.7714285714285714,3.872983346207417,3.2760940768010016,1.0,0.42857142857142855,0.8914285714285715,0.5968892694064154,12.688257800059041,Co-Co3O4,14.945,56.18,3.8,1388.0,43.302,37.0
1.88,2.7714285714285714,3.872983346207417,3.2760940768010016,1.0,0.42857142857142855,0.8914285714285715,0.5968892694064154,12.688257800059041,Co-Co3O4,2.054,56.7,3.8,1388.0,43.302,50.0
1.88,2.7714285714285714,3.872983346207417,3.2760940768010016,1.0,0.42857142857142855,0.8914285714285715,0.5968892694064154,12.688257800059041,Co-Co3O4,596.235,1835.0,23.6,1388.0,14.2,5.0
1.88,2.66,3.872983346207417,3.350705235476804,1.0,0.5,0.7800000000000002,0.5222781107306131,12.977225575051664,Co-CoO,500.0,1852.0,19.8,838.0,10.84,5.0
1.88,2.66,3.872983346207417,3.350705235476804,1.0,0.5,0.7800000000000002,0.5222781107306131,12.977225575051664,Co-CoO,403.5,1755.5,15.0,838.0,6.9,5.0
1.88,2.66,3.872983346207417,3.350705235476804,1.0,0.5,0.7800000000000002,0.5222781107306131,12.977225575051664,Co-CoO,346.6,1903.36,12.34,838.0,6.9,5.0
1.88,2.7714285714285714,3.872983346207417,3.2760940768010016,1.0,0.42857142857142855,0.8914285714285715,0.5968892694064154,12.688257800059041,Co-Co3O4,629.019,1944.13,24.65,1388.0,14.0,5.0
1.88,2.7714285714285714,3.872983346207417,3.2760940768010016,1.0,0.42857142857142855,0.8914285714285715,0.5968892694064154,12.688257800059041,Co-Co3O4,564.33,1879.33,24.65,1388.0,14.0,25.0
1.88,2.7714285714285714,3.872983346207417,3.2760940768010016,1.0,0.42857142857142855,0.8914285714285715,0.5968892694064154,12.688257800059041,Co-Co3O4,471.825,1786.825,24.6,1388.0,14.0,37.0
1.88,2.7714285714285714,3.872983346207417,3.2760940768010016,1.0,0.42857142857142855,0.8914285714285715,0.5968892694064154,12.688257800059041,Co-Co3O4,534.75,1749.75,23.5,1388.0,11.5,50.0
1.88,2.7714285714285714,3.872983346207417,3.2760940768010016,1.0,0.42857142857142855,0.8914285714285715,0.5968892694064154,12.688257800059041,Co-Co3O4,9.25,1157.25,22.0,1388.0,8.5,200.0
2.6385,2.7800000000000002,3.7918835754011475,3.6206547945333796,0.5,0.411764705882353,0.14150000000000018,0.17122878086776794,13.729101447588539,Co0.14Fe0.86O-Co0.4Fe2.4O4,939.0,1459.27,43.019,789.0,9.35,80.0
2.66,2.565,3.350705235476804,4.117978379539588,0.5,0.5,0.0950000000000002,0.7672731440627842,13.798131715903583,CoO-MnFe2O4,818.008,2340.0,3.8118,573.0,0.57806,5.0
2.66,2.565,3.350705235476804,4.117978379539588,0.5,0.5,0.0950000000000002,0.7672731440627842,13.798131715903583,CoO-MnFe2O4,818.008,475.0,3.8118,573.0,0.57806,20.0
2.675,2.9266666666666663,2.8284271247461903,2.82842712474619,0.5,0.0,0.2516666666666665,4.440892098500626e-16,8.0,NiO-SiO2,299.5,553.7,1.53,85.0,0.45,7.0
1.88,2.66,3.872983346207417,3.350705235476804,1.0,0.5,0.7800000000000002,0.5222781107306131,12.977225575051664,Co-CoO,1532.8,1999.2,32.88,1388.0,25.0,77.0
2.66,2.75,3.350705235476804,3.7158067079548327,0.5,0.42857142857142855,0.08999999999999986,0.3651014724780288,12.450572990364085,CoO-Fe3O4,85.322,22179.81,36.72,858.0,34.74,5.0
2.66,2.59,3.350705235476804,2.6389584337646843,0.5,0.5,0.07000000000000028,0.7117468017121196,8.842371840220993,CoO-Zn0.25Fe2O4,1451.3,15321.4,29.18,860.0,20.32,5.0
2.66,2.59,3.350705235476804,2.6389584337646843,0.5,0.5,0.07000000000000028,0.7117468017121196,8.842371840220993,CoO-Zn0.5Fe2O4,1452.54,11612.5,28.2,860.0,20.32,5.0
2.66,2.2766666666666664,3.350705235476804,1.7593056225097894,0.5,0.6666666666666666,0.38333333333333375,1.5913996129670145,5.8949145601473285,CoO-Zn0.75Fe2O4,1291.54,9355.0,26.88,860.0,16.72,5.0
2.66,2.59,3.350705235476804,2.6389584337646843,0.5,0.5,0.07000000000000028,0.7117468017121196,8.842371840220993,CoO-ZnFe2O4,470.93,7422.33,38.69,860.0,25.89,5.0
1.91,2.675,2.8284271247461903,2.8284271247461903,1.0,0.5,0.7649999999999999,0.0,8.000000000000002,Ni-NiO,250.0,650.0,26.0,720.0,9.2,5.0
1.83,2.635,4.898979485566356,3.863703305156273,1.0,0.5,0.8049999999999997,1.035276180410083,18.928203230275507,Fe-FeO,2.48,88.9,207.4,1043.0,5.96,300.0
1.83,2.635,4.898979485566356,3.863703305156273,1.0,0.5,0.8049999999999997,1.035276180410083,18.928203230275507,Fe-FeO,3.7,134.57,192.6,1043.0,11.15,300.0
1.83,2.635,4.898979485566356,3.863703305156273,1.0,0.5,0.8049999999999997,1.035276180410083,18.928203230275507,Fe-FeO,2.45,219.75,172.22,1043.0,19.62,300.0
1.83,2.635,4.898979485566356,3.863703305156273,1.0,0.5,0.8049999999999997,1.035276180410083,18.928203230275507,Fe-FeO,4.935,325.935,161.1,1043.0,26.534,300.0
1.83,2.635,4.898979485566356,3.863703305156273,1.0,0.5,0.8049999999999997,1.035276180410083,18.928203230275507,Fe-FeO,7.407,325.935,151.85,1043.0,29.0,300.0
1.83,2.635,4.898979485566356,3.863703305156273,1.0,0.5,0.8049999999999997,1.035276180410083,18.928203230275507,Fe-FeO,4.95,261.73,120.4,1043.0,17.11,300.0
2.757142857142857,1.93,3.5692358309035557,1.7320508075688772,0.42857142857142855,0.0,0.8271428571428572,1.8371850233346785,6.182097803320276,CoFe2O4-Ag,800.0,17000.0,37.0,850.0,21.0,4.0
2.757142857142857,1.93,3.5692358309035557,1.7320508075688772,0.42857142857142855,0.0,0.8271428571428572,1.8371850233346785,6.182097803320276,CoFe2O4-Ag,1500.0,17000.0,20.0,850.0,9.1,4.0
2.757142857142857,1.93,3.5692358309035557,1.7320508075688772,0.42857142857142855,0.0,0.8271428571428572,1.8371850233346785,6.182097803320276,CoFe2O4-Ag,1650.0,14000.0,10.0,850.0,2.3,4.0
2.757142857142857,2.675,3.5692358309035557,2.8284271247461903,0.42857142857142855,0.5,0.0821428571428573,0.7408087061573654,10.095323438743623,CoFe2O4-NiO,1.0,442.0,26.0,658.0,10.0,300.0
2.757142857142857,2.675,3.5692358309035557,2.8284271247461903,0.42857142857142855,0.5,0.0821428571428573,0.7408087061573654,10.095323438743623,CoFe2O4-NiO,1.0,476.0,38.0,658.0,16.0,300.0
2.757142857142857,2.675,3.5692358309035557,2.8284271247461903,0.42857142857142855,0.5,0.0821428571428573,0.7408087061573654,10.095323438743623,CoFe2O4-NiO,2.0,543.0,43.0,658.0,8.0,300.0
2.757142857142857,2.675,3.5692358309035557,2.8284271247461903,0.42857142857142855,0.5,0.0821428571428573,0.7408087061573654,10.095323438743623,CoFe2O4-NiO,2.0,363.0,31.0,658.0,4.0,300.0
2.757142857142857,2.675,3.5692358309035557,2.8284271247461903,0.42857142857142855,0.5,0.0821428571428573,0.7408087061573654,10.095323438743623,CoFe2O4-NiO,80.0,4076.0,29.0,658.0,22.0,5.0
2.757142857142857,2.675,3.5692358309035557,2.8284271247461903,0.42857142857142855,0.5,0.0821428571428573,0.7408087061573654,10.095323438743623,CoFe2O4-NiO,177.0,7649.0,41.0,658.0,33.0,5.0
2.757142857142857,2.675,3.5692358309035557,2.8284271247461903,0.42857142857142855,0.5,0.0821428571428573,0.7408087061573654,10.095323438743623,CoFe2O4-NiO,763.0,11890.0,47.0,658.0,32.0,5.0
2.757142857142857,2.675,3.5692358309035557,2.8284271247461903,0.42857142857142855,0.5,0.0821428571428573,0.7408087061573654,10.095323438743623,CoFe2O4-NiO,593.0,11343.0,35.0,658.0,22.0,5.0
2.565,2.7960000000000003,4.117978379539588,3.656648069074256,0.5,0.4,0.23100000000000032,0.4613303104653319,15.05799769003297,MnFe2O4-Fe2O3,1100.0,4810.0,9.1,573.0,2.101,5.0
2.565,2.7960000000000003,4.117978379539588,3.656648069074256,0.5,0.4,0.23100000000000032,0.4613303104653319,15.05799769003297,MnFe2O4-Fe2O3,270.0,4520.0,11.6,573.0,4.35,5.0
2.565,2.7960000000000003,4.117978379539588,3.656648069074256,0.5,0.4,0.23100000000000032,0.4613303104653319,15.05799769003297,MnFe2O4-Fe2O3,181.0,2170.0,13.6,573.0,2.1308,5.0
2.565,2.7960000000000003,4.117978379539588,3.656648069074256,0.5,0.4,0.23100000000000032,0.4613303104653319,15.05799769003297,MnFe2O4-Fe2O3,97.0,1680.0,14.5,573.0,0.83608,5.0
1.88,1.66,3.872983346207417,6.928203230275509,1.0,1.0,0.21999999999999997,3.0552198840680918,26.832815729997474,Co-Cr,1594.35,4112.35,24.2,1388.0,13.54,5.0
1.88,1.66,3.872983346207417,6.928203230275509,1.0,1.0,0.21999999999999997,3.0552198840680918,26.832815729997474,Co-Cr,1150.12,3668.12,21.9,1388.0,11.624,5.0
1.9656,,4.339500691911284,0.0,0.9,0.0,,4.339500691911284,0.0,Zn0.2Ni0.8Gd0.05Fe1.95O4,925.0,2585.0,15.1,535.0,15.6,5.0
1.9656,,4.339500691911284,0.0,0.9,0.0,,4.339500691911284,0.0,Zn0.2Ni0.8Gd0.05Fe1.95O4,154.0,827.0,48.2,535.0,48.2,5.0
1.9656,,4.339500691911284,0.0,0.9,0.0,,4.339500691911284,0.0,Zn0.2Ni0.8Gd0.05Fe1.95O4,878.374,362.0,70.1,535.0,70.88,5.0
1.9656,,4.339500691911284,0.0,0.9,0.0,,4.339500691911284,0.0,Zn0.2Ni0.8Gd0.05Fe1.95O4,878.374,207.0,80.3,535.0,81.14,5.0
1.91,2.6500000000000004,2.8284271247461903,3.0232623334747606,1.0,0.2,0.7400000000000004,0.1948352087285703,8.551077189223475,Ni-LaFeO3,1630.76,874.27,0.648,627.0,0.01,5.0
1.91,2.6500000000000004,2.8284271247461903,3.0232623334747606,1.0,0.2,0.7400000000000004,0.1948352087285703,8.551077189223475,Ni-LaFeO3,1212.995,326.075,0.846,627.0,0.01,5.0
2.5883333333333334,,3.164882502263537,0.0,0.3333333333333333,0.0,,3.164882502263537,0.0,BiFe0.5Sc0.5O3,648.446,2662.31,0.368,830.0,0.0065,50.0
2.5883333333333334,,3.164882502263537,0.0,0.3333333333333333,0.0,,3.164882502263537,0.0,BiFe0.5Sc0.5O3,261.949,2227.481,0.335,830.0,0.006,100.0
2.5883333333333334,,3.164882502263537,0.0,0.3333333333333333,0.0,,3.164882502263537,0.0,BiFe0.5Sc0.5O3,97.394,1590.775,0.321,830.0,0.007,150.0
2.5883333333333334,,3.164882502263537,0.0,0.3333333333333333,0.0,,3.164882502263537,0.0,BiFe0.5Sc0.5O3,24.949,1200.862,0.268,830.0,0.005,175.0
2.5883333333333334,,3.164882502263537,0.0,0.3333333333333333,0.0,,3.164882502263537,0.0,BiFe0.5Sc0.5O3,30.557,1136.268,0.23,830.0,0.004,200.0
2.5883333333333334,,3.164882502263537,0.0,0.3333333333333333,0.0,,3.164882502263537,0.0,BiFe0.5Sc0.5O3,176.0,524.0,0.193,830.0,0.001,250.0
2.75,,3.7158067079548327,0.0,0.42857142857142855,0.0,,3.7158067079548327,0.0,Fe3O4,32.99,252.105,72.42,838.0,17.76,5.0
2.75,,3.7158067079548327,0.0,0.42857142857142855,0.0,,3.7158067079548327,0.0,Fe3O4,16.26,221.92,72.41,838.0,16.79,10.0
2.75,,3.7158067079548327,0.0,0.42857142857142855,0.0,,3.7158067079548327,0.0,Fe3O4,23.38,133.38,72.06,838.0,10.02,50.0
2.75,,3.7158067079548327,0.0,0.42857142857142855,0.0,,3.7158067079548327,0.0,Fe3O4,1.11,80.125,71.56,838.0,5.83,100.0
2.75,,3.7158067079548327,0.0,0.42857142857142855,0.0,,3.7158067079548327,0.0,Fe3O4,3.6,37.24,70.52,838.0,3.26,150.0
2.75,,3.7158067079548327,0.0,0.42857142857142855,0.0,,3.7158067079548327,0.0,Fe3O4,10.663,23.6815,68.77,838.0,1.7,200.0
2.75,,3.7158067079548327,0.0,0.42857142857142855,0.0,,3.7158067079548327,0.0,Fe3O4,0.48,0.6,63.51,838.0,0.061,300.0
1.91,2.9266666666666663,2.8284271247461903,2.82842712474619,1.0,0.0,1.0166666666666664,4.440892098500626e-16,8.0,Ni-SiO2,0.153,51.5,26.353,627.0,1.27,179.4
1.91,2.9266666666666663,2.8284271247461903,2.82842712474619,1.0,0.0,1.0166666666666664,4.440892098500626e-16,8.0,Ni-SiO2,28.751,62.0,0.17,627.0,0.0074,7.4
1.91,2.9266666666666663,2.8284271247461903,2.82842712474619,1.0,0.0,1.0166666666666664,4.440892098500626e-16,8.0,Ni-SiO2,21.156,66.0,0.31,627.0,0.014,7.4
1.91,2.9266666666666663,2.8284271247461903,2.82842712474619,1.0,0.0,1.0166666666666664,4.440892098500626e-16,8.0,Ni-SiO2,8.078,62.5,0.91,627.0,0.039,7.4
1.91,2.675,2.8284271247461903,2.8284271247461903,1.0,0.5,0.7649999999999999,0.0,8.000000000000002,Ni-NiO,131.724,252.0,4.326,720.0,0.624,5.0
1.91,2.675,2.8284271247461903,2.8284271247461903,1.0,0.5,0.7649999999999999,0.0,8.000000000000002,Ni-NiO,258.139,377.0,3.265,720.0,0.6935,150.0
2.75,2.7960000000000003,3.7158067079548327,3.656648069074256,0.42857142857142855,0.4,0.04600000000000026,0.059158638880576486,13.587397423696208,Fe3O4-Fe2O3,312.574,1099.138,26.707,850.0,11.11,5.0
2.75,2.7960000000000003,3.7158067079548327,3.656648069074256,0.42857142857142855,0.4,0.04600000000000026,0.059158638880576486,13.587397423696208,Fe3O4-Fe2O3,327.4137,517.2415,31.138,850.0,5.75,40.0
2.75,2.7960000000000003,3.7158067079548327,3.656648069074256,0.42857142857142855,0.4,0.04600000000000026,0.059158638880576486,13.587397423696208,Fe3O4-Fe2O3,67.9945,988.9945,33.757,850.0,14.473,5.0
2.75,2.7960000000000003,3.7158067079548327,3.656648069074256,0.42857142857142855,0.4,0.04600000000000026,0.059158638880576486,13.587397423696208,Fe3O4-Fe2O3,274.9405,580.39,34.6,850.0,7.875,40.0
2.608,2.684,4.265912877522739,4.06348818808756,0.4,0.4,0.07600000000000007,0.20242468943517888,17.334486589224266,SmMnO3-Mn2O3,45.87,2318.5,21.143,45.0,9.743,20.0
2.608,2.684,4.265912877522739,4.06348818808756,0.4,0.4,0.07600000000000007,0.20242468943517888,17.334486589224266,SmMnO3-Mn2O3,19.952,818.148,10.89,45.0,4.1975,20.0
2.608,2.684,4.265912877522739,4.06348818808756,0.4,0.4,0.07600000000000007,0.20242468943517888,17.334486589224266,SmMnO3-Mn2O3,236.4043,1283.981,6.3092,45.0,2.25,20.0
2.608,2.684,4.265912877522739,4.06348818808756,0.4,0.4,0.07600000000000007,0.20242468943517888,17.334486589224266,SmMnO3-Mn2O3,1249.769,2211.13,9.0,45.0,5.0,20.0
2.608,2.684,4.265912877522739,4.06348818808756,0.4,0.4,0.07600000000000007,0.20242468943517888,17.334486589224266,SmMnO3-Mn2O3,288.374,3557.0,18.83,45.0,7.165,20.0
2.608,2.684,4.265912877522739,4.06348818808756,0.4,0.4,0.07600000000000007,0.20242468943517888,17.334486589224266,SmMnO3-Mn2O3,79.5885,838.2735,6.328,45.0,1.9105,20.0
2.608,2.684,4.265912877522739,4.06348818808756,0.4,0.4,0.07600000000000007,0.20242468943517888,17.334486589224266,SmMnO3-Mn2O3,256.1785,878.3785,5.791,45.0,2.0595,20.0
2.608,2.684,4.265912877522739,4.06348818808756,0.4,0.4,0.07600000000000007,0.20242468943517888,17.334486589224266,SmMnO3-Mn2O3,269.9945,891.9945,5.432,45.0,2.0895,20.0
2.608,2.684,4.265912877522739,4.06348818808756,0.4,0.4,0.07600000000000007,0.20242468943517888,17.334486589224266,SmMnO3-Mn2O3,270.0,892.0,5.432,45.0,2.18,20.0
2.608,2.684,4.265912877522739,4.06348818808756,0.4,0.4,0.07600000000000007,0.20242468943517888,17.334486589224266,SmMnO3-Mn2O3,225.8,2838.8,9.26,45.0,4.265,10.0
2.608,2.684,4.265912877522739,4.06348818808756,0.4,0.4,0.07600000000000007,0.20242468943517888,17.334486589224266,SmMnO3-Mn2O3,322.565,2935.565,8.85,45.0,4.2655,10.0
2.608,2.684,4.265912877522739,4.06348818808756,0.4,0.4,0.07600000000000007,0.20242468943517888,17.334486589224266,SmMnO3-Mn2O3,322.385,2935.385,8.686,45.0,4.307,10.0
2.608,2.684,4.265912877522739,4.06348818808756,0.4,0.4,0.07600000000000007,0.20242468943517888,17.334486589224266,SmMnO3-Mn2O3,306.26,2919.26,8.563,45.0,4.3285,10.0
2.608,2.684,4.265912877522739,4.06348818808756,0.4,0.4,0.07600000000000007,0.20242468943517888,17.334486589224266,SmMnO3-Mn2O3,532.063,2919.3,8.359,45.0,4.349,10.0
2.608,2.684,4.265912877522739,4.06348818808756,0.4,0.4,0.07600000000000007,0.20242468943517888,17.334486589224266,SmMnO3-Mn2O3,1372.5,1372.5,10.5378,45.0,3.2605,30.0
2.608,2.684,4.265912877522739,4.06348818808756,0.4,0.4,0.07600000000000007,0.20242468943517888,17.334486589224266,SmMnO3-Mn2O3,556.519,2190.471,10.298,45.0,4.963,30.0
2.608,2.684,4.265912877522739,4.06348818808756,0.4,0.4,0.07600000000000007,0.20242468943517888,17.334486589224266,SmMnO3-Mn2O3,589.1305,2353.799,11.312,45.0,5.217,30.0
2.608,2.684,4.265912877522739,4.06348818808756,0.4,0.4,0.07600000000000007,0.20242468943517888,17.334486589224266,SmMnO3-Mn2O3,328.675,2550.85,15.077,45.0,5.399,30.0
2.608,2.684,4.265912877522739,4.06348818808756,0.4,0.4,0.07600000000000007,0.20242468943517888,17.334486589224266,SmMnO3-Mn2O3,66.858,900.1575,13.72,45.0,4.124,40.0
2.608,2.684,4.265912877522739,4.06348818808756,0.4,0.4,0.07600000000000007,0.20242468943517888,17.334486589224266,SmMnO3-Mn2O3,175.433,1008.733,13.72,45.0,4.3375,40.0
2.1466666666666665,,3.7946848931289345,0.0,0.7333333333333334,0.0,,3.7946848931289345,0.0,NiEr0.06Fe0.14O4,117.0,886.0,44.2,498.0,8.694605,5.0
2.305,,3.242537596910223,0.0,0.6,0.0,,3.242537596910223,0.0,NiEr0.12Fe0.08O4,167.0,1218.0,43.8,498.0,8.694605,5.0
1.9106666666666667,,2.966463948800868,0.0,0.7333333333333333,0.0,,2.966463948800868,0.0,NiEr0.18Fe0.02O4,172.0,1377.0,41.2,498.0,8.694605,5.0
2.675,2.761428571428571,2.8284271247461903,3.420013513551952,0.5,0.42857142857142855,0.0864285714285713,0.5915863888057618,9.673258988728863,NiO-NiFe2O4,1387.54,1832.68,2.9,850.0,1.675,2.0
2.675,2.761428571428571,2.8284271247461903,3.420013513551952,0.5,0.42857142857142855,0.0864285714285713,0.5915863888057618,9.673258988728863,NiO-NiFe2O4,13.028,1294.872,8.3,850.0,1.667,2.0
2.675,2.761428571428571,2.8284271247461903,3.420013513551952,0.5,0.42857142857142855,0.0864285714285713,0.5915863888057618,9.673258988728863,NiO-NiFe2O4,794.928,1461.595,8.3,850.0,1.8625,2.0
2.675,2.761428571428571,2.8284271247461903,3.420013513551952,0.5,0.42857142857142855,0.0864285714285713,0.5915863888057618,9.673258988728863,NiO-NiFe2O4,81.257,663.422,13.6582,850.0,1.5055,100.0
2.675,2.761428571428571,2.8284271247461903,3.420013513551952,0.5,0.42857142857142855,0.0864285714285713,0.5915863888057618,9.673258988728863,NiO-NiFe2O4,306.0945,1088.335,13.6582,850.0,2.1605,50.0
2.834,,3.4514488412024686,0.0,0.2,0.0,,3.4514488412024686,0.0,BiFeO3,316.989,657.542,9.656,1103.0,3.1,5.0
2.834,,3.4514488412024686,0.0,0.2,0.0,,3.4514488412024686,0.0,BiFeO3,84.611,523.2,7.487,1103.0,1.879,5.0
2.834,,3.4514488412024686,0.0,0.2,0.0,,3.4514488412024686,0.0,BiFeO3,70.769,381.864,4.37,1103.0,1.0775,5.0
2.834,,3.4514488412024686,0.0,0.2,0.0,,3.4514488412024686,0.0,BiFeO3,155.665,794.665,10.07,1103.0,3.39,2.0
2.834,,3.4514488412024686,0.0,0.2,0.0,,3.4514488412024686,0.0,BiFeO3,114.745,688.265,9.754,1103.0,3.15,5.0
2.834,,3.4514488412024686,0.0,0.2,0.0,,3.4514488412024686,0.0,BiFeO3,106.431,589.847,9.438,1103.0,2.417,10.0
2.834,,3.4514488412024686,0.0,0.2,0.0,,3.4514488412024686,0.0,BiFeO3,16.745,499.745,9.158,1103.0,2.375,17.0
2.834,,3.4514488412024686,0.0,0.2,0.0,,3.4514488412024686,0.0,BiFeO3,44.65,372.75,8.912,1103.0,1.885,27.0
2.66,,3.350705235476804,0.0,0.5,0.0,,3.350705235476804,0.0,CoO,249.0,169.0,0.4,334.0,1.860408,10.0
2.66,2.565,3.350705235476804,4.117978379539588,0.5,0.5,0.0950000000000002,0.7672731440627842,13.798131715903583,CoO-MnFe2O4,76.0,197.0,35.0,573.0,13.7658,10.0
2.66,2.757142857142857,3.350705235476804,3.5692358309035557,0.5,0.42857142857142855,0.09714285714285698,0.2185305954267518,11.959457185259945,CoO-CoFe2O4,55.0,283.0,78.0,860.0,26.6802,10.0
2.675,,2.8284271247461903,0.0,0.5,0.0,,2.8284271247461903,0.0,NiO,944.208,1856.45,0.96,85.0,0.189,5.0
1.2,2.675,8.94427190999916,2.8284271247461903,1.0,0.5,1.4749999999999999,6.115844785252969,25.298221281347036,Gd-NiO,877.4,1047.21,6.35,293.0,0.219,5.0
2.675,,2.8284271247461903,0.0,0.5,0.0,,2.8284271247461903,0.0,NiO,54.431,525.72,12.9406,85.0,0.00619,300.0
2.6736999999999997,,2.8142849891224593,0.0,0.5,0.0,,2.8142849891224593,0.0,Ni0.99Zn0.01O,46.4866,420.07,12.9406,591.6,0.00615,300.0
2.6711,,2.7860007178749973,0.0,0.5,0.0,,2.7860007178749973,0.0,Ni0.97Zn0.03O,44.365,533.0,12.9406,591.6,0.00642,300.0
2.6685,,2.7577164466275352,0.0,0.5,0.0,,2.7577164466275352,0.0,Ni0.95Zn0.05O,15.541,159.266,12.9406,591.6,0.00237,300.0
2.675,,2.8284271247461903,0.0,0.5,0.0,,2.8284271247461903,0.0,NiO,49.168,1044.68,3.8216,85.0,0.01538,3.0
2.6736999999999997,,2.8142849891224593,0.0,0.5,0.0,,2.8142849891224593,0.0,Ni0.99Zn0.01O,55.388,645.11,34.4804,602.4,0.01022,3.0
2.6711,,2.7860007178749973,0.0,0.5,0.0,,2.7860007178749973,0.0,Ni0.97Zn0.03O,74.345,495.24,34.4804,602.4,0.00872,3.0
2.6685,,2.7577164466275352,0.0,0.5,0.0,,2.7577164466275352,0.0,Ni0.95Zn0.05O,30.212,256.8,34.4804,602.4,0.00514,3.0
2.66,2.75,3.350705235476804,3.7158067079548327,0.5,0.42857142857142855,0.08999999999999986,0.3651014724780288,12.450572990364085,CoO-Fe3O4,101.0,8040.0,40.631,850.0,22.5818,10.0
2.66,2.75,3.350705235476804,3.7158067079548327,0.5,0.42857142857142855,0.08999999999999986,0.3651014724780288,12.450572990364085,CoO-Fe3O4,74.0,8105.0,40.631,850.0,22.5904,50.0
2.66,2.75,3.350705235476804,3.7158067079548327,0.5,0.42857142857142855,0.08999999999999986,0.3651014724780288,12.450572990364085,CoO-Fe3O4,55.0,4131.0,43.2134,850.0,47.1517,150.0
2.66,2.75,3.350705235476804,3.7158067079548327,0.5,0.42857142857142855,0.08999999999999986,0.3651014724780288,12.450572990364085,CoO-Fe3O4,30.0,1662.0,39.2628,850.0,31.0905,250.0
2.66,2.75,3.350705235476804,3.7158067079548327,0.5,0.42857142857142855,0.08999999999999986,0.3651014724780288,12.450572990364085,CoO-Fe3O4,178.0,8624.0,32.5494,850.0,17.3368,10.0
2.66,2.75,3.350705235476804,3.7158067079548327,0.5,0.42857142857142855,0.08999999999999986,0.3651014724780288,12.450572990364085,CoO-Fe3O4,109.0,8200.0,32.823,850.0,17.4304,50.0
2.66,2.75,3.350705235476804,3.7158067079548327,0.5,0.42857142857142855,0.08999999999999986,0.3651014724780288,12.450572990364085,CoO-Fe3O4,45.0,4302.0,48.2282,850.0,16.0526,150.0
2.66,2.75,3.350705235476804,3.7158067079548327,0.5,0.42857142857142855,0.08999999999999986,0.3651014724780288,12.450572990364085,CoO-Fe3O4,36.0,1737.0,29.0628,850.0,16.628,250.0
2.66,2.75,3.350705235476804,3.7158067079548327,0.5,0.42857142857142855,0.08999999999999986,0.3651014724780288,12.450572990364085,CoO-Fe3O4,253.0,3197.0,46.0336,850.0,36.8626,10.0
2.66,2.75,3.350705235476804,3.7158067079548327,0.5,0.42857142857142855,0.08999999999999986,0.3651014724780288,12.450572990364085,CoO-Fe3O4,160.0,2656.0,46.0336,850.0,36.8626,50.0
2.66,2.75,3.350705235476804,3.7158067079548327,0.5,0.42857142857142855,0.08999999999999986,0.3651014724780288,12.450572990364085,CoO-Fe3O4,58.0,1346.0,38.6424,850.0,39.2301,150.0
2.66,2.75,3.350705235476804,3.7158067079548327,0.5,0.42857142857142855,0.08999999999999986,0.3651014724780288,12.450572990364085,CoO-Fe3O4,11.0,503.0,24.9028,850.0,24.7645,250.0
2.66,2.75,3.350705235476804,3.7158067079548327,0.5,0.42857142857142855,0.08999999999999986,0.3651014724780288,12.450572990364085,CoO-Fe3O4,2.0,275.0,24.836,850.0,17.9265,325.0
2.66,2.75,3.350705235476804,3.7158067079548327,0.5,0.42857142857142855,0.08999999999999986,0.3651014724780288,12.450572990364085,CoO-Fe3O4,238.0,3016.0,49.812,850.0,20.5784,10.0
2.66,2.75,3.350705235476804,3.7158067079548327,0.5,0.42857142857142855,0.08999999999999986,0.3651014724780288,12.450572990364085,CoO-Fe3O4,147.0,2528.0,49.812,850.0,20.5784,50.0
2.66,2.75,3.350705235476804,3.7158067079548327,0.5,0.42857142857142855,0.08999999999999986,0.3651014724780288,12.450572990364085,CoO-Fe3O4,943.0,4652.0,49.1154,850.0,18.7704,10.0
2.66,2.75,3.350705235476804,3.7158067079548327,0.5,0.42857142857142855,0.08999999999999986,0.3651014724780288,12.450572990364085,CoO-Fe3O4,376.0,3697.0,48.707,850.0,19.4404,50.0
2.66,2.75,3.350705235476804,3.7158067079548327,0.5,0.42857142857142855,0.08999999999999986,0.3651014724780288,12.450572990364085,CoO-Fe3O4,81.0,1805.0,46.6082,850.0,20.5726,150.0
2.66,2.75,3.350705235476804,3.7158067079548327,0.5,0.42857142857142855,0.08999999999999986,0.3651014724780288,12.450572990364085,CoO-Fe3O4,23.0,687.0,46.0694,850.0,18.8874,250.0
2.66,2.759285714285714,3.350705235476804,3.4946246722277534,0.5,0.4285714285714285,0.09928571428571376,0.14391943675094954,11.709457185259943,CoO-Ni0.5Co0.5Fe2O4,800.0,5500.0,28.685,813.0,6.6,10.0
2.757142857142857,1.8466666666666667,3.5692358309035557,4.5569807724467095,0.42857142857142855,1.0,0.9104761904761904,0.9877449415431538,16.26493905375536,CoFe2O4-CoFe2,14.182,900.0,82.4,922.0,27.4,300.0
2.757142857142857,1.8466666666666667,3.5692358309035557,4.5569807724467095,0.42857142857142855,1.0,0.9104761904761904,0.9877449415431538,16.26493905375536,CoFe2O4-CoFe2,19.15,760.0,80.0,922.0,26.1,300.0
2.757142857142857,1.8466666666666667,3.5692358309035557,4.5569807724467095,0.42857142857142855,1.0,0.9104761904761904,0.9877449415431538,16.26493905375536,CoFe2O4-CoFe2,16.852,750.0,94.6,922.0,29.6,300.0
2.757142857142857,1.8466666666666667,3.5692358309035557,4.5569807724467095,0.42857142857142855,1.0,0.9104761904761904,0.9877449415431538,16.26493905375536,CoFe2O4-CoFe2,76.254,650.0,111.4,922.0,29.0,10.0
2.757142857142857,1.8466666666666667,3.5692358309035557,4.5569807724467095,0.42857142857142855,1.0,0.9104761904761904,0.9877449415431538,16.26493905375536,CoFe2O4-CoFe2,73.298,540.0,141.3,922.0,30.0,10.0
2.834,2.757142857142857,3.4514488412024686,3.5692358309035557,0.2,0.42857142857142855,0.07685714285714296,0.11778698970108703,12.319034872550407,BiFeO3-CoFe2O4,462.0,17500.0,31.563,830.0,24.911,10.0
2.834,2.757142857142857,3.4514488412024686,3.5692358309035557,0.2,0.42857142857142855,0.07685714285714296,0.11778698970108703,12.319034872550407,BiFeO3-CoFe2O4,646.0,18797.0,31.5,830.0,24.6,10.0
1.83,2.7960000000000003,4.898979485566356,3.656648069074256,1.0,0.4,0.9660000000000002,1.2423314164920995,17.913843876330606,Fe-Fe2O3,1003.173,2517.667,37.926,1043.0,41.6033,15.0
1.83,2.7960000000000003,4.898979485566356,3.656648069074256,1.0,0.4,0.9660000000000002,1.2423314164920995,17.913843876330606,Fe-Fe2O3,106.0,1408.45,22.15,1043.0,5.8334,30.0
2.675,2.675,2.8284271247461903,2.8284271247461903,0.5,0.5,0.0,0.0,8.000000000000002,NiO-NiO,15.5,6.5,1.19,720.0,0.0056,2.0
2.675,2.675,2.8284271247461903,2.8284271247461903,0.5,0.5,0.0,0.0,8.000000000000002,NiO-NiO,12.0,5.0,1.16,720.0,0.0048,25.0
2.675,2.675,2.8284271247461903,2.8284271247461903,0.5,0.5,0.0,0.0,8.000000000000002,NiO-NiO,11.0,14.0,1.09,720.0,0.0135,50.0
2.675,2.675,2.8284271247461903,2.8284271247461903,0.5,0.5,0.0,0.0,8.000000000000002,NiO-NiO,11.0,35.0,3.32,720.0,0.0104,100.0
2.675,2.675,2.8284271247461903,2.8284271247461903,0.5,0.5,0.0,0.0,8.000000000000002,NiO-NiO,7.0,36.0,3.64,720.0,0.0075,200.0
2.675,2.675,2.8284271247461903,2.8284271247461903,0.5,0.5,0.0,0.0,8.000000000000002,NiO-NiO,2.0,12.0,32.1746,720.0,0.0059,300.0
2.675,2.675,2.8284271247461903,2.8284271247461903,0.5,0.5,0.0,0.0,8.000000000000002,NiO-NiO,7.5,8.5,0.31,720.0,0.0034,2.0
2.675,2.675,2.8284271247461903,2.8284271247461903,0.5,0.5,0.0,0.0,8.000000000000002,NiO-NiO,3.0,21.0,0.13,720.0,0.0069,25.0
2.675,2.675,2.8284271247461903,2.8284271247461903,0.5,0.5,0.0,0.0,8.000000000000002,NiO-NiO,7.0,17.0,0.35,720.0,0.0076,50.0
2.675,2.675,2.8284271247461903,2.8284271247461903,0.5,0.5,0.0,0.0,8.000000000000002,NiO-NiO,5.0,21.0,0.14,720.0,0.0043,100.0
2.675,2.675,2.8284271247461903,2.8284271247461903,0.5,0.5,0.0,0.0,8.000000000000002,NiO-NiO,5.0,18.0,0.25,720.0,0.0078,200.0
2.675,2.675,2.8284271247461903,2.8284271247461903,0.5,0.5,0.0,0.0,8.000000000000002,NiO-NiO,4.5,22.5,0.097,720.0,0.0085,300.0
2.7960000000000003,2.75,3.656648069074256,3.7158067079548327,0.4,0.42857142857142855,0.04600000000000026,0.059158638880576486,13.587397423696208,Fe2O3-Fe3O4,7.2,221.5,75.0,540.0,0.394,5.0
2.7960000000000003,2.75,3.656648069074256,3.7158067079548327,0.4,0.42857142857142855,0.04600000000000026,0.059158638880576486,13.587397423696208,Fe2O3-Fe3O4,20.4,294.7,76.0,770.0,0.9395,5.0
2.7960000000000003,2.75,3.656648069074256,3.7158067079548327,0.4,0.42857142857142855,0.04600000000000026,0.059158638880576486,13.587397423696208,Fe2O3-Fe3O4,51.8,405.7,80.0,900.0,1.546,5.0
2.7960000000000003,2.75,3.656648069074256,3.7158067079548327,0.4,0.42857142857142855,0.04600000000000026,0.059158638880576486,13.587397423696208,Fe2O3-Fe3O4,19.7,406.9,84.0,900.0,3.485,5.0
2.7960000000000003,2.75,3.656648069074256,3.7158067079548327,0.4,0.42857142857142855,0.04600000000000026,0.059158638880576486,13.587397423696208,Fe2O3-Fe3O4,20.4,415.6,89.0,900.0,3.197,5.0
1.83,2.75,4.898979485566356,3.7158067079548327,1.0,0.42857142857142855,0.9199999999999999,1.183172777611523,18.20366083460058,Fe-Fe3O4,740.0,1160.0,37.9886,860.0,50.446,5.0
1.83,2.75,4.898979485566356,3.7158067079548327,1.0,0.42857142857142855,0.9199999999999999,1.183172777611523,18.20366083460058,Fe-Fe3O4,35.0,1125.0,54.574,860.0,53.0,5.0
1.83,2.75,4.898979485566356,3.7158067079548327,1.0,0.42857142857142855,0.9199999999999999,1.183172777611523,18.20366083460058,Fe-Fe3O4,75.0,1165.0,108.0,860.0,56.809,5.0
1.83,2.75,4.898979485566356,3.7158067079548327,1.0,0.42857142857142855,0.9199999999999999,1.183172777611523,18.20366083460058,Fe-Fe3O4,200.0,1960.0,17.338,860.0,32.776,5.0
1.83,2.75,4.898979485566356,3.7158067079548327,1.0,0.42857142857142855,0.9199999999999999,1.183172777611523,18.20366083460058,Fe-Fe3O4,130.0,1890.0,17.338,860.0,36.48,5.0
1.83,2.75,4.898979485566356,3.7158067079548327,1.0,0.42857142857142855,0.9199999999999999,1.183172777611523,18.20366083460058,Fe-Fe3O4,220.0,1910.0,62.8,860.0,37.5,5.0
1.83,2.75,4.898979485566356,3.7158067079548327,1.0,0.42857142857142855,0.9199999999999999,1.183172777611523,18.20366083460058,Fe-Fe3O4,15.0,1765.0,14.2424,860.0,37.7465,25.0
1.83,2.75,4.898979485566356,3.7158067079548327,1.0,0.42857142857142855,0.9199999999999999,1.183172777611523,18.20366083460058,Fe-Fe3O4,20.0,1170.0,56.974,860.0,31.3325,100.0
1.83,2.75,4.898979485566356,3.7158067079548327,1.0,0.42857142857142855,0.9199999999999999,1.183172777611523,18.20366083460058,Fe-Fe3O4,13.0,875.0,23.492,860.0,26.275,175.0
1.83,2.75,4.898979485566356,3.7158067079548327,1.0,0.42857142857142855,0.9199999999999999,1.183172777611523,18.20366083460058,Fe-Fe3O4,15.0,735.0,23.492,860.0,25.0,250.0
1.83,2.75,4.898979485566356,3.7158067079548327,1.0,0.42857142857142855,0.9199999999999999,1.183172777611523,18.20366083460058,Fe-Fe3O4,16.292,1065.6,73.7245,860.0,54.166,25.0
1.83,2.75,4.898979485566356,3.7158067079548327,1.0,0.42857142857142855,0.9199999999999999,1.183172777611523,18.20366083460058,Fe-Fe3O4,0.109,868.891,53.48,860.0,51.15,65.0
1.83,2.75,4.898979485566356,3.7158067079548327,1.0,0.42857142857142855,0.9199999999999999,1.183172777611523,18.20366083460058,Fe-Fe3O4,8.317,844.3,74.8445,860.0,48.276,75.0
1.83,2.75,4.898979485566356,3.7158067079548327,1.0,0.42857142857142855,0.9199999999999999,1.183172777611523,18.20366083460058,Fe-Fe3O4,0.8,688.5,74.8445,860.0,43.6775,100.0
1.83,2.75,4.898979485566356,3.7158067079548327,1.0,0.42857142857142855,0.9199999999999999,1.183172777611523,18.20366083460058,Fe-Fe3O4,24.417,598.417,41.12,860.0,39.655,250.0
2.545,,1.4142135623730951,0.0,0.5,0.0,,1.4142135623730951,0.0,ZnO,1.427,174.68,13811.0,30.0,1.4016,34.0
1.61,2.545,1.7320508075688772,1.4142135623730951,0.0,0.5,0.9349999999999998,0.31783724519578205,2.4494897427831783,Al-ZnO,0.182,166.69,18787.0,850.0,21.6117,219.0
1.61,2.545,1.7320508075688772,1.4142135623730951,0.0,0.5,0.9349999999999998,0.31783724519578205,2.4494897427831783,Al-ZnO,3.374,180.66,18688.0,850.0,21.6117,269.0
1.61,2.545,1.7320508075688772,1.4142135623730951,0.0,0.5,0.9349999999999998,0.31783724519578205,2.4494897427831783,Al-ZnO,0.888,159.93,23606.0,850.0,21.6117,219.0
1.61,2.545,1.7320508075688772,1.4142135623730951,0.0,0.5,0.9349999999999998,0.31783724519578205,2.4494897427831783,Al-ZnO,1.422,84.76,24229.0,850.0,17.9867,157.0
1.61,2.545,1.7320508075688772,1.4142135623730951,0.0,0.5,0.9349999999999998,0.31783724519578205,2.4494897427831783,Al-ZnO,0.711,141.98,4234.0,694.0,16.8,241.0
1.61,2.545,1.7320508075688772,1.4142135623730951,0.0,0.5,0.9349999999999998,0.31783724519578205,2.4494897427831783,Al-ZnO,0.4,44.78,82732.0,850.0,21.6117,157.0
1.61,2.545,1.7320508075688772,1.4142135623730951,0.0,0.5,0.9349999999999998,0.31783724519578205,2.4494897427831783,Al-ZnO,1.31,50.71,106600.0,821.4,0.5622,216.6
1.61,2.545,1.7320508075688772,1.4142135623730951,0.0,0.5,0.9349999999999998,0.31783724519578205,2.4494897427831783,Al-ZnO,6.045,152.36,7377.0,414.0,1.4016,34.0
1.61,2.545,1.7320508075688772,1.4142135623730951,0.0,0.5,0.9349999999999998,0.31783724519578205,2.4494897427831783,Al-ZnO,38.2,269.9,10000.0,414.0,1.4016,34.0
1.61,2.545,1.7320508075688772,1.4142135623730951,0.0,0.5,0.9349999999999998,0.31783724519578205,2.4494897427831783,Al-ZnO,0.13,46.53,62869.0,853.2,8.9658,205.0
1.81,2.7960000000000003,1.7320508075688772,3.656648069074256,0.0,0.4,0.9860000000000002,1.924597261505379,6.333500241035241,Ga-Fe2O3,58.0,1954.353,17.2267,805.4,0.1275,10.0
1.81,2.7960000000000003,1.7320508075688772,3.656648069074256,0.0,0.4,0.9860000000000002,1.924597261505379,6.333500241035241,Ga-Fe2O3,52.0,3401.469,17.1471,795.4,0.1185,50.0
1.81,2.7960000000000003,1.7320508075688772,3.656648069074256,0.0,0.4,0.9860000000000002,1.924597261505379,6.333500241035241,Ga-Fe2O3,16.0,4132.514,39.7,850.0,0.1215,150.0
1.81,2.7960000000000003,1.7320508075688772,3.656648069074256,0.0,0.4,0.9860000000000002,1.924597261505379,6.333500241035241,Ga-Fe2O3,29.0,2595.9,26.8692,818.2,0.122,200.0
1.81,2.7960000000000003,1.7320508075688772,3.656648069074256,0.0,0.4,0.9860000000000002,1.924597261505379,6.333500241035241,Ga-Fe2O3,210.0,2088.645,17.1471,805.4,0.103,10.0
1.81,2.7960000000000003,1.7320508075688772,3.656648069074256,0.0,0.4,0.9860000000000002,1.924597261505379,6.333500241035241,Ga-Fe2O3,164.0,2118.482,17.1471,795.4,0.094,50.0
1.81,2.7960000000000003,1.7320508075688772,3.656648069074256,0.0,0.4,0.9860000000000002,1.924597261505379,6.333500241035241,Ga-Fe2O3,76.0,1561.62,39.7,850.0,0.0735,150.0
1.81,2.7960000000000003,1.7320508075688772,3.656648069074256,0.0,0.4,0.9860000000000002,1.924597261505379,6.333500241035241,Ga-Fe2O3,64.0,1292.956,45.378,742.4,0.0665,200.0
1.91,2.5166666666666666,2.8284271247461903,2.4629683523537524,1.0,0.3333333333333333,0.6066666666666667,0.36545877239243785,6.9663264951887856,Ni-Ni(OH)2,24.0,74.385,42.6224,646.0,3.93,2.0
1.91,2.5166666666666666,2.8284271247461903,2.4629683523537524,1.0,0.3333333333333333,0.6066666666666667,0.36545877239243785,6.9663264951887856,Ni-Ni(OH)2,7.0,43.9,58.6866,769.8,3.88,2.0
2.54,2.75,1.7320508075688772,3.7158067079548327,0.0,0.42857142857142855,0.20999999999999996,1.9837559003859555,6.435966009283019,Au-Fe3O4,19.0,441.0,67.85,850.0,35.365,2.0
2.54,2.75,1.7320508075688772,3.7158067079548327,0.0,0.42857142857142855,0.20999999999999996,1.9837559003859555,6.435966009283019,Au-Fe3O4,51.0,455.0,51.94,850.0,18.62,2.0
2.54,2.75,1.7320508075688772,3.7158067079548327,0.0,0.42857142857142855,0.20999999999999996,1.9837559003859555,6.435966009283019,Au-Fe3O4,237.0,802.384,43.3285,850.0,15.5,2.0
2.684,,4.06348818808756,0.0,0.4,0.0,,4.06348818808756,0.0,Mn2O3,15.0,570.0,37.9288,524.0,3.485416,10.0
2.684,,4.06348818808756,0.0,0.4,0.0,,4.06348818808756,0.0,Mn2O3,360.0,260.0,37.9288,524.0,3.485416,10.0
2.684,,4.06348818808756,0.0,0.4,0.0,,4.06348818808756,0.0,Mn2O3,310.0,500.0,37.9288,524.0,3.485416,10.0
2.684,,4.06348818808756,0.0,0.4,0.0,,4.06348818808756,0.0,Mn2O3,340.0,400.0,37.9288,524.0,3.485416,10.0
2.684,,4.06348818808756,0.0,0.4,0.0,,4.06348818808756,0.0,Mn2O3,14.0,7.0,0.16,524.0,3.485416,60.0
2.684,,4.06348818808756,0.0,0.4,0.0,,4.06348818808756,0.0,Mn2O3,130.0,21.0,13.1,566.8,0.003,10.0
2.684,,4.06348818808756,0.0,0.4,0.0,,4.06348818808756,0.0,Mn2O3,47.0,52.0,37.9288,566.8,3.485416,10.0
2.675,2.504,2.8284271247461903,4.295062137464067,0.5,0.5,0.17099999999999982,1.466635012717877,12.148270252073718,NiO-Ni0.05Mn0.95O,159.0,450.0,61.1217,812.4,12.82513,5.0
2.675,2.5067,2.8284271247461903,4.271904742526417,0.5,0.5,0.1682999999999999,1.443477617780227,12.082771248093609,NiO-Ni0.065Mn0.935O,271.0,4587.4,1.277,1065.2,0.746,5.0
2.675,2.5112,2.8284271247461903,4.233309084296999,0.5,0.5,0.16379999999999972,1.4048819595508086,11.973606241460088,NiO-Ni0.09Mn0.91O,201.0,4067.7,1.436,1280.4,0.8815,5.0
2.675,2.513,2.8284271247461903,4.217870821005232,0.5,0.5,0.16199999999999992,1.389443696259042,11.929940238806681,NiO-Ni0.1Mn0.9O,203.0,659.0,0.8435,1280.4,0.456,5.0
2.635,2.75,3.863703305156273,3.7158067079548327,0.5,0.42857142857142855,0.11500000000000021,0.1478965972014401,14.356774658846936,FeO-Fe3O4,78.462,655.636,62.0,855.6,18.75,5.0
2.728,2.7960000000000003,4.468337566957918,3.656648069074256,0.4,0.4,0.06800000000000006,0.8116894978836617,16.33913793618863,Cr2O3-Fe2O3,62.0135,503.7545,28.36,1168.0,1.1055,10.0
2.728,2.7960000000000003,4.468337566957918,3.656648069074256,0.4,0.4,0.06800000000000006,0.8116894978836617,16.33913793618863,Cr2O3-Fe2O3,62.043,674.281,28.36,1168.0,0.7655,10.0
2.728,2.7960000000000003,4.468337566957918,3.656648069074256,0.4,0.4,0.06800000000000006,0.8116894978836617,16.33913793618863,Cr2O3-Fe2O3,128.6,569.9019,28.36,1168.0,5.634,10.0
2.728,2.7960000000000003,4.468337566957918,3.656648069074256,0.4,0.4,0.06800000000000006,0.8116894978836617,16.33913793618863,Cr2O3-Fe2O3,1389.196,4287.732,27.752,634.8,6.8934,10.0
2.728,2.7960000000000003,4.468337566957918,3.656648069074256,0.4,0.4,0.06800000000000006,0.8116894978836617,16.33913793618863,Cr2O3-Fe2O3,143.324,631.624,28.36,1168.0,0.386,10.0
1.54,2.7960000000000003,2.8284271247461903,3.656648069074256,1.0,0.4,1.2560000000000002,0.8282209443280659,10.342562584220406,Ti-Fe2O3,93.6132,195.0,32.3186,856.4,13.7992,5.0
1.54,2.7960000000000003,2.8284271247461903,3.656648069074256,1.0,0.4,1.2560000000000002,0.8282209443280659,10.342562584220406,Ti-Fe2O3,229.506,716.0,50.8904,931.4,22.2458,5.0
1.54,2.7960000000000003,2.8284271247461903,3.656648069074256,1.0,0.4,1.2560000000000002,0.8282209443280659,10.342562584220406,Ti-Fe2O3,181.7098,8537.0,24.1227,916.8,13.94298,5.0
1.54,2.7960000000000003,2.8284271247461903,3.656648069074256,1.0,0.4,1.2560000000000002,0.8282209443280659,10.342562584220406,Ti-Fe2O3,263.1766,7324.0,34.0527,916.8,16.76298,5.0
2.757142857142857,2.761428571428571,3.5692358309035557,3.420013513551952,0.42857142857142855,0.42857142857142855,0.004285714285714004,0.14922231735160363,12.20683477474399,CoFe2O4-NiFe2O4,333.3,15000.0,79.0,703.0,60.04,5.0
2.757142857142857,2.675,3.5692358309035557,2.8284271247461903,0.42857142857142855,0.5,0.0821428571428573,0.7408087061573654,10.095323438743623,CoFe2O4-NiO,443.2,20000.0,84.0,846.4,62.16,5.0
1.91,2.5500000000000003,2.8284271247461903,2.262741699796952,1.0,0.2,0.6400000000000003,0.5656854249492382,6.4,Ni-BaTiO3,13.0,224.0,53.2,631.0,12.1,2.0
1.91,2.5500000000000003,2.8284271247461903,2.262741699796952,1.0,0.2,0.6400000000000003,0.5656854249492382,6.4,Ni-BaTiO3,27.88,265.0,54.6,631.0,16.2,2.0
2.728,2.757142857142857,4.468337566957918,3.5692358309035557,0.4,0.42857142857142855,0.029142857142856915,0.8991017360543623,15.948550548558616,Cr2O3-CoFe2O4,226.5605,9631.198,35.59,793.0,26.2,60.0
2.728,2.757142857142857,4.468337566957918,3.5692358309035557,0.4,0.42857142857142855,0.029142857142856915,0.8991017360543623,15.948550548558616,Cr2O3-CoFe2O4,90.0845,8468.948,35.3615,793.0,24.038,100.0
2.728,2.757142857142857,4.468337566957918,3.5692358309035557,0.4,0.42857142857142855,0.029142857142856915,0.8991017360543623,15.948550548558616,Cr2O3-CoFe2O4,54.588,4155.25,35.609,793.0,17.944,200.0
2.728,2.757142857142857,4.468337566957918,3.5692358309035557,0.4,0.42857142857142855,0.029142857142856915,0.8991017360543623,15.948550548558616,Cr2O3-CoFe2O4,115.7405,2615.741,34.666,793.0,14.1485,300.0
2.728,2.757142857142857,4.468337566957918,3.5692358309035557,0.4,0.42857142857142855,0.029142857142856915,0.8991017360543623,15.948550548558616,Cr2O3-CoFe2O4,48.19,7572.0,33.3745,793.0,24.105,60.0
2.728,2.757142857142857,4.468337566957918,3.5692358309035557,0.4,0.42857142857142855,0.029142857142856915,0.8991017360543623,15.948550548558616,Cr2O3-CoFe2O4,89.6004,5740.542,32.5,793.0,22.2065,100.0
2.728,2.757142857142857,4.468337566957918,3.5692358309035557,0.4,0.42857142857142855,0.029142857142856915,0.8991017360543623,15.948550548558616,Cr2O3-CoFe2O4,45.7505,2201.862,29.7225,793.0,15.0,200.0
2.728,2.757142857142857,4.468337566957918,3.5692358309035557,0.4,0.42857142857142855,0.029142857142856915,0.8991017360543623,15.948550548558616,Cr2O3-CoFe2O4,24.1535,1041.656,26.5865,793.0,9.519,300.0
2.2606249999999997,2.7960000000000003,3.8042185669719113,3.656648069074256,0.75,0.4,0.5353750000000006,0.14757049789765508,13.910688477254274,Co2.25Fe0.75O-Fe2O3,543.0,3691.0,0.3775,1223.0,0.0189,5.0
2.7674999999999996,2.5983962264150944,3.356708059179204,3.7383988752943926,0.42857142857142855,0.5283018867924528,0.16910377358490525,0.3816908161151886,12.548713633127159,Co2.45Fe0.55O4-Co1.52Fe1.48O4,70.9,895.0,2.052,1223.0,0.029,5.0
1.8779999999999997,2.916583333333333,3.9140231917817743,3.24672226808946,1.0,0.33333333333333337,1.0385833333333334,0.6673009236923142,12.70774625457647,Co0.96Fe0.04-Co1.59Fe0.41O4,140.0,10211.0,22.57,1100.0,22.8585,5.0
1.8779999999999997,2.9115833333333327,3.9140231917817743,3.349321882025354,1.0,0.33333333333333337,1.033583333333333,0.5647013097564204,13.109323522989415,Co0.96Fe0.04-Co0.99Fe1.01O4,1028.0,9279.0,34.67,1100.0,25.1195,5.0
1.8679999999999999,2.9141666666666666,4.119222419653562,3.2963120814918088,1.0,0.33333333333333337,1.0461666666666667,0.8229103381617535,13.578242628255959,Co0.76Fe0.24-Co1.3Fe0.7O4,420.0,7278.0,32.87,1100.0,24.762,5.0
2.66,2.7660714285714283,3.350705235476804,3.3860222345894595,0.5,0.4285714285714286,0.10607142857142815,0.03531699911265562,11.345562428879768,CoO-Co2.25Fe0.75O4,140.0,5933.0,33.47,750.0,25.95,5.0
1.8685,2.9141666666666666,4.108962458259973,3.2963120814918088,1.0,0.33333333333333337,1.0456666666666665,0.8126503767681643,13.54442259355863,Co0.77Fe0.23-Co1.3Fe0.7O4,68.0,5163.0,32.91,1100.0,23.336,5.0
1.8779999999999997,2.916583333333333,3.9140231917817743,3.24672226808946,1.0,0.33333333333333337,1.0385833333333334,0.6673009236923142,12.70774625457647,Co0.96Fe0.04-Co1.59Fe0.41O4,120.479,6733.0,16.77,1100.0,10.818,100.0
1.8779999999999997,2.916583333333333,3.9140231917817743,3.24672226808946,1.0,0.33333333333333337,1.0385833333333334,0.6673009236923142,12.70774625457647,Co0.96Fe0.04-Co1.59Fe0.41O4,17.453,8727.0,19.7,1100.0,0.726,50.0
1.8779999999999997,2.916583333333333,3.9140231917817743,3.24672226808946,1.0,0.33333333333333337,1.0385833333333334,0.6673009236923142,12.70774625457647,Co0.96Fe0.04-Co1.59Fe0.41O4,440.6926,10211.0,22.57,1100.0,16.6641,5.0
1.8779999999999997,2.9115833333333327,3.9140231917817743,3.349321882025354,1.0,0.33333333333333337,1.033583333333333,0.5647013097564204,13.109323522989415,Co0.96Fe0.04-Co0.99Fe1.01O4,64.1,1782.0,27.16,1100.0,14.6925,250.0
1.8779999999999997,2.9115833333333327,3.9140231917817743,3.349321882025354,1.0,0.33333333333333337,1.033583333333333,0.5647013097564204,13.109323522989415,Co0.96Fe0.04-Co0.99Fe1.01O4,238.804,2867.0,28.33,1100.0,16.412,200.0
1.8779999999999997,2.9115833333333327,3.9140231917817743,3.349321882025354,1.0,0.33333333333333337,1.033583333333333,0.5647013097564204,13.109323522989415,Co0.96Fe0.04-Co0.99Fe1.01O4,414.609,4455.0,29.01,1100.0,18.662,150.0
1.8779999999999997,2.9115833333333327,3.9140231917817743,3.349321882025354,1.0,0.33333333333333337,1.033583333333333,0.5647013097564204,13.109323522989415,Co0.96Fe0.04-Co0.99Fe1.01O4,696.718,6505.0,29.68,1100.0,21.309,100.0
1.8779999999999997,2.9115833333333327,3.9140231917817743,3.349321882025354,1.0,0.33333333333333337,1.033583333333333,0.5647013097564204,13.109323522989415,Co0.96Fe0.04-Co0.99Fe1.01O4,897.531,8406.0,29.98,1100.0,23.7985,50.0
1.8779999999999997,2.9115833333333327,3.9140231917817743,3.349321882025354,1.0,0.33333333333333337,1.033583333333333,0.5647013097564204,13.109323522989415,Co0.96Fe0.04-Co0.99Fe1.01O4,1656.436,9279.0,34.67,1100.0,20.9303,5.0
1.0,2.6270000000000002,0.0,3.0223727492921926,0.0,0.2,1.6270000000000002,3.0223727492921926,0.0,Ca-La2CoMnO6,514.248,3904.9,18.64362,430.0,2.375,5.0
2.591,2.995,3.5730925544951884,2.8284271247461903,0.30000000000000004,0.0,0.4039999999999999,0.7446654297489981,10.106231900362847,Sm0.5Ca0.5MnO3-CO,1205.0,2552.3,6.1098,1081.0,0.5185,5.0
2.591,2.995,3.5730925544951884,2.8284271247461903,0.30000000000000004,0.0,0.4039999999999999,0.7446654297489981,10.106231900362847,Sm0.5Ca0.5MnO3-CO,790.0,1756.1,1.4325,891.0,1.447,5.0
2.591,2.995,3.5730925544951884,2.8284271247461903,0.30000000000000004,0.0,0.4039999999999999,0.7446654297489981,10.106231900362847,Sm0.5Ca0.5MnO3-CO,1122.0,3112.5,4.0565,938.4,0.935,5.0
2.591,2.995,3.5730925544951884,2.8284271247461903,0.30000000000000004,0.0,0.4039999999999999,0.7446654297489981,10.106231900362847,Sm0.5Ca0.5MnO3-CO,794.114,1270.137,8.8963,432.8,0.9015,5.0
2.591,2.995,3.5730925544951884,2.8284271247461903,0.30000000000000004,0.0,0.4039999999999999,0.7446654297489981,10.106231900362847,Sm0.5Ca0.5MnO3-CO,834.122,1374.4,5.3413,889.4,1.172,5.0
2.591,2.995,3.5730925544951884,2.8284271247461903,0.30000000000000004,0.0,0.4039999999999999,0.7446654297489981,10.106231900362847,Sm0.5Ca0.5MnO3-CO,777.251,1402.836,1.5085,891.0,1.3605,5.0
2.591,2.995,3.5730925544951884,2.8284271247461903,0.30000000000000004,0.0,0.4039999999999999,0.7446654297489981,10.106231900362847,Sm0.5Ca0.5MnO3-CO,520.6185,1727.219,12.4824,1026.4,0.483,5.0
2.591,2.995,3.5730925544951884,2.8284271247461903,0.30000000000000004,0.0,0.4039999999999999,0.7446654297489981,10.106231900362847,Sm0.5Ca0.5MnO3-CO,731.249,1739.615,12.4824,1191.0,0.502,5.0
2.591,2.995,3.5730925544951884,2.8284271247461903,0.30000000000000004,0.0,0.4039999999999999,0.7446654297489981,10.106231900362847,Sm0.5Ca0.5MnO3-CO,731.249,1673.497,12.4824,1081.0,0.56,5.0
2.591,2.995,3.5730925544951884,2.8284271247461903,0.30000000000000004,0.0,0.4039999999999999,0.7446654297489981,10.106231900362847,Sm0.5Ca0.5MnO3-CO,1162.12,1674.5,10.134,1191.0,0.613,5.0
2.591,2.995,3.5730925544951884,2.8284271247461903,0.30000000000000004,0.0,0.4039999999999999,0.7446654297489981,10.106231900362847,Sm0.5Ca0.5MnO3-CO,241.702,3099.49,4.0565,648.8,0.638,5.0
2.591,2.995,3.5730925544951884,2.8284271247461903,0.30000000000000004,0.0,0.4039999999999999,0.7446654297489981,10.106231900362847,Sm0.5Ca0.5MnO3-CO,405.171,3049.729,4.0565,648.8,0.638,5.0
2.591,2.995,3.5730925544951884,2.8284271247461903,0.30000000000000004,0.0,0.4039999999999999,0.7446654297489981,10.106231900362847,Sm0.5Ca0.5MnO3-CO,831.64,2950.1,4.2597,889.4,0.6535,5.0
2.591,2.995,3.5730925544951884,2.8284271247461903,0.30000000000000004,0.0,0.4039999999999999,0.7446654297489981,10.106231900362847,Sm0.5Ca0.5MnO3-CO,1088.0,2865.0,4.0565,948.0,0.669,5.0
2.75,2.66,3.7158067079548327,3.350705235476804,0.42857142857142855,0.5,0.08999999999999986,0.3651014724780288,12.450572990364085,Fe3O4-CoO,900.0,17900.0,68.9,880.2,50.0,10.0
2.75,2.66,3.7158067079548327,3.350705235476804,0.42857142857142855,0.5,0.08999999999999986,0.3651014724780288,12.450572990364085,Fe3O4-CoO,500.0,15800.0,68.8,930.2,51.5,10.0
2.75,2.66,3.7158067079548327,3.350705235476804,0.42857142857142855,0.5,0.08999999999999986,0.3651014724780288,12.450572990364085,Fe3O4-CoO,8.8,400.0,58.67,826.2,19.3539,10.0
2.75,2.66,3.7158067079548327,3.350705235476804,0.42857142857142855,0.5,0.08999999999999986,0.3651014724780288,12.450572990364085,Fe3O4-CoO,100.0,17500.0,50.335,930.4,37.5,10.0
2.75,2.66,3.7158067079548327,3.350705235476804,0.42857142857142855,0.5,0.08999999999999986,0.3651014724780288,12.450572990364085,Fe3O4-CoO,926.0,17200.0,54.667,930.4,42.5,10.0
2.75,2.66,3.7158067079548327,3.350705235476804,0.42857142857142855,0.5,0.08999999999999986,0.3651014724780288,12.450572990364085,Fe3O4-CoO,602.0,15000.0,70.67,930.8,46.67,10.0
2.635,2.75,3.863703305156273,3.7158067079548327,0.5,0.42857142857142855,0.11500000000000021,0.1478965972014401,14.356774658846936,FeO-Fe3O4,48.339,790.261,24.144,952.8,2.65,2.0
2.635,2.75,3.863703305156273,3.7158067079548327,0.5,0.42857142857142855,0.11500000000000021,0.1478965972014401,14.356774658846936,FeO-Fe3O4,49.0,790.0,29.41,1388.0,4.275,2.0
2.635,2.75,3.863703305156273,3.7158067079548327,0.5,0.42857142857142855,0.11500000000000021,0.1478965972014401,14.356774658846936,FeO-Fe3O4,8.0,605.0,48.16,909.6,7.811,2.0
2.635,2.75,3.863703305156273,3.7158067079548327,0.5,0.42857142857142855,0.11500000000000021,0.1478965972014401,14.356774658846936,FeO-Fe3O4,42.75,887.25,29.5,777.0,4.1,2.0
2.635,2.75,3.863703305156273,3.7158067079548327,0.5,0.42857142857142855,0.11500000000000021,0.1478965972014401,14.356774658846936,FeO-Fe3O4,20.822,690.8,27.42,659.0,2.532,2.0
2.635,2.75,3.863703305156273,3.7158067079548327,0.5,0.42857142857142855,0.11500000000000021,0.1478965972014401,14.356774658846936,FeO-Fe3O4,1499.18,2368.5,25.07,741.6,6.7,2.0
2.635,2.75,3.863703305156273,3.7158067079548327,0.5,0.42857142857142855,0.11500000000000021,0.1478965972014401,14.356774658846936,FeO-Fe3O4,7.963,594.963,48.65,909.6,8.066,2.0
2.635,2.75,3.863703305156273,3.7158067079548327,0.5,0.42857142857142855,0.11500000000000021,0.1478965972014401,14.356774658846936,FeO-Fe3O4,310.088,595.0,50.5,887.2,12.9225,2.0
2.8099999999999996,,3.8576446775306654,0.0,0.3333333333333333,0.0,,3.8576446775306654,0.0,MnO2,1662.94,1486.788,2.9516,140.0,0.2417,5.0
2.8099999999999996,,3.8576446775306654,0.0,0.3333333333333333,0.0,,3.8576446775306654,0.0,MnO2,1340.891,2000.135,3.3,140.0,0.324,5.0
2.8099999999999996,,3.8576446775306654,0.0,0.3333333333333333,0.0,,3.8576446775306654,0.0,MnO2,400.094,2941.27,4.353,140.0,0.4745,5.0
2.8099999999999996,,3.8576446775306654,0.0,0.3333333333333333,0.0,,3.8576446775306654,0.0,MnO2,70.437,3364.891,6.77,140.0,0.537,5.0
2.8099999999999996,,3.8576446775306654,0.0,0.3333333333333333,0.0,,3.8576446775306654,0.0,MnO2,1291.25,1986.65,3.475,140.0,0.329,5.0
2.8099999999999996,,3.8576446775306654,0.0,0.3333333333333333,0.0,,3.8576446775306654,0.0,MnO2,146.65,2466.65,3.1,140.0,0.3815,10.0
2.8099999999999996,,3.8576446775306654,0.0,0.3333333333333333,0.0,,3.8576446775306654,0.0,MnO2,25.1,1893.5,2.658,140.0,0.2985,20.0
2.8099999999999996,,3.8576446775306654,0.0,0.3333333333333333,0.0,,3.8576446775306654,0.0,MnO2,53.9,960.1,2.171,140.0,0.123,30.0
2.63,2.495,4.151706835469087,4.372253453922903,0.42857142857142855,0.5,0.1349999999999998,0.22054661845381673,18.152314551055042,Mn3O4-MnO,1175.27,1804.0,5.6,1278.0,0.2445,15.0
2.63,2.495,4.151706835469087,4.372253453922903,0.42857142857142855,0.5,0.1349999999999998,0.22054661845381673,18.152314551055042,Mn3O4-MnO,178.46,500.0,5.7,1278.0,0.51,30.0
1.855,2.375,4.385981415886887,1.4142135623730951,1.0,0.0,0.52,2.971767853513792,6.202714402663586,FeCo-MgO,44.2,717.3,230.231,950.0,28.43,10.0
1.855,2.375,4.385981415886887,1.4142135623730951,1.0,0.0,0.52,2.971767853513792,6.202714402663586,FeCo-MgO,125.0,571.14,176.74,950.0,8.5,10.0
1.855,2.375,4.385981415886887,1.4142135623730951,1.0,0.0,0.52,2.971767853513792,6.202714402663586,FeCo-MgO,11.0,175.0,230.5,950.0,28.4,10.0
2.375,1.595,1.4142135623730951,1.9364916731037085,0.0,0.5,0.78,0.5222781107306134,2.738612787525831,MgO-MgCo,386.0,1279.0,175.15,1388.0,71.425,10.0
1.91,2.675,2.8284271247461903,2.8284271247461903,1.0,0.5,0.7649999999999999,0.0,8.000000000000002,Ni-NiO,699.84,2185.68,5.7,720.0,0.307,80.0
1.91,2.675,2.8284271247461903,2.8284271247461903,1.0,0.5,0.7649999999999999,0.0,8.000000000000002,Ni-NiO,220.205,654.615,31.85,713.2,7.414,80.0
1.91,2.675,2.8284271247461903,2.8284271247461903,1.0,0.5,0.7649999999999999,0.0,8.000000000000002,NiвЂ“NiO,27.4005,301.6925,141.5,720.0,44.0,2.0
1.91,2.675,2.8284271247461903,2.8284271247461903,1.0,0.5,0.7649999999999999,0.0,8.000000000000002,NiвЂ“NiO,158.175,310.131,138.0,720.0,43.25,2.0
1.91,2.675,2.8284271247461903,2.8284271247461903,1.0,0.5,0.7649999999999999,0.0,8.000000000000002,NiвЂ“NiO,390.766,314.35,130.0,720.0,34.25,2.0
1.91,2.675,2.8284271247461903,2.8284271247461903,1.0,0.5,0.7649999999999999,0.0,8.000000000000002,NiвЂ“NiO,37.651,490.235,11.563,720.0,6.72,2.0
1.91,2.675,2.8284271247461903,2.8284271247461903,1.0,0.5,0.7649999999999999,0.0,8.000000000000002,NiвЂ“NiO,133.685,477.665,19.792,720.0,8.959,2.0
1.91,2.675,2.8284271247461903,2.8284271247461903,1.0,0.5,0.7649999999999999,0.0,8.000000000000002,NiвЂ“NiO,201.014,494.425,25.834,720.0,14.5,2.0
1.835,2.675,2.554333045451862,2.8284271247461903,0.75,0.5,0.8399999999999999,0.2740940792943283,7.22474487139159,Ni3Al-NiO,31.0,31.0,8.93,200.0,0.8,12.0
1.835,2.675,2.554333045451862,2.8284271247461903,0.75,0.5,0.8399999999999999,0.2740940792943283,7.22474487139159,Ni3Al-NiO,32.0,32.0,8.786,200.0,0.8135,12.0
2.675,2.757142857142857,2.8284271247461903,3.5692358309035557,0.5,0.42857142857142855,0.0821428571428573,0.7408087061573654,10.095323438743623,NiO-CoFe2O4,969.35,5087.35,24.77,793.0,13.0,5.0
2.675,2.757142857142857,2.8284271247461903,3.5692358309035557,0.5,0.42857142857142855,0.0821428571428573,0.7408087061573654,10.095323438743623,NiO-CoFe2O4,178.96,1820.15,25.75,793.0,8.665,5.0
2.675,2.757142857142857,2.8284271247461903,3.5692358309035557,0.5,0.42857142857142855,0.0821428571428573,0.7408087061573654,10.095323438743623,NiO-CoFe2O4,15.329,790.835,26.0,793.0,4.44,5.0
2.675,2.757142857142857,2.8284271247461903,3.5692358309035557,0.5,0.42857142857142855,0.0821428571428573,0.7408087061573654,10.095323438743623,NiO-CoFe2O4,48.783,10731.71,39.143,793.0,23.9,5.0
2.675,2.757142857142857,2.8284271247461903,3.5692358309035557,0.5,0.42857142857142855,0.0821428571428573,0.7408087061573654,10.095323438743623,NiO-CoFe2O4,195.12,10146.46,46.0,793.0,28.5,5.0
2.675,2.757142857142857,2.8284271247461903,3.5692358309035557,0.5,0.42857142857142855,0.0821428571428573,0.7408087061573654,10.095323438743623,NiO-CoFe2O4,318.057,10268.32,46.0,793.0,29.14,5.0
2.728,2.7214,4.468337566957918,4.407610160127365,0.4,0.4,0.006600000000000161,0.06072740683055322,19.694690059002507,Cr2O3-Mn0.30Cr1.7O3,294.0,42.0,0.205,71.0,0.0095,5.0
2.675,1.91,2.8284271247461903,2.8284271247461903,0.5,1.0,0.7649999999999999,0.0,8.000000000000002,NiO-Ni,789.1415,5105.193,30.904,711.4,14.6848,5.0
2.675,1.91,2.8284271247461903,2.8284271247461903,0.5,1.0,0.7649999999999999,0.0,8.000000000000002,NiO-Ni,77.09,658.41,119.1462,936.8,29.924,5.0
3.0527848101265826,1.55,3.3264080722852176,5.916079783099616,0.24050632911392406,1.0,1.5027848101265826,2.5896717108143985,19.67929554678594,Fe0.95O3-Mn0.05,470.0,981.6,0.33,731.8,0.137,608.0
3.0845454545454545,1.55,3.2855620615506425,5.916079783099616,0.22077922077922077,1.0,1.5345454545454544,2.6305177215489737,19.43764728845885,"Fe0.85O3-Mn0.15
",299.83,2055.3,0.325,636.4,0.151,573.0
3.0845454545454545,1.55,3.2855620615506425,5.916079783099616,0.22077922077922077,1.0,1.5345454545454544,2.6305177215489737,19.43764728845885,"Fe0.85O3-Mn0.15
",137.555,445.81,0.239,809.8,0.04,573.0
3.1180000000000003,1.55,3.242537596910224,5.916079783099616,0.2,1.0,1.5680000000000003,2.673542186189392,19.18311112302099,Fe0.75O3-Mn0.25,1028.7,3228.7,2.3896,716.0,0.1635,453.0
3.1180000000000003,1.55,3.242537596910224,5.916079783099616,0.2,1.0,1.5680000000000003,2.673542186189392,19.18311112302099,Fe0.75O3-Mn0.25,471.281,2671.467,2.3896,716.0,0.165,458.0
3.1180000000000003,1.55,3.242537596910224,5.916079783099616,0.2,1.0,1.5680000000000003,2.673542186189392,19.18311112302099,Fe0.75O3-Mn0.25,200.0,2200.0,2.3896,716.0,0.156,463.0
3.1180000000000003,1.55,3.242537596910224,5.916079783099616,0.2,1.0,1.5680000000000003,2.673542186189392,19.18311112302099,Fe0.75O3-Mn0.25,29.5,1743.8,2.3896,716.0,0.141,468.0
3.1180000000000003,1.55,3.242537596910224,5.916079783099616,0.2,1.0,1.5680000000000003,2.673542186189392,19.18311112302099,Fe0.75O3-Mn0.25,13.75,528.75,28.88,665.0,0.0645,478.0
3.1354054054054052,1.55,3.2201532470635192,5.916079783099616,0.1891891891891892,1.0,1.5854054054054052,2.695926536036097,19.05068352343507,Fe0.7O3-Mn0.3,1278.77,3880.0,52.9456,597.0,0.147,413.0
3.1354054054054052,1.55,3.2201532470635192,5.916079783099616,0.1891891891891892,1.0,1.5854054054054052,2.695926536036097,19.05068352343507,Fe0.7O3-Mn0.3,760.0,3360.0,52.5556,597.0,0.156,418.0
3.1354054054054052,1.55,3.2201532470635192,5.916079783099616,0.1891891891891892,1.0,1.5854054054054052,2.695926536036097,19.05068352343507,Fe0.7O3-Mn0.3,400.3,2760.3,52.5556,597.0,0.149,423.0
3.1354054054054052,1.55,3.2201532470635192,5.916079783099616,0.1891891891891892,1.0,1.5854054054054052,2.695926536036097,19.05068352343507,Fe0.7O3-Mn0.3,200.0,2360.0,52.5556,597.0,0.143,428.0
3.1354054054054052,1.55,3.2201532470635192,5.916079783099616,0.1891891891891892,1.0,1.5854054054054052,2.695926536036097,19.05068352343507,Fe0.7O3-Mn0.3,100.0,1820.0,52.5556,597.0,0.133,433.0
3.1354054054054052,1.55,3.2201532470635192,5.916079783099616,0.1891891891891892,1.0,1.5854054054054052,2.695926536036097,19.05068352343507,Fe0.7O3-Mn0.3,40.0,1360.0,52.5556,597.0,0.117,438.0
2.7114285714285713,2.728,3.8431665381578077,4.468337566957918,0.42857142857142855,0.4,0.016571428571428903,0.6251710288001102,17.172565418526144,CuCr2O4-Cr2O3,349.908,5296.465,4.45,130.0,0.825,10.0
2.7114285714285713,2.728,3.8431665381578077,4.468337566957918,0.42857142857142855,0.4,0.016571428571428903,0.6251710288001102,17.172565418526144,CuCr2O4-Cr2O3,886.911,5914.996,4.45,130.0,1.11,10.0
2.75,2.7439999999999998,3.7158067079548327,3.3479224968345607,0.42857142857142855,0.4285714285714286,0.006000000000000227,0.36788421112027203,12.440232871450753,Fe3O4-Zn0.4Co0.6Fe2O4,178.0,5400.0,97.0,858.0,77.35,5.0
2.75,2.7407142857142857,3.7158067079548327,3.2925941633173115,0.42857142857142855,0.4285714285714285,0.009285714285714342,0.4232125446375212,12.234643478627396,Fe3O4-Zn0.5Co0.5Fe2O4,65.0,4400.0,99.0,858.0,70.45,5.0
2.75,2.4804166666666667,3.7158067079548327,3.38112706038887,0.42857142857142855,0.5833333333333334,0.2695833333333333,0.3346796475659626,12.563614611440569,Fe3O4-Zn0.6Co0.4Fe2O4,55.0,3700.0,97.0,858.0,73.2,5.0
2.75,2.2267021276595744,3.7158067079548327,3.4404853094615677,0.42857142857142855,0.7340425531914894,0.5232978723404256,0.275321398493265,12.784178391517353,Fe3O4-Zn0.68Co0.32Fe2O4,49.0,3300.0,87.0,858.0,59.0,5.0
2.75,2.7325,3.7158067079548327,3.1542733295241896,0.42857142857142855,0.42857142857142855,0.01750000000000007,0.5615333784306431,11.720669996569008,Fe3O4-Zn0.75Co0.25Fe2O4,90.9,1972.9,89.0,858.0,61.5,5.0
2.75,2.7302,3.7158067079548327,3.1155434960621156,0.42857142857142855,0.42857142857142855,0.01980000000000004,0.6002632118927171,11.57675742159266,Fe3O4-Zn0.82Co0.18Fe2O4,82.0,1800.0,99.3,858.0,60.825,5.0
2.75,1.93,3.7158067079548327,1.7320508075688772,0.42857142857142855,0.0,0.8200000000000001,1.9837559003859555,6.435966009283019,Fe3O4-Ag,8.3,157.0,53.0,1024.4,12.5,122.4
2.7960000000000003,2.7960000000000003,3.656648069074256,3.656648069074256,0.4,0.4,0.0,0.0,13.371075101064486,Fe2O3-Fe2O3,9.9,368.8,40.235,850.0,12.7,30.0
2.7960000000000003,2.7960000000000003,3.656648069074256,3.656648069074256,0.4,0.4,0.0,0.0,13.371075101064486,Fe2O3-Fe2O3,14.775,350.775,40.235,850.0,14.0,30.0
2.7960000000000003,2.7960000000000003,3.656648069074256,3.656648069074256,0.4,0.4,0.0,0.0,13.371075101064486,Fe2O3-Fe2O3,9.85,296.7,40.235,850.0,11.675,30.0
2.7960000000000003,2.7960000000000003,3.656648069074256,3.656648069074256,0.4,0.4,0.0,0.0,13.371075101064486,Fe2O3-Fe2O3,10.61,394.21,40.5,850.0,13.673,30.0
2.7960000000000003,2.7960000000000003,3.656648069074256,3.656648069074256,0.4,0.4,0.0,0.0,13.371075101064486,Fe2O3-Fe2O3,12.31,394.21,41.0,850.0,13.673,30.0
2.7960000000000003,2.7960000000000003,3.656648069074256,3.656648069074256,0.4,0.4,0.0,0.0,13.371075101064486,Fe2O3-Fe2O3,84.776,630.35,39.0,850.0,3.985,200.0
2.7960000000000003,2.7960000000000003,3.656648069074256,3.656648069074256,0.4,0.4,0.0,0.0,13.371075101064486,Fe2O3-Fe2O3,51.077,727.065,39.0,850.0,5.075,200.0
2.7960000000000003,2.7960000000000003,3.656648069074256,3.656648069074256,0.4,0.4,0.0,0.0,13.371075101064486,Fe2O3-Fe2O3,110.8525,599.9095,39.0,850.0,4.275,200.0
2.7960000000000003,2.7960000000000003,3.656648069074256,3.656648069074256,0.4,0.4,0.0,0.0,13.371075101064486,Fe2O3-Fe2O3,69.4235,519.4865,39.0,850.0,3.5,200.0
2.7960000000000003,2.7960000000000003,3.656648069074256,3.656648069074256,0.4,0.4,0.0,0.0,13.371075101064486,Fe2O3-Fe2O3,30.414,517.314,39.0,850.0,3.478,200.0
2.75,2.675,3.7158067079548327,2.8284271247461903,0.42857142857142855,0.5,0.07500000000000018,0.8873795832086424,10.509888483093293,Fe3O4-NiO,16.68,66.89,42.9,858.0,3.003,250.0
2.75,2.675,3.7158067079548327,2.8284271247461903,0.42857142857142855,0.5,0.07500000000000018,0.8873795832086424,10.509888483093293,Fe3O4-NiO,54.23,73.79,43.29,858.0,3.20346,220.0
2.75,2.675,3.7158067079548327,2.8284271247461903,0.42857142857142855,0.5,0.07500000000000018,0.8873795832086424,10.509888483093293,Fe3O4-NiO,13.35,82.09,43.65,858.0,3.492,200.0
2.75,2.675,3.7158067079548327,2.8284271247461903,0.42857142857142855,0.5,0.07500000000000018,0.8873795832086424,10.509888483093293,Fe3O4-NiO,11.49,100.23,44.29,858.0,4.429,160.0
2.75,2.675,3.7158067079548327,2.8284271247461903,0.42857142857142855,0.5,0.07500000000000018,0.8873795832086424,10.509888483093293,Fe3O4-NiO,32.66,123.11,44.8,858.0,5.376,120.0
2.75,2.675,3.7158067079548327,2.8284271247461903,0.42857142857142855,0.5,0.07500000000000018,0.8873795832086424,10.509888483093293,Fe3O4-NiO,101.63,146.18,45.18,858.0,5.8734,60.0
1.855,2.7960000000000003,4.385981415886887,3.656648069074256,1.0,0.4,0.9410000000000003,0.7293333468126306,16.037990475398356,FeCo-Fe2O3,11.5,235.5,206.45,1390.0,16.0,300.0
1.855,2.7960000000000003,4.385981415886887,3.656648069074256,1.0,0.4,0.9410000000000003,0.7293333468126306,16.037990475398356,FeCo-Fe2O3,15.405,152.845,213.0,1390.0,19.5,15.0
1.855,2.7960000000000003,4.385981415886887,3.656648069074256,1.0,0.4,0.9410000000000003,0.7293333468126306,16.037990475398356,FeCo-Fe2O3,6.544,90.314,135.1325,1390.0,17.5,300.0
1.855,2.7960000000000003,4.385981415886887,3.656648069074256,1.0,0.4,0.9410000000000003,0.7293333468126306,16.037990475398356,FeCo-Fe2O3,34.5,239.5,139.56,1390.0,38.185,15.0
1.855,2.7960000000000003,4.385981415886887,3.656648069074256,1.0,0.4,0.9410000000000003,0.7293333468126306,16.037990475398356,FeCo-Fe2O3,9.937,109.185,187.2,1390.0,13.37,300.0
1.855,2.7960000000000003,4.385981415886887,3.656648069074256,1.0,0.4,0.9410000000000003,0.7293333468126306,16.037990475398356,FeCo-Fe2O3,55.5,170.5,188.9445,1390.0,12.5,15.0
1.855,2.7960000000000003,4.385981415886887,3.656648069074256,1.0,0.4,0.9410000000000003,0.7293333468126306,16.037990475398356,FeCo-Fe2O3,233.5,570.5,174.4,1390.0,71.5,15.0
2.675,2.63,2.8284271247461903,4.151706835469087,0.5,0.42857142857142855,0.04499999999999993,1.3232797107228964,11.742800227434934,NiO-Mn3O4,165.5,511.3,0.55,108.0,0.08,5.0
2.675,2.63,2.8284271247461903,4.151706835469087,0.5,0.42857142857142855,0.04499999999999993,1.3232797107228964,11.742800227434934,NiO-Mn3O4,620.8,934.3,1.32,63.0,0.29,5.0
2.675,2.63,2.8284271247461903,4.151706835469087,0.5,0.42857142857142855,0.04499999999999993,1.3232797107228964,11.742800227434934,NiO-Mn3O4,602.0,826.0,1.67,63.0,0.26,5.0
2.675,2.63,2.8284271247461903,4.151706835469087,0.5,0.42857142857142855,0.04499999999999993,1.3232797107228964,11.742800227434934,NiO-Mn3O4,1670.9,1530.0,0.91,65.0,0.22,5.0
2.675,2.63,2.8284271247461903,4.151706835469087,0.5,0.42857142857142855,0.04499999999999993,1.3232797107228964,11.742800227434934,NiO-Mn3O4,1444.6,4122.9,0.93,74.0,0.22,5.0
2.675,2.63,2.8284271247461903,4.151706835469087,0.5,0.42857142857142855,0.04499999999999993,1.3232797107228964,11.742800227434934,NiO-Mn3O4,833.1,1011.5,4.37,89.0,0.26,5.0
1.91,2.7099999999999995,2.8284271247461903,2.9278604607460568,1.0,0.1111111111111111,0.7999999999999996,0.09943333599986648,8.281239944646025,La2NiMnO6,100.0,205.0,30.5,268.0,8.1762,5.0
1.91,2.7099999999999995,2.8284271247461903,2.9278604607460568,1.0,0.1111111111111111,0.7999999999999996,0.09943333599986648,8.281239944646025,La2NiMnO6,16.0,130.0,53.8,268.0,17.3264,5.0
1.91,2.7099999999999995,2.8284271247461903,2.9278604607460568,1.0,0.1111111111111111,0.7999999999999996,0.09943333599986648,8.281239944646025,La2NiMnO6,23.0,125.0,52.7,268.0,17.3264,5.0
1.12,2.762,2.8284271247461903,4.0624928180160875,1.0,0.4,1.642,1.2340656932698972,11.490464880563291,Ce-Fe0.5Cr0.5O3,100.3325,304.7445,6.0,775.0,0.064,10.0
1.13,2.762,3.872983346207417,4.0624928180160875,1.0,0.4,1.6320000000000001,0.1895094718086705,15.733967028263546,Pr-FeCr0.5O3,210.978,7609.472,13.0,479.6,5.85,5.0
1.14,2.762,4.898979485566356,4.0624928180160875,1.0,0.4,1.622,0.8364866675502682,19.902068975721466,Nd-FeCr0.5O3,1482.057,192.165,15.1,824.8,0.073,5.0
2.383333333333333,2.75,3.8667966521733206,3.7158067079548327,0.6666666666666666,0.42857142857142855,0.36666666666666714,0.15098994421848788,14.368268938442915,CoFeO-Fe3O4,1600.0,600.0,14.0,846.8,6.0,5.0
2.265,2.75,3.6072042703165383,3.7158067079548327,0.75,0.42857142857142855,0.4849999999999999,0.10860243763829436,13.40367382460551,NiCoFeO-Fe3O4,500.0,500.0,15.0,800.0,8.0,5.0
2.66,1.855,3.350705235476804,4.385981415886887,0.5,1.0,0.8050000000000002,1.035276180410083,14.696130892916157,CoO-CoFe,18.75,119.181,11.06,1150.0,0.245,2.0
2.66,1.855,3.350705235476804,4.385981415886887,0.5,1.0,0.8050000000000002,1.035276180410083,14.696130892916157,CoO-CoFe,27.155,46.121,11.898,1150.0,0.047,2.0
2.66,1.855,3.350705235476804,4.385981415886887,0.5,1.0,0.8050000000000002,1.035276180410083,14.696130892916157,CoO-CoFe,19.4,1493.5,5.2175,1150.0,0.775,2.0
2.8466666666666662,2.728,4.19501915992263,4.468337566957918,0.3333333333333333,0.4,0.11866666666666603,0.27331840703528787,18.744761706390534,CrO2-Cr2O3,1.0,571.0,68.73,392.0,36.365,142.4
2.995,2.8466666666666662,3.85337115112852,4.19501915992263,0.25,0.3333333333333333,0.14833333333333387,0.34164800879411006,16.164965809277263,CrO2-Cr2O3,45.5,409.5,53.25,392.0,24.9,106.4
2.7960000000000003,,3.656648069074256,0.0,0.4,0.0,,3.656648069074256,0.0,Fe2O3,1200.0,5500.0,5.3425,510.0,1.4235,10.0
2.7960000000000003,,3.656648069074256,0.0,0.4,0.0,,3.656648069074256,0.0,Fe2O3,894.0,4184.0,7.361,510.0,2.11,10.0
2.7960000000000003,,3.656648069074256,0.0,0.4,0.0,,3.656648069074256,0.0,Fe2O3,685.0,4144.0,7.1705,510.0,2.241,10.0
2.7960000000000003,,3.656648069074256,0.0,0.4,0.0,,3.656648069074256,0.0,Fe2O3,19.0,1352.0,4.988,510.0,0.55,50.0
2.7960000000000003,,3.656648069074256,0.0,0.4,0.0,,3.656648069074256,0.0,Fe2O3,18.0,783.0,6.977,510.0,0.6835,50.0
2.7960000000000003,,3.656648069074256,0.0,0.4,0.0,,3.656648069074256,0.0,Fe2O3,41.0,1026.0,6.757,510.0,1.2269,50.0
2.7960000000000003,,3.656648069074256,0.0,0.4,0.0,,3.656648069074256,0.0,Fe2O3,12.0,986.0,4.635,510.0,0.55,100.0
2.7960000000000003,,3.656648069074256,0.0,0.4,0.0,,3.656648069074256,0.0,Fe2O3,4.0,257.0,6.5,510.0,0.303,100.0
2.7960000000000003,,3.656648069074256,0.0,0.4,0.0,,3.656648069074256,0.0,Fe2O3,8.0,407.0,6.4125,510.0,0.8655,100.0
2.8099999999999996,2.7757142857142854,3.8576446775306654,3.126871759449398,0.3333333333333333,0.42857142857142855,0.03428571428571425,0.7307729180812674,12.062360200160917,MnO2-NiCo2O4,2.3,35.39,0.63,835.0,0.006,362.4
2.8099999999999996,2.7757142857142854,3.8576446775306654,3.126871759449398,0.3333333333333333,0.42857142857142855,0.03428571428571425,0.7307729180812674,12.062360200160917,MnO2-NiCo2O4,15.01,16.08,2.31,835.0,0.02,362.4
2.8099999999999996,2.7757142857142854,3.8576446775306654,3.126871759449398,0.3333333333333333,0.42857142857142855,0.03428571428571425,0.7307729180812674,12.062360200160917,MnO2-NiCo2O4,14.16,15.64,2.58,835.0,0.33,362.4
2.8099999999999996,2.7757142857142854,3.8576446775306654,3.126871759449398,0.3333333333333333,0.42857142857142855,0.03428571428571425,0.7307729180812674,12.062360200160917,MnO2-NiCo2O4,12.71,15.6,5.59,835.0,0.1,362.4
2.75,2.7960000000000003,3.7158067079548327,3.656648069074256,0.42857142857142855,0.4,0.04600000000000026,0.059158638880576486,13.587397423696208,Fe3O4-Fe2O3,42.394,439.986,17.5,858.0,4.985,10.0
2.75,2.7960000000000003,3.7158067079548327,3.656648069074256,0.42857142857142855,0.4,0.04600000000000026,0.059158638880576486,13.587397423696208,Fe3O4-Fe2O3,151.6,456.0,16.68,858.0,5.168,10.0
2.75,2.7960000000000003,3.7158067079548327,3.656648069074256,0.42857142857142855,0.4,0.04600000000000026,0.059158638880576486,13.587397423696208,Fe3O4-Fe2O3,119.998,359.99,18.0,858.0,7.494,10.0
2.75,2.7960000000000003,3.7158067079548327,3.656648069074256,0.42857142857142855,0.4,0.04600000000000026,0.059158638880576486,13.587397423696208,Fe3O4-Fe2O3,279.449,367.175,0.0015,858.0,0.00045,10.0
2.75,2.7960000000000003,3.7158067079548327,3.656648069074256,0.42857142857142855,0.4,0.04600000000000026,0.059158638880576486,13.587397423696208,Fe3O4-Fe2O3,142.541,345.785,0.0013,858.0,70.1688,10.0
1.88,3.17,3.872983346207417,3.12672713274579,1.0,0.3333333333333333,1.29,0.7462562134616268,12.109762113259313,Co-MnF2,3.0,46.0,46.124,1400.0,5.6758,300.0
1.88,3.17,3.872983346207417,3.12672713274579,1.0,0.3333333333333333,1.29,0.7462562134616268,12.109762113259313,Co-MnF2,39.1,175.5,11.6987,1400.0,3.9571,14.0
1.8866666666666665,2.495,3.857644677530666,4.372253453922903,0.3333333333333333,0.5,0.6083333333333336,0.5146087763922376,16.866600265340757,GeMnTe-MnO,543.94,4222.5,48.4,200.0,41.47,5.0
1.8866666666666665,2.495,3.857644677530666,4.372253453922903,0.3333333333333333,0.5,0.6083333333333336,0.5146087763922376,16.866600265340757,GeMnTe-MnO,284.39,2564.65,55.0,200.0,34.3,10.0
1.8866666666666665,2.495,3.857644677530666,4.372253453922903,0.3333333333333333,0.5,0.6083333333333336,0.5146087763922376,16.866600265340757,GeMnTe-MnO,25.25,855.25,56.0,200.0,21.0,20.0
1.88,1.91,3.872983346207417,2.8284271247461903,1.0,1.0,0.030000000000000027,1.0445562214612267,10.954451150103324,Co-Ni,35.0,500.0,19.9104,1140.0,11.2458,2.0
1.88,1.91,3.872983346207417,2.8284271247461903,1.0,1.0,0.030000000000000027,1.0445562214612267,10.954451150103324,Co-Ni,144.0,1100.0,24.2,1140.0,13.54,2.0
1.88,1.91,3.872983346207417,2.8284271247461903,1.0,1.0,0.030000000000000027,1.0445562214612267,10.954451150103324,Co-Ni,585.0,1100.0,24.2,1140.0,13.54,2.0
2.7960000000000003,2.75,3.656648069074256,3.7158067079548327,0.4,0.42857142857142855,0.04600000000000026,0.059158638880576486,13.587397423696208,Fe2O3-Fe3O4,105.0,479.0,86.0,820.0,39.3,50.0
2.7960000000000003,2.75,3.656648069074256,3.7158067079548327,0.4,0.42857142857142855,0.04600000000000026,0.059158638880576486,13.587397423696208,Fe2O3-Fe3O4,50.0,210.0,55.0,770.0,38.99,50.0
1.88,2.66,3.872983346207417,3.350705235476804,1.0,0.5,0.7800000000000002,0.5222781107306131,12.977225575051664,Co-CoO,10.282,1401.15,51.6237,1065.2,19.0796,5.0
1.88,2.66,3.872983346207417,3.350705235476804,1.0,0.5,0.7800000000000002,0.5222781107306131,12.977225575051664,Co-CoO,9.4,1058.6,43.1566,816.4,7.553233,5.0
1.88,2.66,3.872983346207417,3.350705235476804,1.0,0.5,0.7800000000000002,0.5222781107306131,12.977225575051664,Co-CoO,161.6,645.68,51.6237,1065.2,19.0796,5.0
1.88,2.66,3.872983346207417,3.350705235476804,1.0,0.5,0.7800000000000002,0.5222781107306131,12.977225575051664,Co-CoO,80.8,423.4,51.6237,1065.2,19.0796,5.0
1.88,2.728,3.872983346207417,4.468337566957918,1.0,0.4,0.8480000000000003,0.5953542207505009,17.305796982060986,Co-Cr2O3,393.601,824.485,12.0,1388.0,3.3735,10.0
1.88,2.728,3.872983346207417,4.468337566957918,1.0,0.4,0.8480000000000003,0.5953542207505009,17.305796982060986,Co-Cr2O3,106.34,734.0,25.0,1388.0,11.185,10.0
1.88,2.728,3.872983346207417,4.468337566957918,1.0,0.4,0.8480000000000003,0.5953542207505009,17.305796982060986,Co-Cr2O3,44.72,305.85,70.0,1388.0,14.728,10.0
1.88,2.728,3.872983346207417,4.468337566957918,1.0,0.4,0.8480000000000003,0.5953542207505009,17.305796982060986,Co-Cr2O3,287.26,553.217,12.0,1388.0,1.92,10.0
1.88,2.728,3.872983346207417,4.468337566957918,1.0,0.4,0.8480000000000003,0.5953542207505009,17.305796982060986,Co-Cr2O3,71.72,635.65,25.0,1388.0,9.122,10.0
1.88,2.728,3.872983346207417,4.468337566957918,1.0,0.4,0.8480000000000003,0.5953542207505009,17.305796982060986,Co-Cr2O3,15.892,239.36,70.0,1388.0,10.86,10.0
2.757142857142857,,3.5692358309035557,0.0,0.42857142857142855,0.0,,3.5692358309035557,0.0,CoFe2O4,755.0,11435.0,55.5,789.0,50.5,77.0
1.88,2.728,3.872983346207417,4.468337566957918,1.0,0.4,0.8480000000000003,0.5953542207505009,17.305796982060986,Co-Cr2O3,110.0,249.0,112.25,1388.0,32.5,50.0
1.88,2.728,3.872983346207417,4.468337566957918,1.0,0.4,0.8480000000000003,0.5953542207505009,17.305796982060986,Co-Cr2O3,85.0,355.0,40.5,1388.0,18.4,50.0
1.88,2.728,3.872983346207417,4.468337566957918,1.0,0.4,0.8480000000000003,0.5953542207505009,17.305796982060986,Co-Cr2O3,427.0,1037.0,93.4,1390.0,43.74,50.0
1.88,2.728,3.872983346207417,4.468337566957918,1.0,0.4,0.8480000000000003,0.5953542207505009,17.305796982060986,Co-Cr2O3,150.0,315.0,24.76,1388.0,11.212,50.0
1.88,2.728,3.872983346207417,4.468337566957918,1.0,0.4,0.8480000000000003,0.5953542207505009,17.305796982060986,Co-Cr2O3,194.0,349.0,67.385,1388.0,35.475,50.0
2.67,,2.2802389661575337,0.0,0.5,0.0,,2.2802389661575337,0.0,CuO,850.0,838.947,8.74e-05,498.0,2.67e-05,10.0
2.75,2.7960000000000003,3.7158067079548327,3.656648069074256,0.42857142857142855,0.4,0.04600000000000026,0.059158638880576486,13.587397423696208,Fe3O4-Fe2O3,320.09,1396.42,66.3,858.0,23.7,5.0
2.75,2.7960000000000003,3.7158067079548327,3.656648069074256,0.42857142857142855,0.4,0.04600000000000026,0.059158638880576486,13.587397423696208,Fe3O4-Fe2O3,494.33,1657.3,66.3,858.0,22.0,5.0
2.66,2.54,3.350705235476804,1.7320508075688772,0.5,0.0,0.1200000000000001,1.6186544279079267,5.803591709032863,CoO-Au,98.0,3388.0,60.5,1025.4,26.0,10.0
2.66,2.54,3.350705235476804,1.7320508075688772,0.5,0.0,0.1200000000000001,1.6186544279079267,5.803591709032863,CoO-Au,65.5,2565.5,61.7,865.2,34.0,75.0
2.728,1.88,4.468337566957918,3.872983346207417,0.4,1.0,0.8480000000000003,0.5953542207505009,17.305796982060986,Cr2O3-Co,51.65,280.65,113.0,820.0,23.1,85.0
2.728,1.88,4.468337566957918,3.872983346207417,0.4,1.0,0.8480000000000003,0.5953542207505009,17.305796982060986,Cr2O3-Co,58.865,269.355,46.6082,820.0,22.9,100.0
2.728,1.88,4.468337566957918,3.872983346207417,0.4,1.0,0.8480000000000003,0.5953542207505009,17.305796982060986,Cr2O3-Co,58.097,262.097,46.6082,820.0,23.44,120.0
2.728,1.88,4.468337566957918,3.872983346207417,0.4,1.0,0.8480000000000003,0.5953542207505009,17.305796982060986,Cr2O3-Co,49.197,255.65,46.6082,830.0,22.49,160.0
2.728,1.88,4.468337566957918,3.872983346207417,0.4,1.0,0.8480000000000003,0.5953542207505009,17.305796982060986,Cr2O3-Co,46.4,252.4,46.6082,830.0,22.665,180.0
2.728,1.88,4.468337566957918,3.872983346207417,0.4,1.0,0.8480000000000003,0.5953542207505009,17.305796982060986,Cr2O3-Co,42.7365,245.1625,46.0694,830.0,21.8,200.0
2.728,1.88,4.468337566957918,3.872983346207417,0.4,1.0,0.8480000000000003,0.5953542207505009,17.305796982060986,Cr2O3-Co,33.467,229.436,45.848,830.0,21.37,250.0
2.728,1.88,4.468337566957918,3.872983346207417,0.4,1.0,0.8480000000000003,0.5953542207505009,17.305796982060986,Cr2O3-Co,10.853,216.5,45.2214,830.0,20.85,300.0
2.728,1.88,4.468337566957918,3.872983346207417,0.4,1.0,0.8480000000000003,0.5953542207505009,17.305796982060986,Cr2O3-Co,0.4,213.3,45.2214,830.0,21.3735,320.0
2.495,2.63,4.372253453922903,4.151706835469087,0.5,0.42857142857142855,0.1349999999999998,0.22054661845381673,18.152314551055042,MnO-Mn3O4,1073.211,4094.074,8.6,43.0,1.65,10.0
2.495,2.63,4.372253453922903,4.151706835469087,0.5,0.42857142857142855,0.1349999999999998,0.22054661845381673,18.152314551055042,MnO-Mn3O4,1014.42,7101.82,15.13,43.0,6.1,10.0
2.495,2.63,4.372253453922903,4.151706835469087,0.5,0.42857142857142855,0.1349999999999998,0.22054661845381673,18.152314551055042,MnO-Mn3O4,108.7,3007.25,9.999,43.0,3.0,10.0
2.495,2.63,4.372253453922903,4.151706835469087,0.5,0.42857142857142855,0.1349999999999998,0.22054661845381673,18.152314551055042,MnO-Mn3O4,1594.06,6739.5,7.5,43.0,2.5,10.0
2.495,2.63,4.372253453922903,4.151706835469087,0.5,0.42857142857142855,0.1349999999999998,0.22054661845381673,18.152314551055042,MnO-Mn3O4,1521.74,5434.783,5.723,43.0,1.633,10.0
1.085,2.9675000000000002,3.4641016151377544,3.6003402893345466,0.5,0.25,1.8825000000000003,0.13623867419679225,12.471944611329333,Sm0.5Ca0.5MnO3,707.745,1668.845,20.26,766.6,2.389,4.0
1.085,2.9675000000000002,3.4641016151377544,3.6003402893345466,0.5,0.25,1.8825000000000003,0.13623867419679225,12.471944611329333,Sm0.5Ca0.5MnO3,759.29,1538.93,18.882,555.0,1.665,4.0
1.085,2.9675000000000002,3.4641016151377544,3.6003402893345466,0.5,0.25,1.8825000000000003,0.13623867419679225,12.471944611329333,Sm0.5Ca0.5MnO3,870.117,1272.717,14.08,317.0,0.7225,4.0
1.085,2.9675000000000002,3.4641016151377544,3.6003402893345466,0.5,0.25,1.8825000000000003,0.13623867419679225,12.471944611329333,Sm0.5Ca0.5MnO3,780.0,1520.0,19.0,555.0,2.4,4.0
2.574,,2.8802722314676372,0.0,0.2,0.0,,2.8802722314676372,0.0,CaMnO3,1171.432,7381.608,0.415,678.2,5.2547,150.0
2.574,,2.8802722314676372,0.0,0.2,0.0,,2.8802722314676372,0.0,CaMnO3,1.0,708.85,0.785,1119.4,0.2205,120.0
2.574,,2.8802722314676372,0.0,0.2,0.0,,2.8802722314676372,0.0,CaMnO3,660.75,6371.85,1.135,1119.4,0.633,90.0
2.574,,2.8802722314676372,0.0,0.2,0.0,,2.8802722314676372,0.0,CaMnO3,896.265,6462.265,1.15,1119.4,0.645,90.0
2.574,,2.8802722314676372,0.0,0.2,0.0,,2.8802722314676372,0.0,CaMnO3,1479.902,7358.49,0.5,1119.4,0.23,10.0
2.574,,2.8802722314676372,0.0,0.2,0.0,,2.8802722314676372,0.0,CaMnO3,484.5,15645.5,3.755,446.4,0.786,5.0
2.574,,2.8802722314676372,0.0,0.2,0.0,,2.8802722314676372,0.0,CaMnO3,162.43,11452.75,3.8165,361.8,0.98,50.0
2.574,,2.8802722314676372,0.0,0.2,0.0,,2.8802722314676372,0.0,CaMnO3,213.995,5698.925,3.337,666.8,0.735,100.0
2.588,,3.3701701800242727,0.0,0.30000000000000004,0.0,,3.3701701800242727,0.0,Nd0.5Ca0.5MnO3,820.0,500.0,8.0,260.0,0.7,10.0
1.88,2.66,3.872983346207417,3.350705235476804,1.0,0.5,0.7800000000000002,0.5222781107306131,12.977225575051664,Co-CoO,318.0,900.0,15.6206,1388.0,0.006776,200.0
2.35,1.88,5.400593288241463,3.872983346207417,0.5,1.0,0.4700000000000002,1.5276099420340463,20.91640786499874,CrN-Co,710.65,710.65,5.1,45.0,1.35,5.0
1.83,2.728,4.898979485566356,4.468337566957918,1.0,0.4,0.8980000000000001,0.4306419186084378,21.890294075112323,Fe-Cr2O3,9.0,185.0,43.543,1006.4,24.256,10.0
1.83,2.8099999999999996,4.898979485566356,3.8576446775306654,1.0,0.3333333333333333,0.9799999999999995,1.0413348080356903,18.89852213782697,Fe-MnO2,360.0,820.0,95.0,1043.0,41.1,4.2
1.83,2.8099999999999996,4.898979485566356,3.8576446775306654,1.0,0.3333333333333333,0.9799999999999995,1.0413348080356903,18.89852213782697,Fe-MnO2,470.0,770.0,14.2,1043.0,5.2,4.2
1.83,2.8099999999999996,4.898979485566356,3.8576446775306654,1.0,0.3333333333333333,0.9799999999999995,1.0413348080356903,18.89852213782697,Fe-MnO2,960.0,1960.0,6.6,1043.0,1.3,4.2
2.675,2.76,2.8284271247461903,3.2633883253837643,0.5,0.42857142857142855,0.08499999999999996,0.43496120063757404,9.230256058095485,NiO-CuFe2O4,110.0,400.0,1.8,723.0,0.9,10.0
2.675,2.761428571428571,2.8284271247461903,3.420013513551952,0.5,0.42857142857142855,0.0864285714285713,0.5915863888057618,9.673258988728863,NiO-NiFe2O4,493.641,2273.275,6.0,850.0,2.7,10.0
2.675,2.761428571428571,2.8284271247461903,3.420013513551952,0.5,0.42857142857142855,0.0864285714285713,0.5915863888057618,9.673258988728863,NiO-NiFe2O4,1595.4,3351.0,6.1,850.0,3.25,10.0
2.4099999999999997,1.895,3.1766125318999325,3.350705235476804,0.6666666666666666,1.0,0.5149999999999997,0.17409270357687134,10.64389224171833,NiCoO-NiCo,15.0,228.5,80.1937,878.8,21.124,77.0
2.4099999999999997,1.895,3.1766125318999325,3.350705235476804,0.6666666666666666,1.0,0.5149999999999997,0.17409270357687134,10.64389224171833,NiCoO-NiCo,93.2,258.8,80.1937,878.8,21.124,77.0
2.4099999999999997,1.895,3.1766125318999325,3.350705235476804,0.6666666666666666,1.0,0.5149999999999997,0.17409270357687134,10.64389224171833,NiCoO-NiCo,4.5,369.5,80.1937,878.8,21.124,77.0
2.4099999999999997,1.895,3.1766125318999325,3.350705235476804,0.6666666666666666,1.0,0.5149999999999997,0.17409270357687134,10.64389224171833,NiCoO-NiCo,32.7,346.0,80.1937,878.8,21.124,77.0
2.4099999999999997,1.895,3.1766125318999325,3.350705235476804,0.6666666666666666,1.0,0.5149999999999997,0.17409270357687134,10.64389224171833,NiCoO-NiCo,11.2,257.5,80.1937,878.8,21.124,77.0
2.4099999999999997,1.895,3.1766125318999325,3.350705235476804,0.6666666666666666,1.0,0.5149999999999997,0.17409270357687134,10.64389224171833,NiCoO-NiCo,11.5,133.0,79.2226,908.6,12.26068,77.0
2.4099999999999997,1.895,3.1766125318999325,3.350705235476804,0.6666666666666666,1.0,0.5149999999999997,0.17409270357687134,10.64389224171833,NiCoO-NiCo,146.5,140.0,140.4242,1000.8,28.159,77.0
2.4099999999999997,1.895,3.1766125318999325,3.350705235476804,0.6666666666666666,1.0,0.5149999999999997,0.17409270357687134,10.64389224171833,NiCoO-NiCo,244.5,258.0,140.4242,1000.8,28.159,77.0
2.4099999999999997,1.895,3.1766125318999325,3.350705235476804,0.6666666666666666,1.0,0.5149999999999997,0.17409270357687134,10.64389224171833,NiCoO-NiCo,99.0,217.0,144.4242,1212.8,26.7886,77.0
1.83,2.635,4.898979485566356,3.863703305156273,1.0,0.5,0.8049999999999997,1.035276180410083,18.928203230275507,Fe-FeO,335.2,180.0,49.894,1043.0,33.1452,5.0
1.83,2.635,4.898979485566356,3.863703305156273,1.0,0.5,0.8049999999999997,1.035276180410083,18.928203230275507,Fe-FeO,397.0,1391.0,62.5044,1043.0,19.28,5.0
1.83,2.635,4.898979485566356,3.863703305156273,1.0,0.5,0.8049999999999997,1.035276180410083,18.928203230275507,Fe-FeO,504.0,1391.0,65.705,1043.0,29.8,5.0
1.83,2.635,4.898979485566356,3.863703305156273,1.0,0.5,0.8049999999999997,1.035276180410083,18.928203230275507,Fe-FeO,304.0,2654.12,82.3,1043.0,31.8,5.0
1.83,2.635,4.898979485566356,3.863703305156273,1.0,0.5,0.8049999999999997,1.035276180410083,18.928203230275507,Fe-FeO,286.7,1658.13,20.0,1043.0,11.6,5.0
1.83,2.635,4.898979485566356,3.863703305156273,1.0,0.5,0.8049999999999997,1.035276180410083,18.928203230275507,Fe-FeO,1628.74,2371.6,18.0,1043.0,9.125,5.0
2.7960000000000003,2.75,3.656648069074256,3.7158067079548327,0.4,0.42857142857142855,0.04600000000000026,0.059158638880576486,13.587397423696208,Fe2O3-Fe3O4,9.0,792.0,20.0,858.0,9.0,10.0
2.7960000000000003,2.75,3.656648069074256,3.7158067079548327,0.4,0.42857142857142855,0.04600000000000026,0.059158638880576486,13.587397423696208,Fe2O3-Fe3O4,42.21,763.21,57.0,858.0,28.0,10.0
2.7960000000000003,2.75,3.656648069074256,3.7158067079548327,0.4,0.42857142857142855,0.04600000000000026,0.059158638880576486,13.587397423696208,Fe2O3-Fe3O4,56.35,1051.25,16.7,858.0,6.0,10.0
2.7960000000000003,2.75,3.656648069074256,3.7158067079548327,0.4,0.42857142857142855,0.04600000000000026,0.059158638880576486,13.587397423696208,Fe2O3-Fe3O4,86.996,1055.94,16.65,858.0,7.9,10.0
1.915,,4.372253453922903,0.0,0.5,0.0,,4.372253453922903,0.0,PtMn,1200.0,4800.0,57.1424,561.6,35.1328,5.0
1.915,,4.372253453922903,0.0,0.5,0.0,,4.372253453922903,0.0,PtMn,1100.0,1100.0,61.94,592.6,44.724,5.0
1.91,2.675,2.8284271247461903,2.8284271247461903,1.0,0.5,0.7649999999999999,0.0,8.000000000000002,Ni-NiO,600.0,990.0,19.0,631.0,1.8,250.0
1.91,2.675,2.8284271247461903,2.8284271247461903,1.0,0.5,0.7649999999999999,0.0,8.000000000000002,Ni-NiO,92.2,383.4,6.0,631.0,1.3,5.0
2.684,2.63,4.06348818808756,4.151706835469087,0.4,0.42857142857142855,0.05400000000000027,0.08821864738152652,16.870411686331018,Mn2O3-Mn3O4,900.5,10454.3,34.6,316.0,20.28,5.0
2.684,2.63,4.06348818808756,4.151706835469087,0.4,0.42857142857142855,0.05400000000000027,0.08821864738152652,16.870411686331018,Mn2O3-Mn3O4,1136.01,10679.0,33.41,316.0,11.93,5.0
2.7960000000000003,2.75,3.656648069074256,3.7158067079548327,0.4,0.42857142857142855,0.04600000000000026,0.059158638880576486,13.587397423696208,Fe2O3-Fe3O4,191.47,367.94,0.4285,858.0,0.047,4.2
2.7960000000000003,2.75,3.656648069074256,3.7158067079548327,0.4,0.42857142857142855,0.04600000000000026,0.059158638880576486,13.587397423696208,Fe2O3-Fe3O4,716.992,2347.182,11.166,858.0,5.46,5.8
2.7960000000000003,2.75,3.656648069074256,3.7158067079548327,0.4,0.42857142857142855,0.04600000000000026,0.059158638880576486,13.587397423696208,Fe2O3-Fe3O4,397.06,1602.94,39.125,858.0,21.65,8.4
2.7960000000000003,2.75,3.656648069074256,3.7158067079548327,0.4,0.42857142857142855,0.04600000000000026,0.059158638880576486,13.587397423696208,Fe2O3-Fe3O4,384.94,1667.94,52.862,858.0,26.949,8.4
2.7960000000000003,2.75,3.656648069074256,3.7158067079548327,0.4,0.42857142857142855,0.04600000000000026,0.059158638880576486,13.587397423696208,Fe2O3-Fe3O4,409.02,1636.5,50.965,858.0,26.385,10.0
2.7960000000000003,2.75,3.656648069074256,3.7158067079548327,0.4,0.42857142857142855,0.04600000000000026,0.059158638880576486,13.587397423696208,Fe2O3-Fe3O4,318.236,1204.6,59.99,858.0,26.65,10.0
2.7960000000000003,2.75,3.656648069074256,3.7158067079548327,0.4,0.42857142857142855,0.04600000000000026,0.059158638880576486,13.587397423696208,Fe2O3-Fe3O4,124.78,1011.43,69.23,858.0,28.64,10.0
2.7960000000000003,2.75,3.656648069074256,3.7158067079548327,0.4,0.42857142857142855,0.04600000000000026,0.059158638880576486,13.587397423696208,Fe2O3-Fe3O4,170.521,1011.43,74.192,858.0,29.32,10.0
2.7714285714285714,,3.2760940768010016,0.0,0.42857142857142855,0.0,,3.2760940768010016,0.0,Co3O4,390.0,104.6,44.64002,630.6,0.015,5.0
1.88,1.91,3.872983346207417,2.8284271247461903,1.0,1.0,0.030000000000000027,1.0445562214612267,10.954451150103324,Co80Ni20,836.0,856.0,44.772,1100.0,17.4,5.0
2.7960000000000003,2.675,3.656648069074256,2.8284271247461903,0.4,0.5,0.12100000000000044,0.8282209443280659,10.342562584220406,Fe2O3-NiO,901.688,598.336,4.9,1294.2,0.77,5.0
2.7960000000000003,2.675,3.656648069074256,2.8284271247461903,0.4,0.5,0.12100000000000044,0.8282209443280659,10.342562584220406,Fe2O3-NiO,83.939,522.439,11.25,685.4,1.006,5.0
2.7960000000000003,2.675,3.656648069074256,2.8284271247461903,0.4,0.5,0.12100000000000044,0.8282209443280659,10.342562584220406,Fe2O3-NiO,16.978,438.3,11.518,685.4,3.114,5.0
2.7960000000000003,2.675,3.656648069074256,2.8284271247461903,0.4,0.5,0.12100000000000044,0.8282209443280659,10.342562584220406,Fe2O3-NiO,335.7435,438.2555,1.528,812.4,0.329,5.0
2.75,2.7960000000000003,3.7158067079548327,3.656648069074256,0.42857142857142855,0.4,0.04600000000000026,0.059158638880576486,13.587397423696208,Fe3O4-Fe2O3,37.404,280.715,61.1,782.0,15.315,10.0
2.75,2.7960000000000003,3.7158067079548327,3.656648069074256,0.42857142857142855,0.4,0.04600000000000026,0.059158638880576486,13.587397423696208,Fe3O4-Fe2O3,50.565,383.065,30.4,782.0,11.85,10.0
2.75,2.7960000000000003,3.7158067079548327,3.656648069074256,0.42857142857142855,0.4,0.04600000000000026,0.059158638880576486,13.587397423696208,Fe3O4-Fe2O3,38.7,520.35,52.92,782.0,16.84,10.0
2.75,2.7960000000000003,3.7158067079548327,3.656648069074256,0.42857142857142855,0.4,0.04600000000000026,0.059158638880576486,13.587397423696208,Fe3O4-Fe2O3,40.46,440.44,12.84,782.0,3.15,10.0
1.91,2.675,2.8284271247461903,2.8284271247461903,1.0,0.5,0.7649999999999999,0.0,8.000000000000002,Ni-NiO,130.0,634.0,26.6,627.0,21.5,8.0
1.91,2.675,2.8284271247461903,2.8284271247461903,1.0,0.5,0.7649999999999999,0.0,8.000000000000002,Ni-NiO,137.0,641.0,26.4,627.0,21.5,8.0
1.91,2.675,2.8284271247461903,2.8284271247461903,1.0,0.5,0.7649999999999999,0.0,8.000000000000002,Ni-NiO,38.0,379.0,15.2,627.0,8.9,8.0
1.91,2.675,2.8284271247461903,2.8284271247461903,1.0,0.5,0.7649999999999999,0.0,8.000000000000002,Ni-NiO,73.0,547.0,14.7,627.0,10.7,8.0
1.91,2.675,2.8284271247461903,2.8284271247461903,1.0,0.5,0.7649999999999999,0.0,8.000000000000002,Ni-NiO,81.0,534.0,16.0,627.0,13.0,8.0
1.91,2.675,2.8284271247461903,2.8284271247461903,1.0,0.5,0.7649999999999999,0.0,8.000000000000002,Ni-NiO,109.0,756.0,16.5,627.0,12.8,8.0
2.52875,2.75,3.4678372204065884,3.7158067079548327,0.375,0.42857142857142855,0.22124999999999995,0.24796948754824433,12.885812805682242,LiFe3O4-Fe3O4,228.73,395.64,45.5,45.0,13.25,10.0
2.2190000000000003,2.75,3.1206799378390464,3.7158067079548327,0.3,0.42857142857142855,0.5309999999999997,0.5951267701157863,11.5958434464024,Li1.5Fe3O4-Fe3O4,67.39,223.91,66.5,45.0,20.0,10.0
2.635,2.3066666666666666,3.863703305156273,2.575802203437515,0.5,0.6666666666666666,0.32833333333333314,1.2879011017187576,9.952135486850338,FeO-Fe-ZnO,243.1,490.5,2.2,1043.0,0.045,5.0
2.635,2.3066666666666666,3.863703305156273,2.575802203437515,0.5,0.6666666666666666,0.32833333333333314,1.2879011017187576,9.952135486850338,FeO-Fe-ZnO,143.7,598.9,2.9,1043.0,0.192,5.0
2.635,2.3066666666666666,3.863703305156273,2.575802203437515,0.5,0.6666666666666666,0.32833333333333314,1.2879011017187576,9.952135486850338,FeO-Fe-ZnO,13.7,268.4,3.0,1043.0,0.058,5.0
2.635,2.3066666666666666,3.863703305156273,2.575802203437515,0.5,0.6666666666666666,0.32833333333333314,1.2879011017187576,9.952135486850338,FeO-Fe-ZnO,226.5,393.5,28.5,1043.0,2.199,5.0
2.675,2.7960000000000003,2.8284271247461903,3.656648069074256,0.5,0.4,0.12100000000000044,0.8282209443280659,10.342562584220406,NiO-NiFe2O4-Fe2O3,265.1,1065.1,1.83,850.0,0.3,10.0
2.675,2.7960000000000003,2.8284271247461903,3.656648069074256,0.5,0.4,0.12100000000000044,0.8282209443280659,10.342562584220406,NiO-NiFe2O4-Fe2O3,110.0,900.0,1.75,850.0,0.342,50.0
2.675,2.7960000000000003,2.8284271247461903,3.656648069074256,0.5,0.4,0.12100000000000044,0.8282209443280659,10.342562584220406,NiO-NiFe2O4-Fe2O3,9.77,1126.35,1.643,850.0,0.396,10.0
2.675,2.7960000000000003,2.8284271247461903,3.656648069074256,0.5,0.4,0.12100000000000044,0.8282209443280659,10.342562584220406,NiO-NiFe2O4-Fe2O3,20.19,1052.63,1.655,850.0,0.382,50.0
1.924,1.965,4.468337566957918,3.863703305156273,0.4,0.5,0.04100000000000015,0.6046342618016451,17.264330626009247,Cr2Te3-FeTe,37.05,2571.81,7.24,260.0,3.388,1.8
1.924,1.9064516129032258,4.468337566957918,4.312694050065305,0.4,0.7168458781362007,0.017548387096774087,0.1556435168926127,19.270572838702694,Cr2Te3-FeTe0.395,162.24,2453.95,3.55,183.0,0.955,1.8
1.924,1.8843450479233228,4.468337566957918,4.48222294009776,0.4,0.7987220447284346,0.03965495207667713,0.013885373139841839,20.02808514671939,Cr2Te3-FeTe0.252,523.45,1326.68,9.15,170.0,4.21,1.8
1.924,1.9729411764705884,4.468337566957918,3.802804706308621,0.4,0.47058823529411764,0.04894117647058849,0.665532860649297,16.992215129003185,Cr2Te3-FeTe1.125,216.14,857.88,20.07,167.0,8.0,1.8
1.924,2.01,4.468337566957918,3.518611245019579,0.4,0.3333333333333333,0.08599999999999985,0.9497263219383392,15.722342809641555,Cr2Te3-FeTe2,297.69,877.19,7.96,67.0,2.5,1.8
2.6500000000000004,,3.0232623334747606,0.0,0.2,0.0,,3.0232623334747606,0.0,LaFeO3,25.0,50.0,0.216,793.2,0.01,150.0
2.656,,3.4514488412024686,0.0,0.4,0.0,,3.4514488412024686,0.0,PrFeO3,11.0,100.0,0.677,610.4,0.0035,150.0
2.6580000000000004,,3.656648069074256,0.0,0.4,0.0,,3.656648069074256,0.0,NdFeO3,13.63,245.45,1.335,590.4,0.178,150.0
2.664,,4.0624928180160875,0.0,0.4,0.0,,4.0624928180160875,0.0,SmFeO3,69.6,170.4,0.2865,716.4,0.0045,150.0
2.761428571428571,2.834,3.420013513551952,3.4514488412024686,0.42857142857142855,0.2,0.07257142857142895,0.0314353276505166,11.804001678245669,NiFe2O4-BiFeO3,36.9,158.59,17.22,1103.0,1.3265,300.0
2.834,,3.4514488412024686,0.0,0.2,0.0,,3.4514488412024686,0.0,BiFeO3-SG,1180.0,1923.0,12.2018,1103.0,2.1873,2.0
2.834,,3.4514488412024686,0.0,0.2,0.0,,3.4514488412024686,0.0,BiFeO3-SG,126.0,450.0,12.2018,1103.0,0.119,2.0
2.7757142857142854,2.675,3.126871759449398,2.8284271247461903,0.42857142857142855,0.5,0.10071428571428553,0.2984446347032077,8.844128900029522,NiCo2O4-NiO,432.315,619.815,0.845,720.0,0.107,10.0
2.7757142857142854,2.675,3.126871759449398,2.8284271247461903,0.42857142857142855,0.5,0.10071428571428553,0.2984446347032077,8.844128900029522,NiCo2O4-NiO,289.735,289.735,0.783,720.0,0.65,30.0
2.7757142857142854,2.675,3.126871759449398,2.8284271247461903,0.42857142857142855,0.5,0.10071428571428553,0.2984446347032077,8.844128900029522,NiCo2O4-NiO,358.22,358.22,0.67,597.0,0.639,200.0
